mean_r,mean_g,mean_b,std_r,std_g,std_b,lab_L,lab_a,lab_b,sharpness,entropy,edge_density
76.595703125,85.095703125,71.171875,34.8277937273,36.8572338173,32.7076561601,34.6482039176,-5.74620695267,6.89050682686,0.0714598149061,4.79573749403,0.7314453125
93.4599609375,102.491210938,88.3388671875,39.2364422046,43.2256063896,31.7659195616,41.6740287527,-5.95742525185,6.48862302724,0.052852243185,4.86224968494,0.5615234375
88.708984375,82.4033203125,69.970703125,33.7514941415,33.4955458313,28.2872942625,34.8088243891,0.356472043426,8.10196402557,0.0240933410823,4.63471918537,0.5224609375
118.169921875,110.178710938,91.7568359375,42.6939100421,40.6739644332,40.5281592421,46.2625791598,0.321291186812,11.4675841749,0.0302633568645,4.9477737143,0.7197265625
134.663085938,135.012695312,133.829101562,45.4881376691,59.1619767018,76.7339858393,55.5745269378,0.934905162621,1.7911429924,0.0395873226225,4.94276676447,0.580078125
142.942382812,140.642578125,155.854492188,26.9495260385,36.7788362578,64.1913743303,59.1951400801,5.77405452031,-6.60409018798,0.0282916538417,4.63276604667,0.4716796875
79.947265625,76.0869140625,61.29296875,53.7698287584,48.5012611048,49.3400203366,31.4598650197,-0.964700628441,9.14290092794,0.0320155471563,4.96460164935,0.669921875
74.64453125,64.21484375,46.0205078125,56.5014052765,49.4052788327,43.0143572658,27.0646057151,1.45375260557,12.3363431436,0.0342022776604,4.87231920155,0.623046875
142.005859375,116.670898438,81.2001953125,53.302625522,49.9788050075,43.7456243343,50.0053550314,5.18947148371,23.1895035393,0.0473340526223,5.03948339979,0.63671875
111.564453125,94.025390625,82.134765625,51.9267978039,45.6769966963,46.890720305,40.6315089489,5.08343204848,9.62068699027,0.0192007739097,4.62623384407,0.4326171875
113.581054688,94.22265625,52.33203125,41.1470219398,45.0467339182,34.503978334,40.9584240713,3.03043114866,26.3391087871,0.0618837028742,4.88018596016,0.7626953125
128.861328125,135.280273438,126.365234375,40.7246651089,50.0046146457,66.6670789547,55.1371438486,-3.25576973568,4.68209591236,0.0154064409435,4.6086267585,0.47265625
130.25,157.572265625,188.056640625,34.0912722519,44.7372172336,62.4342522526,63.47570772,-1.84033598808,-18.2781207727,0.0464954636991,4.71214874538,0.646484375
69.0390625,69.4228515625,68.9775390625,69.4484579949,71.4350113389,72.3008477229,28.1108600727,-0.101653258013,0.269735769743,0.0342765152454,4.75430055447,0.521484375
139.272460938,135.719726562,130.548828125,83.0845118936,82.6376489084,82.5647683651,54.825145076,0.408621927426,3.30427327389,0.0591314285994,5.21447265913,0.638671875
112.33984375,120.61328125,34.873046875,23.3785453189,26.4879258198,25.8185052052,48.5326362943,-13.9167510812,41.5477876955,0.0135390041396,4.118774351,0.4052734375
85.140625,84.7294921875,81.353515625,42.0694616035,41.3379751888,42.4450014926,35.3308604984,-0.517203550981,2.08972417465,0.0230871718377,4.88170610802,0.609375
124.373046875,125.5703125,125.075195312,50.416928659,49.5963485604,47.8864135583,51.9284081078,-0.308617463986,0.0476212154991,0.0451835356653,5.00276172309,0.6728515625
119.920898438,108.137695312,80.453125,52.9402171747,41.1874950797,37.2712521957,45.5864802069,-0.107762702429,17.2202483228,0.0350408181548,4.83927167522,0.560546875
127.750976562,118.970703125,86.150390625,55.5070510286,51.4660378108,39.0437810129,49.1318302552,-1.92459566328,18.9165288652,0.0345498248935,4.77680904094,0.5546875
114.297851562,102.55078125,90.439453125,55.6346739768,53.7680870674,51.7709823678,43.2088404807,2.74064901986,8.51034448521,0.0424695014954,5.01824317118,0.5888671875
107.583007812,106.895507812,104.602539062,50.1842400904,52.5613278271,55.7398326053,44.261924993,-0.0955115152409,1.57185761819,0.0133231794462,4.8626065322,0.4091796875
110.271484375,117.9921875,91.296875,34.532996666,37.3994999327,30.8735410523,47.9274949279,-7.62042244155,13.5206873878,0.0251568481326,4.75647911754,0.6298828125
134.79296875,133.788085938,107.709960938,60.5217718878,58.8790721012,62.0242270772,55.1969463616,-2.77502941203,15.6613369254,0.0340245813131,5.21844442248,0.6845703125
127.250976562,122.149414062,93.125,47.5353127273,45.7889620173,37.9865056221,50.3768454556,-2.86429699426,16.3973587854,0.0202976390719,4.93720620891,0.6201171875
169.876953125,150.643554688,131.231445312,48.0554336492,53.3512543918,56.9004076787,63.1940324518,4.47036940525,13.5343601274,0.0704232677817,5.15629619171,0.744140625
171.083984375,161.935546875,148.841796875,56.7305925769,64.6285037893,68.4011059845,66.2174484114,1.55945498526,8.46170326911,0.0722085386515,5.15487761703,0.8740234375
91.16796875,96.8544921875,98.57421875,45.6793245654,73.4677684918,67.1435638275,41.1778030476,1.10304511232,1.46585896209,0.034879989922,5.17516638226,0.728515625
116.171875,124.694335938,79.1875,43.7834219438,40.5400954972,30.7907187213,50.2987323917,-10.5633591072,23.7661848733,0.0413002371788,4.90311939616,0.806640625
121.97265625,121.97265625,121.97265625,57.3886424615,57.3886424615,57.3886424615,50.1882183298,0.00437465167361,0.00200117168557,0.0375800207257,5.23499507357,0.744140625
112.005859375,117.219726562,102.47265625,70.130709193,69.3634672391,76.2058865374,47.0178817252,-4.79056167051,7.96901259724,0.0594666749239,5.14176599518,0.7333984375
143.530273438,101.108398438,78.447265625,59.7843215161,41.7567706871,29.7338314839,46.0801700573,14.0337704883,19.3204437697,0.0159190222621,4.8738883595,0.392578125
136.405273438,157.685546875,125.986328125,39.4385500495,34.1627073335,39.5702723481,62.407310719,-13.4975762623,14.2326193529,0.018551107496,4.84300840239,0.5048828125
163.990234375,154.729492188,115.361328125,59.4428551605,57.9008115138,42.5786302561,62.989161062,-2.65525411108,21.5689497359,0.0365809090436,5.1225464779,0.67578125
169.80078125,178.043945312,183.680664062,64.3956229055,71.0673166688,79.601403104,70.9718452313,-1.29095170095,-3.34267222284,0.0422936454415,4.7934818703,0.4228515625
125.102539062,115.147460938,103.897460938,59.430420134,54.9139306434,50.5738962107,48.2026523969,1.96714063782,7.56162064674,0.0415231212974,5.19914716039,0.71875
109.708984375,93.27734375,68.1845703125,45.6175430266,41.2331314275,35.0963811933,40.0344728376,2.9597426739,16.6688338539,0.0609248578548,4.9533033273,0.8291015625
88.494140625,77.748046875,49.0361328125,58.156375645,50.3396374416,44.4528769005,32.4310384866,0.0539304323292,18.001848908,0.0361337549984,4.93183550908,0.7314453125
69.29296875,45.3701171875,41.9921875,39.711509831,28.2823156841,27.687181458,21.1549353615,10.0687098617,6.2453613533,0.00393984932452,4.64099322372,0.1845703125
126.854492188,123.635742188,92.48046875,20.5592065974,23.8746141133,22.2033748089,51.3152137851,-3.87829380868,17.5629607876,0.0108665693551,4.34151078642,0.44140625
133.962890625,91.39453125,63.36328125,51.4955682051,44.6778246669,36.918206406,42.0905012437,14.2940527582,23.0904279106,0.0182789061219,5.0018801504,0.40234375
154.51953125,152.961914062,144.897460938,70.5993012521,70.5012017479,73.7794183474,62.0661423377,-0.688413489856,4.72881640653,0.0512471012771,5.04350798755,0.716796875
161.095703125,144.595703125,132.731445312,81.7609094229,94.7971550551,97.9769441722,59.2497988552,5.57466496935,9.56874118413,0.0330361425877,4.72995231774,0.51171875
116.41796875,94.80078125,82.5380859375,36.1317185223,36.9441005018,31.117194595,41.8707762784,6.9145873234,10.6863192119,0.0305781792849,4.72657491021,0.6884765625
147.463867188,123.053710938,118.666992188,70.4448106724,73.5971273502,80.7582440907,52.5197234664,9.58495926699,6.7092682389,0.0295226722956,5.38668834229,0.7197265625
105.43359375,97.1953125,91.1943359375,50.1352027917,48.6805288003,47.4673441113,41.2888303295,2.72363451242,4.98797776133,0.0599366091192,5.0933471891,0.83203125
112.989257812,108.4453125,86.2724609375,60.1248772237,52.5305801703,46.0830494295,44.8629374708,-1.71784184456,12.9274217823,0.04870191589,5.17188592371,0.8525390625
128.793945312,127.96875,129.749023438,56.4736830515,53.5790431716,49.3810963308,52.9395678646,0.880470736986,-1.00373718571,0.0386807657778,5.12168183153,0.763671875
153.809570312,143.016601562,127.094726562,54.7662635146,55.8948922729,55.3724587764,59.2500263559,1.56541270079,10.0732885771,0.0268868505955,5.05180339776,0.5673828125
161.212890625,149.986328125,155.043945312,31.7732688762,31.6546891365,40.1105287191,63.0238657742,5.51643048426,-0.886140040234,0.0296173077077,4.61356554021,0.4072265625
144.252929688,132.818359375,137.470703125,50.2473130813,51.6117020445,57.0437325474,55.9140020746,5.45563357349,-0.577889111283,0.0423299446702,5.05735351593,0.5927734375
159.57421875,154.3125,147.029296875,86.2627841487,90.3837953881,97.2538113865,62.1345050403,1.43624600277,5.2351219251,0.0693089962006,4.41700811531,0.5390625
121.759765625,123.8671875,124.455078125,44.9285120352,40.9081232561,43.3101092142,51.3991555559,0.119881626657,-0.469688455433,0.03160116449,4.3822673787,0.416015625
163.122070312,163.122070312,163.122070312,44.928521152,44.928521152,44.928521152,66.5498822602,0.00549329346127,0.00251289205503,0.0214360170066,4.94669959175,0.5595703125
160.239257812,85.330078125,46.8115234375,60.3525157233,55.6526479182,52.9077047203,44.7109946453,27.8593783494,35.9429408291,0.0397297218442,5.02061469439,0.55859375
81.189453125,74.0224609375,72.5400390625,73.1789681065,61.260302732,61.0162020491,30.9899672964,3.85648793767,2.10237247033,0.0669222697616,5.06340004291,0.744140625
99.05078125,94.3544921875,85.6806640625,37.8563196427,39.028989618,39.0479044876,39.9057330545,0.610426995782,5.83008725374,0.0669810473919,4.89379767028,0.82421875
147.71484375,140.056640625,123.573242188,72.0541295983,70.3817902672,63.9322036757,57.3031452576,0.414296430642,9.79367333812,0.0653767436743,5.05018438633,0.6455078125
116.8515625,116.842773438,92.5947265625,35.2205306435,31.4792790002,29.8190966811,48.3399148549,-4.39752399425,13.5544677367,0.0156333632767,4.69598226517,0.482421875
176.905273438,160.362304688,111.443359375,50.5445716392,46.0911395973,49.8203678977,66.0805977497,-0.197253100802,27.1058433451,0.0717206448317,4.80158068608,0.6748046875
128.008789062,127.594726562,108.830078125,47.1131546048,44.8347531428,54.4046473916,52.4488847333,-3.25857952161,10.6522336532,0.0344148240983,4.98597922264,0.6650390625
107.8359375,101.1640625,69.3330078125,50.1075838421,51.9231180966,36.3188387908,41.9420775231,-2.06915905444,18.4013587234,0.0375001057982,4.92983715683,0.783203125
129.252929688,127.725585938,112.0546875,30.9343352423,30.8911883429,29.7692121772,52.9507441061,-2.28906953325,8.74243661278,0.0183087550104,4.72320677878,0.638671875
146.208984375,126.737304688,76.7919921875,66.5486141425,58.0947193888,43.3544022412,52.8393195033,0.593957650985,28.9350174257,0.038453951478,4.98304146898,0.6748046875
160.969726562,125.087890625,96.8740234375,30.6879146727,21.0293714299,12.8832175317,55.1524876609,9.958038283,20.6853793665,0.0141813410446,4.36220500656,0.4228515625
101.724609375,102.481445312,95.4677734375,68.1471891891,68.628327329,69.4512175394,41.6427499063,-1.65437229344,3.93895472536,0.0307614989579,5.20953340645,0.6572265625
120.069335938,104.258789062,99.306640625,29.254207716,39.0549295276,46.7493912356,45.1698368195,6.19607996445,5.85655917281,0.00627344846725,4.70618058246,0.322265625
145.765625,123.645507812,121.600585938,61.7772566837,53.6221619235,50.8014444427,52.9656999841,8.30919845774,4.21326084105,0.0549858473241,5.04523398443,0.650390625
160.68359375,144.543945312,114.76171875,52.2041280057,43.8306402182,39.3290637226,60.2078775704,1.37600006141,17.9924320728,0.0392164252698,4.86066194343,0.5595703125
98.7685546875,91.5751953125,42.982421875,55.9662299428,58.6035925897,53.0073484329,37.4926342096,-3.31410709197,27.2744045212,0.0370573885739,5.05925827246,0.7646484375
157.556640625,148.84765625,140.205078125,50.358894708,60.9554960156,64.2629860842,61.3433305827,2.38529508265,6.24520982281,0.0618686899543,5.02663582953,0.6591796875
125.509765625,128.903320312,105.6640625,61.2774006181,55.9103236071,72.3218206335,52.2915027106,-5.25981746305,12.5526069505,0.0178469009697,5.05516972109,0.4912109375
148.590820312,116.916992188,91.939453125,47.1659051757,44.214873332,36.3139824097,51.6829030372,8.90665669956,19.0742642098,0.0704732239246,4.96520188997,0.8681640625
142.469726562,143.942382812,142.545898438,38.0322522147,37.7421039003,39.6198222511,59.1764545379,-0.801038970169,0.606152412871,0.0212578251958,4.51543804645,0.2890625
123.776367188,136.483398438,102.3203125,44.0765911432,39.1294141601,46.1171755887,54.8053789648,-10.7470661113,16.945960528,0.0340005159378,4.97043925979,0.615234375
120.227539062,132.796875,120.3125,55.9485497414,48.3726355002,48.8507372641,53.6847954625,-6.9000859229,5.5513120978,0.0488527789712,5.16874777202,0.802734375
131.407226562,122.26171875,114.0078125,44.0911607421,43.2881409155,46.846865906,51.3489654668,2.03239813334,5.96298321701,0.0156873371452,4.87711411559,0.3251953125
78.14453125,135.635742188,191.342773438,32.3309698388,23.4674627609,25.5536485004,55.0239041325,-1.01889563873,-34.4837425759,0.0124619184062,4.07440791143,0.26953125
141.813476562,120.724609375,114.517578125,83.0321107762,83.9976651685,77.2743418591,50.7811825227,7.34901673299,6.54593711395,0.0359697304666,5.20234265071,0.521484375
84.8134765625,70.0146484375,57.916015625,45.6932855223,33.170351918,22.6809300349,30.5533647526,4.94548397268,9.01593635116,0.0236487817019,4.70419099921,0.634765625
129.466796875,129.466796875,129.466796875,77.5896210081,77.5896210081,77.5896210081,52.5866897504,0.00445021086053,0.00203573621772,0.0331607758999,5.28835767378,0.7080078125
97.3642578125,86.873046875,82.9052734375,54.7782740549,61.4633044113,77.7860133857,36.5834989882,4.64177748053,5.08194266378,0.01702526398,4.86191173212,0.462890625
135.455078125,118.568359375,104.40234375,78.4302781386,78.0750541274,70.4494931725,49.4214749537,4.2808615341,9.99277186907,0.0311083570123,5.09753405104,0.5859375
134.931640625,128.248046875,119.706054688,88.0318724177,89.4189959244,83.8344520705,51.7903106344,1.53400637264,5.1861037745,0.0318219736218,5.09350218629,0.599609375
113.266601562,130.373046875,123.286132812,39.460673384,43.8591884803,61.8582139722,52.5542867942,-6.71518230664,2.25080044386,0.0338008701801,4.84266577638,0.4775390625
163.190429688,155.241210938,147.55078125,68.0078398098,69.2923171479,69.8409560359,63.3309224734,1.76281842539,5.18074722419,0.0339272581041,5.19953668571,0.57421875
141.955078125,129.720703125,115.135742188,75.246339804,75.9903244837,75.5638966206,53.5046018374,2.71297869012,9.8120992439,0.0381381995976,5.28192722027,0.5263671875
104.7578125,140.169921875,121.291015625,44.2668569752,63.7323384971,47.8471410186,54.5394740255,-15.2360545715,6.00518444774,0.0337459370494,5.09820824009,0.70703125
136.943359375,127.737304688,134.63671875,44.4969354067,46.8596676483,55.8000656237,53.8918683691,5.10205743579,-2.05564414214,0.0407501980662,5.1468859898,0.7939453125
169.8515625,173.078125,161.76171875,65.7910654605,67.5182682889,75.8075009905,69.1517693976,-3.12393472307,5.85595326378,0.0602452903986,5.10015462719,0.705078125
147.094726562,145.426757812,115.307617188,17.5392921484,16.3180218993,15.8666347481,59.7094894641,-4.43713607053,16.1396579733,0.00970118120313,3.8299396174,0.1494140625
107.03125,103.665039062,103.057617188,53.2567575671,49.4776238527,47.0145381499,43.3017827535,1.35886472009,0.71713227223,0.00999648403376,5.03173734796,0.48828125
132.24609375,121.090820312,100.731445312,65.6327077644,53.4204701822,51.1332048301,50.5347207751,0.556944363054,12.8551184125,0.0440950915217,5.14246419802,0.673828125
132.584960938,120.163085938,90.31640625,63.8758760978,55.9638534696,51.3754322934,49.9293915427,-0.0596904192038,18.0444188416,0.0367476791143,5.21964007907,0.73828125
149.51171875,147.373046875,125.651367188,81.8844809597,76.1040450947,83.0120034271,59.3208879173,-2.94961938028,12.2120009543,0.108014240861,5.22410306868,0.7705078125
173.236328125,167.0859375,164.696289062,48.4660078265,51.8825901591,62.4984417454,68.3706279966,2.1236550498,2.49613788293,0.0425074137747,4.8919000687,0.51171875
133.044921875,125.151367188,123.90234375,51.326029101,47.2813588284,44.2618301009,52.4276229327,2.95055658786,1.65361708303,0.0199199877679,4.73930751209,0.4208984375
122.954101562,95.5087890625,70.173828125,38.78280923,26.2065101216,23.8958322602,42.5865912673,8.32834404071,17.5787791513,0.0179242901504,4.35622177478,0.455078125
127.02734375,101.545898438,86.748046875,57.340652457,62.1055980988,54.7306347396,44.5248647942,8.58724797062,12.8887689777,0.0275508984923,4.9995867511,0.6123046875
119.754882812,118.456054688,94.0947265625,26.7920499589,25.7067678357,30.4886923763,49.151530192,-3.88235117096,13.7447255357,0.0130468001589,4.16461379482,0.3935546875
111.567382812,96.1904296875,81.7607421875,53.0168508607,50.5963640675,47.9858212888,41.0505244877,4.05591601336,10.5469430626,0.0222757719457,5.04215573372,0.5390625
101.056640625,94.369140625,82.41796875,51.1543382626,51.3325408569,47.265055362,39.443895357,0.852602631537,7.68500773634,0.0189729612321,4.98030225815,0.42578125
154.130859375,150.439453125,138.758789062,43.1774416747,41.6721796025,45.9371537072,61.9433973589,-0.50424128498,6.85268363075,0.0281973611563,4.94077358431,0.6083984375
166.250976562,176.254882812,181.313476562,39.9321262404,47.5660157577,62.0160983859,70.8490993324,-2.21549509598,-3.27683064189,0.02077806741,4.77990824117,0.4189453125
107.327148438,112.3125,89.029296875,29.4595095082,38.1267673771,27.6991567077,46.1549156498,-5.72538460722,12.3960491315,0.0302590094507,4.7095319128,0.607421875
112.9140625,109.232421875,62.716796875,52.7378025506,43.7577747957,34.6606860198,44.895072241,-5.82022147079,26.15732455,0.014858122915,4.8914171787,0.572265625
76.388671875,76.8330078125,72.2109375,65.682395352,61.1101915563,60.0489744583,31.0625787522,-0.954995628305,2.53353486944,0.0327248871326,4.93659347788,0.517578125
127.107421875,112.658203125,85.0966796875,41.7959396343,36.7986281575,30.8332116735,47.680666973,1.30314603461,17.2297014954,0.0196003168821,4.75018667937,0.5927734375
95.7861328125,94.939453125,71.5078125,44.2269776255,38.2087226995,47.3295661251,39.2541253219,-3.94316057237,13.8016889427,0.0216773599386,4.82649409241,0.5673828125
140.631835938,156.239257812,119.248046875,48.9525858986,44.982118646,59.3502497436,62.0273288469,-11.9966237097,17.7203766902,0.0388017855585,5.16792082504,0.794921875
143.986328125,144.3046875,139.0390625,51.5834409048,51.0248191131,51.0053271335,58.9117494786,-1.09890853939,2.77667705033,0.029019150883,4.66334394403,0.419921875
151.27734375,132.288085938,52.4521484375,38.7198374844,33.745428143,23.9502588238,55.2188872173,-2.38028342907,43.9325584978,0.0213202983141,4.64574728845,0.634765625
93.41796875,83.4697265625,79.400390625,59.4229174193,61.457517256,60.6266900525,35.2356546028,3.05810210265,3.56951395242,0.02503605932,4.90972600824,0.66796875
151.01171875,151.01171875,151.01171875,103.366062281,103.366062281,103.366062281,59.8090275911,0.00491313330623,0.00224749794611,0.0889203622937,3.97929013919,0.5625
108.711914062,100.647460938,72.9873046875,46.8217198724,41.1416158184,40.3806937133,42.1557151607,-1.46384831856,16.9225709545,0.0242054089904,4.82473337373,0.60546875
147.638671875,149.734375,141.544921875,55.8446008311,59.2224829793,59.3939438003,60.6685630737,-2.06005707467,4.2075398144,0.0339050740004,4.84359717732,0.5087890625
71.29296875,93.5517578125,79.0927734375,41.4950828856,52.0650252317,42.0396737205,36.7577089121,-10.9158137984,5.46887931063,0.0167670212686,4.92242870044,0.595703125
171.671875,134.05859375,106.807617188,52.1013487072,57.9454761599,59.3498886091,58.4259436604,11.541057543,20.7810731361,0.0719909518957,5.17903309902,0.79296875
137.369140625,133.63671875,126.874023438,42.6002318166,44.4153300377,43.4477365301,55.5573821907,0.878995169719,4.3099259632,0.0379843562841,4.94387054866,0.7880859375
127.6484375,150.678710938,128.025390625,37.5770489386,42.820201131,42.7175879945,59.6204569635,-12.4215598966,9.40202012788,0.0325585193932,4.92702740404,0.4169921875
122.389648438,116.162109375,112.09375,37.1664269373,36.3017557502,35.3124585177,49.0168137785,1.68571952609,3.13101438568,0.00984349288046,4.56088986897,0.326171875
65.3564453125,73.6201171875,70.0625,32.2524662553,25.4664152608,22.8603949277,30.2989641755,-3.64710952724,1.05526449208,0.0188412107527,4.47746992872,0.6005859375
151.840820312,164.416015625,129.063476562,28.420892364,27.5946662034,33.8202520288,65.6339448428,-10.1789784184,16.803254573,0.0196754485369,4.27344512684,0.3837890625
134.478515625,117.235351562,103.3515625,62.5204148482,61.5111483185,49.1900753525,49.4496566259,4.81808367067,9.63826186334,0.0381807163358,5.04020022668,0.658203125
128.665039062,98.998046875,87.4951171875,55.4142611629,39.5642524801,31.3782053826,44.0231919638,10.1872591589,10.7726644991,0.0264101065695,4.82653154699,0.5888671875
104.08203125,104.08203125,104.08203125,56.9391903338,56.9391903338,56.9391903338,42.8747516289,0.00390835727386,0.00178786662362,0.0208905823529,5.07130230285,0.5908203125
140.584960938,102.931640625,62.0263671875,35.9437577215,31.1605472031,28.8779470913,46.3182428977,10.4676359981,28.7097680423,0.0130855049938,4.66841102024,0.3876953125
108.529296875,76.8447265625,55.609375,98.869978149,78.7657121697,63.1325935253,34.313200344,10.3643330625,16.183446508,0.0286354795098,4.70818546397,0.6015625
129.221679688,132.969726562,131.578125,86.0025701305,87.9662580771,88.1692029544,53.2393933239,-1.56124691556,0.364182627962,0.0346711426973,5.10507301852,0.5048828125
154.479492188,127.447265625,114.73046875,85.9896181128,86.8657433937,80.3005074301,53.81281831,9.10621754431,11.1851836963,0.0684188678861,5.07732050423,0.5595703125
168.206054688,168.206054688,168.206054688,29.3233509111,29.3233509111,29.3233509111,68.7425617232,0.00564580347978,0.00258265746286,0.00856620725244,4.29130296962,0.3779296875
105.795898438,85.244140625,57.595703125,44.8135061643,41.324801554,39.6007987645,37.0974215121,4.64565415778,19.2458658545,0.0220011491328,4.59826599541,0.5224609375
186.579101562,187.740234375,189.25390625,83.3628621739,82.1835960476,80.5888483895,74.6056080686,-0.113200167055,-1.02726218613,0.033508758992,3.89453410503,0.4287109375
140.014648438,137.91796875,84.38671875,48.5232585608,48.0700488766,38.3692083803,56.0683607866,-7.20464705314,28.7230976809,0.0389663204551,5.04784072707,0.8232421875
193.411132812,161.922851562,100.467773438,15.9272612052,20.6802976812,34.9151166073,68.1368375687,4.08666209041,35.7604371314,0.0120943393558,4.27057062435,0.37109375
58.42578125,70.1875,56.6552734375,37.5621926903,42.9179813714,39.968656073,27.7697995413,-6.8112281988,6.27416948401,0.00864216499031,4.60245023543,0.3837890625
121.165039062,109.326171875,73.39453125,50.2231651412,45.7123848375,54.0953170752,46.276770485,0.0559595930913,22.1635449895,0.0569071173668,4.92455232142,0.7001953125
116.955078125,103.993164062,89.7109375,52.0715584631,48.4867788857,43.2865682371,44.1653472726,2.90784731397,9.79639464209,0.0546134486794,4.94886815416,0.7861328125
169.810546875,158.56640625,145.986328125,68.5178983096,64.0503607735,54.0737145936,64.9913259128,2.23019911717,7.70467696497,0.0267365016043,5.01350338491,0.5244140625
151.756835938,159.291992188,166.689453125,18.8711826683,25.8397573687,39.9529416315,65.2509950938,-0.417386260688,-4.32488227927,0.00703532807529,4.51598707646,0.3076171875
159.69921875,153.10546875,147.068359375,45.6495370597,48.6714773196,56.7938914695,63.1680559452,1.84686373702,4.33136725284,0.0182375255972,4.85075222857,0.453125
62.4052734375,72.6318359375,38.853515625,51.8454623316,50.7116754361,33.882725528,28.4318410391,-8.93749829372,17.0269258349,0.0909007489681,4.80729334171,0.6181640625
127.518554688,126.302734375,121.505859375,42.4669178167,41.6384896538,41.8392100418,52.3871534872,-0.497700270472,2.79799447125,0.0550691336393,4.99942139421,0.73046875
78.630859375,85.3876953125,66.048828125,56.6916555881,55.8809166065,50.3496908214,34.1773226388,-6.12638554027,10.0223111921,0.0259825475514,4.70419846315,0.3505859375
105.319335938,68.0771484375,48.4697265625,55.3494454398,49.3774020902,40.0561503052,32.2763985554,13.6015736147,18.460572342,0.0309136584401,4.93800906592,0.51171875
107.036132812,117.118164062,76.048828125,41.799321343,35.3974462542,36.3195931997,47.3315731304,-10.9177653383,21.557941098,0.0169150270522,4.88283942232,0.6201171875
178.764648438,148.529296875,89.814453125,35.0367312877,40.9738521934,40.4861659688,62.7926599249,4.17915174842,35.1280972058,0.020147036761,4.90543960321,0.537109375
135.168945312,139.759765625,130.833984375,64.8367072415,67.4511028214,69.5375613522,56.3692747738,-3.2406939956,4.31058968201,0.0123261399567,5.16875544792,0.517578125
97.732421875,116.779296875,125.51171875,86.58355274,70.3170979128,55.3578368169,48.093649367,3.39486921093,-6.98780388091,0.0395628064871,5.27726487194,0.6279296875
169.135742188,139.282226562,105.53125,27.8829187855,26.826836139,23.5715126994,59.7506268172,6.53879629329,22.2836619583,0.0252209287137,4.53393574267,0.568359375
145.545898438,138.513671875,149.821289062,56.5063761852,61.5320499614,55.476014453,57.7335103723,5.26566289226,-5.28937016424,0.0298986937851,4.88676693291,0.595703125
110.116210938,124.326171875,89.677734375,32.6374971709,27.3624946214,31.650768472,50.0854897321,-11.4353706281,17.3909579622,0.0146012175828,4.58673562731,0.31640625
115.212890625,124.076171875,100.704101562,35.1773352026,27.1074622631,26.9973476485,50.6214275781,-7.7581892142,11.8497555616,0.0227626040578,4.2844119983,0.3701171875
113.30859375,118.782226562,99.984375,50.8152528887,61.3686863202,42.5897919795,48.0494069255,-4.95652767969,9.15426670367,0.015432712622,4.99184380898,0.5654296875
109.419921875,111.129882812,103.448242188,41.739700189,50.1333546418,38.9646682009,45.8755071843,-1.63390497699,3.84290768435,0.0325563438237,4.92526890389,0.619140625
62.947265625,82.08203125,38.822265625,53.1430406164,50.2736370613,53.273319171,31.6697430636,-14.9516559072,22.1664858691,0.0220754109323,4.52127593321,0.3359375
108.219726562,126.73046875,61.7578125,53.0372580709,57.4346062364,34.7630362449,49.5072758918,-16.9778483659,31.659024191,0.0569831952453,4.96930755557,0.783203125
124.784179688,116.001953125,101.881835938,43.6286856398,40.9388119553,46.3446529555,48.8447338428,1.18177788471,9.21523920979,0.0329447686672,5.02987313712,0.7255859375
119.1953125,111.443359375,93.3759765625,34.1602802045,31.2317558438,27.5613351693,46.9179494402,-0.129327002976,11.0924642165,0.0297669563442,4.60769294345,0.5322265625
152.124023438,133.9453125,122.896484375,54.8027112217,65.2809802644,52.0405399678,56.6167747765,5.71614995332,8.77129303019,0.0669381767511,5.18329025148,0.841796875
90.001953125,81.2412109375,86.9140625,59.9196075687,62.7771155067,63.3249342854,34.2675671041,5.11177988496,-1.79170994124,0.032548815012,5.00476255694,0.58984375
96.6240234375,106.8203125,78.203125,72.7099213661,75.8221019882,66.5274096913,41.8780672382,-8.37099401531,13.8409207426,0.0366233661771,5.07935905281,0.615234375
96.73046875,106.8828125,92.2109375,72.4084794743,77.4380670978,72.0739260612,42.4928527475,-6.35012141066,6.65027494086,0.0379188992083,5.0261695115,0.630859375
121.856445312,106.026367188,98.9794921875,33.1251164128,27.693183109,28.7136075601,45.9137894936,5.31616603923,6.28707331318,0.0151889696717,4.44664330708,0.3203125
112.364257812,89.5986328125,92.908203125,47.103372149,93.6970060538,89.6088906978,41.6440127244,11.8304312294,7.31726754497,0.0402659475803,4.88848171444,0.5341796875
146.291015625,144.234375,128.994140625,59.0439726012,52.8924113435,62.6716390456,59.3698697601,0.126842966028,9.12518904708,0.0714664980769,5.0453009906,0.6416015625
110.822265625,107.755859375,97.1787109375,56.3857706274,52.7550257237,52.3272296308,44.7311667506,-0.750222105164,6.57677685126,0.0233996771276,5.0042731626,0.5595703125
139.865234375,138.063476562,127.448242188,71.5659210587,73.8598683347,72.4339223181,56.0335351866,-0.880846240739,5.90223946608,0.0775250196457,5.21586507925,0.7373046875
136.921875,84.0107421875,23.193359375,89.453275109,62.8804738068,33.7363357009,40.1274472957,17.5509329059,37.3224209093,0.0469781979918,5.01036493968,0.724609375
179.09765625,169.947265625,142.248046875,22.2855718629,21.1481740574,19.3429421301,69.58680499,-1.29338203984,15.4933348575,0.00715055409819,4.19013220326,0.3720703125
103.352539062,108.953125,119.411132812,60.2503868423,57.7429797377,57.0867958365,44.8459669427,0.398821119795,-6.60096764444,0.0171853639185,5.01376805644,0.3564453125
121.360351562,140.530273438,131.797851562,26.4643043469,29.227807111,44.003075568,56.8596969326,-7.12714619026,2.95669312392,0.0144644267857,4.64870094586,0.5224609375
132.838867188,122.409179688,109.318359375,38.4821693324,40.5760709399,34.8917720485,51.5099272498,1.92954235079,8.5369168041,0.0387696512043,4.9154592961,0.697265625
125.446289062,124.620117188,122.485351562,35.2107639279,38.1668984116,41.829286852,51.9377179044,0.321607055666,1.49304420983,0.00816263444722,4.73091995433,0.439453125
142.293945312,127.37109375,114.11328125,45.6046671566,46.254380962,47.6990162554,53.7414642565,3.66714855332,9.44271794419,0.038576502353,5.03391312288,0.65234375
119.930664062,118.000976562,116.612304688,58.3562777554,57.6193140415,57.7699259198,48.6764779264,0.561482677256,1.04792787971,0.0471458733082,5.18289863024,0.771484375
170.765625,161.418945312,157.228515625,46.5828997888,44.844689368,49.9629015431,66.8714149221,4.03600263759,3.7795683517,0.0242683961987,4.82273180583,0.533203125
137.099609375,125.163085938,114.866210938,68.0939711435,72.2643649529,75.1389901627,51.9955994686,3.21734704138,7.8056143699,0.0418612286448,4.96362093594,0.6123046875
112.279296875,112.017578125,97.3583984375,40.4243376121,41.491571099,36.2926670744,46.4048797592,-2.57550938997,8.14934302575,0.0369286052883,4.79516978039,0.6484375
163.26953125,158.783203125,150.697265625,49.1184156825,50.4374987521,57.1856399317,64.9099025693,0.306508446859,5.10376225725,0.0203287117183,4.84683532063,0.3955078125
93.5078125,95.853515625,98.3916015625,26.6232749129,30.9885315755,42.939068928,40.2983996407,0.269353808824,-1.1895733257,0.00656707398593,4.55604123853,0.294921875
151.700195312,149.508789062,120.32421875,54.0901027796,50.2886970178,57.3912895532,60.7982047859,-4.06822734191,15.9241764219,0.0278320610523,5.09820031127,0.6259765625
113.39453125,109.532226562,106.499023438,39.6473543186,40.964315365,39.5827850719,45.9549104626,1.11808613132,2.24839553927,0.0123568223789,4.88389645467,0.5732421875
132.73046875,120.798828125,90.4267578125,41.8415399129,39.1847407147,24.26768256,50.7018662208,-0.0867549871529,17.9868646983,0.0141511615366,4.81854652559,0.6044921875
136.6171875,125.524414062,105.845703125,41.041898579,42.7964772669,35.3595872604,52.7645493302,1.28462042925,12.2169678851,0.0513902194798,4.9363094989,0.7421875
118.049804688,108.2890625,80.703125,67.7842716302,62.1908481943,41.2376845962,44.7386653861,-0.385299897192,15.877557368,0.0181592721492,4.42608542343,0.595703125
56.10546875,38.6923828125,11.9755859375,30.3060336108,23.1955869613,8.48265634345,16.8772048377,4.79029332965,18.3340472868,0.0145177897066,4.25171196543,0.49609375
113.109375,108.857421875,102.34765625,52.0828080703,52.8845217453,54.6718212737,45.3267449403,0.497218021895,4.28752997121,0.0434525460005,4.89795624368,0.509765625
101.19921875,93.1162109375,71.6982421875,57.3535274309,53.391054111,36.6290760962,38.7499189525,0.240033694352,12.4884543275,0.0239039827138,5.05460034723,0.6484375
126.154296875,153.877929688,79.3046875,27.5737934115,26.7652873448,20.9122267592,60.0173066959,-21.8927023748,35.693370135,0.0118802981451,4.42455329815,0.4208984375
192.911132812,176.399414062,180.129882812,51.5906070466,58.5140678168,68.0046509036,72.7637910266,7.09270721978,0.797313829475,0.0439121052623,4.52002177464,0.529296875
128.694335938,134.098632812,83.359375,27.4579459546,33.8910109488,14.5071288376,54.1794189418,-10.0228783835,26.2493616863,0.0102383000776,4.13746826197,0.255859375
139.078125,152.984375,116.469726562,40.6991120863,42.0322345377,52.8371342466,61.0364909014,-10.4063281452,16.8022970189,0.0267866887152,4.97983411067,0.51171875
102.182617188,95.857421875,96.7470703125,63.0459657663,67.5022799354,70.0770606191,40.0510022115,3.30238640705,0.732018291595,0.0436724685133,5.18790227266,0.6669921875
80.9111328125,97.95703125,67.9228515625,32.8794987577,20.2542942345,19.1932225097,39.8536966278,-11.0575063208,15.8943607185,0.00325081334449,4.28271501295,0.32421875
162.986328125,158.973632812,153.702148438,64.4882635927,69.3267166445,70.6510747999,64.6067566891,0.605342699973,3.39362635413,0.0467853099108,5.08416957397,0.7041015625
89.04296875,79.087890625,70.6962890625,60.9164555759,56.7740354684,52.9424487236,33.3167499668,2.96520394635,6.2791624527,0.0415172427893,5.10420781056,0.6845703125
110.077148438,96.1552734375,107.911132812,54.2215408618,47.2764508421,46.4905160133,41.7573496103,8.37276428301,-4.6967640302,0.02531808801,4.86361723659,0.4755859375
205.185546875,185.560546875,172.352539062,72.1095950436,86.2308982816,91.0513770092,75.4323649044,6.10497980287,10.1628440067,0.0500330366194,4.36483826186,0.5654296875
65.5078125,78.30078125,73.5166015625,31.0509274453,24.7255513592,22.7991338791,31.9403609395,-5.69163213186,1.21626323681,0.0176277328283,4.48023462329,0.5205078125
145.387695312,104.830078125,76.4921875,59.1415731014,40.3851384522,26.9284703815,47.1636526014,12.4647826775,21.7671775924,0.0101976953447,4.8155471705,0.525390625
173.805664062,168.901367188,170.58203125,25.9446587852,18.9395893568,15.6344068363,69.6160637324,2.28647235923,-0.264600092728,0.00426627881825,3.90664799868,0.244140625
135.864257812,134.504882812,134.293945312,57.425666387,57.2436709758,56.938790827,55.3185498693,0.484257949524,0.279242256344,0.0143459886312,5.18753962762,0.5126953125
76.4140625,113.26171875,82.5361328125,31.2109198999,24.0652567288,23.049341247,44.2856487726,-19.5469446268,13.1608381946,0.0190823785961,4.41650870502,0.4736328125
156.041992188,160.421875,153.549804688,22.1253353244,26.1113479207,35.4786943653,65.4223010502,-2.60437265824,3.28788425718,0.0116726532578,4.42744031107,0.2939453125
139.165039062,138.310546875,126.5703125,33.680065106,33.1265513507,28.5734206677,57.1194625463,-1.80232919954,6.32996743356,0.00942989531904,4.55861562621,0.3916015625
201.486328125,177.557617188,147.756835938,53.7246652556,51.4210237185,43.8711765177,73.1642795507,4.20007600638,18.316283352,0.0276081860065,4.84961208257,0.47265625
142.333984375,118.819335938,117.606445312,45.3273012178,36.9736970637,36.8681455157,51.8271443708,9.51322505514,4.13201448118,0.0361716076732,4.92173578908,0.7119140625
131.015625,124.897460938,107.366210938,46.7664759361,48.7863869953,45.4730095825,51.7962841472,-0.614856983277,10.4455069582,0.0529120713472,5.11731058651,0.755859375
165.421875,92.763671875,47.0625,28.7442207167,29.4235438088,20.7979960723,47.0294754799,25.8444486996,38.4040141656,0.0112465526909,4.45202861162,0.4609375
125.899414062,138.0859375,100.20703125,39.1396068936,30.7696906833,44.3221528337,55.4747286802,-11.2112033976,19.1476313435,0.0265608429909,4.5275502337,0.3994140625
75.978515625,64.6201171875,64.642578125,45.39111206,45.9434012535,48.9366537243,27.8671375644,5.13191270535,2.10439181095,0.0162355192006,4.93589243165,0.521484375
95.52734375,89.634765625,82.8203125,70.9708844514,66.0106333345,61.6894545782,36.9408493534,1.21035264065,4.67920625311,0.0744248479605,5.14295508856,0.6962890625
139.44921875,127.598632812,117.774414062,29.6538519739,22.8271365307,18.7185906099,54.0516625795,2.7610135609,6.89127674811,0.00471686664969,4.23138334117,0.1767578125
167.495117188,159.58203125,148.938476562,41.1096568024,41.2463908148,46.0327787851,65.7388329681,1.29994965948,6.80445546992,0.0366688854992,4.94735949901,0.623046875
132.580078125,130.651367188,124.537109375,98.4391043202,97.1973997072,93.3647322723,52.5064535849,-0.334040626677,3.43427574169,0.0246126372367,4.2258973566,0.4541015625
86.095703125,86.955078125,43.0234375,26.6342160747,28.6109738697,25.9017720327,35.8561839367,-7.08648143735,25.3771731061,0.0191600583494,4.21164618742,0.423828125
86.1044921875,85.9541015625,85.7294921875,54.4960740714,54.3000816749,54.0214445749,35.3806532319,0.0269027346787,0.137756154908,0.107768282294,5.10980895887,0.7939453125
134.46875,136.31640625,116.676757812,58.1853097735,60.344546897,73.9835550168,55.4606443158,-3.39534276206,10.9690673407,0.0421414896846,5.05132557653,0.6015625
80.052734375,98.3037109375,91.4736328125,31.7550616097,27.7877794966,31.0920899068,39.8636616801,-8.10282775123,1.61205442094,0.0189584083855,4.54182272669,0.4501953125
143.232421875,139.788085938,101.3125,67.4246445954,51.579684775,48.7574914116,57.2106275719,-4.59555656924,21.4080608007,0.0880357772112,5.17316219868,0.7802734375
106.950195312,100.18359375,86.7353515625,99.7172196097,94.1265535872,86.3213432306,40.325604376,0.632585396604,7.91091157762,0.0437238886952,4.75055381626,0.5029296875
105.239257812,77.6259765625,62.7734375,38.0197109374,31.4243223659,23.9443005496,35.1190097977,9.53704006107,13.120535983,0.0261982958764,4.72684937372,0.6806640625
219.16796875,220.372070312,208.796875,66.2949516526,64.0981245552,75.2445475989,86.6987638988,-1.98109959846,5.50136131464,0.0537689998746,3.54192928086,0.3974609375
54.2099609375,49.1298828125,40.3564453125,58.6494140462,54.273501944,53.373379819,20.0649112596,0.958960234386,5.93069770987,0.0400171950459,4.61491152311,0.59765625
93.8935546875,92.2919921875,65.744140625,56.1550535267,40.4391626196,38.1003117406,38.5725144048,-4.1290895678,16.2163289313,0.0381564423442,4.89626001216,0.732421875
127.069335938,139.552734375,105.334960938,18.2090206962,21.4957561297,18.6927278536,56.173435107,-10.7603175321,16.8116318318,0.0072874086909,4.27109500407,0.318359375
104.41796875,124.861328125,79.5810546875,63.6796418528,55.309077477,63.3624808306,49.2144776294,-14.6984312876,21.7406070267,0.0474587976933,5.23851535036,0.6728515625
105.811523438,110.708984375,73.955078125,30.9589355037,28.9146993959,22.3059324542,45.238013329,-8.150106956,19.5834532589,0.0191340707242,4.51330786133,0.60546875
106.454101562,108.479492188,133.896484375,40.261666627,33.151810632,32.1200602255,46.1698733385,5.2168873128,-14.309198731,0.0140173081309,4.73725148168,0.296875
75.8701171875,86.923828125,112.37109375,45.6827943625,56.9202606534,76.5765100981,35.8569851133,2.86055304975,-14.943656874,0.0233011096716,5.02947410489,0.61328125
54.619140625,51.568359375,50.57421875,70.1427079416,73.3651053729,71.8056619308,21.2952592713,1.12887753821,1.2352091315,0.0447695553303,3.95649200906,0.5107421875
86.748046875,77.810546875,74.322265625,51.8925892252,50.7124365111,54.6581318675,32.9549462322,3.41232985945,3.7338597564,0.0363774225116,4.76271578814,0.5224609375
117.479492188,128.93359375,85.4814453125,38.8155892658,43.9352938232,34.4595501019,51.5427987008,-11.6753798774,22.1333151482,0.0337464921176,4.81003815107,0.6181640625
165.25390625,153.509765625,139.022460938,75.9601431286,71.8705698522,64.2126022255,62.8346231861,2.57678062903,8.61447691849,0.0529438592494,4.90517738499,0.494140625
124.88671875,130.30078125,135.350585938,48.5246480073,46.7314192623,48.4455954893,53.6487103049,-0.768405417778,-3.34078583067,0.0138493292034,4.97347801164,0.4775390625
139.302734375,129.073242188,128.311523438,44.6808141015,40.7174369852,38.353613035,54.4294066832,4.03397695872,1.72612179007,0.0209421832114,4.94126865261,0.6162109375
150.698242188,128.016601562,116.5234375,33.4779801237,41.9653493337,44.6438755325,55.049003917,7.38614971885,9.95089808663,0.0188006237149,4.77858259219,0.5390625
90.306640625,91.14453125,82.75390625,54.1218759459,50.2357781625,49.3480146231,37.4510145763,-2.01515319362,4.76956551585,0.0226613879204,5.07624465051,0.4853515625
94.830078125,100.831054688,109.083007812,34.6693989032,31.8064178318,30.8819252155,42.2812734663,0.0415076958466,-5.26260626727,0.0248205866665,4.74846633377,0.7314453125
184.42578125,173.416015625,103.776367188,48.1330792668,49.1589892886,59.624719831,70.0173716077,-4.67726345791,35.6959355602,0.0709818974137,5.01643839137,0.6357421875
116.353515625,90.11328125,31.0615234375,40.7338209272,44.829765452,32.6117837818,39.4964049171,4.85017380334,35.7918139144,0.0368054136634,4.76388056418,0.5439453125
94.875,93.6591796875,75.783203125,45.2124542093,34.7310826109,17.0033852068,39.037657495,-2.22939117835,9.9198858778,0.00406707637012,4.41473643112,0.271484375
168.1796875,144.504882812,158.69140625,43.9193701205,58.8762935731,50.8343326825,62.0998581145,11.953306873,-3.86744761864,0.0442378856242,5.11643839469,0.859375
73.0537109375,61.5341796875,41.3701171875,24.6096884087,22.2032691258,18.0606272165,26.4491213523,1.66204497702,14.2367261826,0.0134205846116,4.0000123925,0.3349609375
80.4619140625,71.7421875,66.6181640625,54.70942877,57.2808999708,48.996090626,30.8268023852,3.24076576464,4.86989588002,0.0351244658232,5.02765855454,0.6865234375
106.314453125,100.930664062,108.098632812,70.6439876722,69.3414901977,75.6551272511,41.7488549149,3.64558306618,-2.9348588941,0.0256736464798,5.15641327455,0.5390625
149.700195312,155.3046875,134.03515625,52.0006663115,46.3342448266,53.4638708175,62.7377182123,-5.9600520423,10.8394479513,0.0137558327988,4.82866662442,0.4384765625
133.66796875,148.78125,96.3876953125,37.7711694236,42.4886129047,38.601746198,58.9388663128,-14.0565384118,25.5840705276,0.0283820293844,4.77499590975,0.5849609375
128.54296875,129.80078125,107.232421875,42.7586352455,42.299542876,59.5519623056,53.3744539823,-3.06152666567,12.4503991075,0.0258219949901,4.8343423382,0.6572265625
124.48828125,120.2578125,111.788085938,68.139088705,68.3019629446,65.6054957225,49.2866714403,0.681488557525,4.91564427607,0.0396078787744,5.04296915555,0.54296875
92.572265625,106.185546875,74.505859375,41.656081821,38.4178906547,37.8005658445,42.5731551446,-11.2299990533,16.2788212704,0.0822349712253,4.94210115084,0.8427734375
130.83203125,105.579101562,78.7216796875,60.9510971158,51.6761965495,40.721180361,45.5626433623,6.18535187406,18.5254379099,0.0260718483478,5.11118622899,0.6181640625
100.901367188,97.943359375,107.943359375,55.4709686008,53.021873387,53.0762893858,41.2102303446,3.3466727565,-5.19166524821,0.0235373042524,5.11956318988,0.6279296875
141.922851562,139.017578125,129.546875,47.2248910764,55.0321610834,60.2812236748,57.143821151,-0.155834931908,5.9324293369,0.0266582071781,5.00740031231,0.5029296875
105.659179688,99.45703125,94.2158203125,73.9874227442,64.6168855926,64.1115612724,40.9427260125,1.19512867752,3.82275961467,0.0384729802608,5.0241894044,0.712890625
149.881835938,145.07421875,141.428710938,29.5023949993,33.1901240631,37.5693992715,60.2829121303,1.43784641178,2.8072720872,0.0401288978755,4.32879974001,0.4482421875
132.344726562,105.790039062,126.1484375,37.4457590995,31.852532805,26.63874054,47.6250691258,14.4894940704,-7.41100979815,0.036066416651,4.74422567263,0.689453125
121.240234375,122.692382812,114.840820312,59.950752106,62.4852646738,69.6265081588,50.022455649,-1.9529158589,4.60486849658,0.0376768931746,5.11699528232,0.66796875
105.379882812,119.520507812,121.416992188,34.0433321296,32.3672102316,30.4513082183,48.8959522624,-4.63666641015,-2.82578513278,0.00996843539178,4.72256194712,0.541015625
135.307617188,136.62890625,127.9921875,34.0520067063,33.5682459056,30.4662328688,56.4621358399,-1.62288574238,4.35717895621,0.0184815246612,4.56968320089,0.4345703125
109.5390625,90.86328125,57.91015625,46.3878060728,38.2373965573,19.3272530213,39.1259260716,2.95342319922,21.0941256092,0.0239816382527,4.71226271298,0.603515625
107.206054688,92.322265625,73.0048828125,54.1402757245,50.1172224751,48.0530405148,39.2630757155,3.2100541986,13.1870973792,0.0226629786193,4.98524303028,0.62109375
115.038085938,111.895507812,125.32421875,55.2637100729,54.9908889767,57.2063012074,47.0021183225,4.28513758034,-6.91408419626,0.0811977833509,5.26143936464,0.8359375
122.6796875,110.961914062,91.9853515625,51.0144064508,45.5474460154,57.5583669481,46.8004599751,1.59458504987,12.3644282635,0.0262383986264,5.18630908463,0.712890625
122.434570312,120.729492188,87.30859375,56.6970224931,52.93604327,49.508783197,49.2488562103,-4.66162790389,18.1873877996,0.0197008866817,5.02674848558,0.4677734375
88.69921875,82.5244140625,73.646484375,61.9389770209,61.6597850422,59.5218580792,34.3331582708,1.02370726743,5.93613916308,0.0201526843011,5.06516648105,0.6279296875
117.762695312,126.528320312,81.6845703125,19.4820965228,22.9152476085,18.9585566777,51.1500903643,-10.9937984425,23.3252736244,0.0132565777749,4.32342950411,0.486328125
164.44921875,147.83984375,102.34765625,30.6323549742,29.9770702471,38.0596549939,61.5991925038,-0.127132667511,26.2375858711,0.0229396093637,4.75888737355,0.6689453125
73.6669921875,70.951171875,75.7275390625,39.1107382695,40.3895769762,48.9053912005,30.101433965,3.147522551,-1.69178768798,0.0135689517483,4.71452658524,0.4677734375
107.124023438,106.130859375,68.9873046875,36.8172912977,34.5872490623,30.7333992753,43.7318293788,-5.83765537908,21.011554585,0.0411854498088,4.79486116452,0.7783203125
82.21875,79.7529296875,70.8564453125,59.9784547906,57.5038423581,53.0107769985,32.7311347373,-0.703354939289,5.35719907768,0.0339998751879,5.11255696441,0.728515625
145.4921875,86.3046875,69.3935546875,59.9883772719,60.2853155827,54.4066753776,44.189304081,20.4127421721,22.778727341,0.0298662744462,5.11012403052,0.6865234375
136.505859375,149.877929688,129.35546875,54.0765332658,51.6031444091,45.8323052493,59.7494187133,-8.58765789012,9.14587847086,0.0432777926326,5.00295232967,0.75
173.4921875,167.044921875,158.958984375,72.6925912978,78.1720853959,81.2705880006,67.5394175252,1.26914290739,5.43989982324,0.0474601052701,4.75475127064,0.6279296875
137.135742188,136.893554688,90.935546875,40.4948893843,38.3935393616,27.8922267764,55.6398513512,-7.29854495806,24.5154482471,0.0183248631656,4.53552335015,0.4501953125
94.279296875,90.43359375,86.177734375,67.9890136539,67.8990194348,68.6777578705,37.2040783607,0.848976787364,3.04953468159,0.0386297479272,5.24363878407,0.72265625
114.981445312,94.75390625,67.548828125,70.0331718797,52.2694340388,39.3613512876,40.8089630375,4.36247210761,18.1427898049,0.0551223866642,4.78434895198,0.630859375
160.7109375,170.231445312,170.161132812,27.1152134833,31.1336607469,33.8672502247,68.7346534423,-3.24512738652,-1.01692205187,0.0163719784468,4.23143397399,0.337890625
84.5791015625,87.568359375,63.3359375,52.0067377769,50.6054863515,47.1222068708,35.5151664129,-5.20584960748,13.1905483799,0.0321502014995,5.01816275276,0.6083984375
125.102539062,106.961914062,79.75,56.6096163688,52.549785868,48.7938104425,45.4106211287,3.19765671099,17.9399663798,0.0359759777784,5.13275716728,0.74609375
106.881835938,99.986328125,81.8310546875,41.84178606,38.6781062984,39.1186318258,42.0314371739,-0.495215759258,11.4518033365,0.0201374255121,4.89326473205,0.494140625
112.319335938,106.163085938,91.380859375,42.4373685697,38.4352103567,32.6276259845,44.5579459227,-0.137957217997,8.9986800813,0.0591788291931,4.89140323612,0.791015625
126.133789062,110.545898438,89.123046875,46.6439793695,42.7054528817,41.3919963213,47.0022287113,2.75789468321,14.2752113005,0.0222397018224,4.8536732547,0.525390625
187.333007812,184.879882812,184.75390625,49.0022863419,50.8436081128,51.465097248,74.8175068999,0.981714550223,0.42116801971,0.0142152011395,4.93484230307,0.521484375
123.655273438,125.598632812,141.013671875,34.7603586113,29.8217366143,25.9181367594,52.8454633407,3.14828040837,-8.54999630596,0.0204916372895,4.4715695388,0.4228515625
94.1455078125,93.9716796875,99.2119140625,41.9107510555,45.7586247283,42.6151131157,39.5679653091,1.80813322601,-2.82328527363,0.0236122757196,4.88279361374,0.53125
185.806640625,184.973632812,130.353515625,29.7889010837,35.5322846167,48.3270517718,73.9256908503,-7.76515119299,28.1698254133,0.0125442817807,4.86669570929,0.466796875
142.672851562,140.4921875,132.813476562,61.7985908048,64.553453637,70.4676716521,57.4154572419,-0.400280012832,4.79586620501,0.0241431239992,4.78038824664,0.3935546875
133.70703125,125.016601562,93.013671875,47.4537820931,51.8382279098,44.80517514,51.8728818121,-1.19646579144,18.2402194247,0.101420812309,5.0604446842,0.7958984375
137.635742188,100.358398438,46.681640625,83.4024571299,60.6277179463,36.8549497243,45.9742747891,9.84087909778,30.501561689,0.0281249154359,4.65535654615,0.5205078125
115.999023438,110.603515625,100.625976562,39.2619284102,38.1486226424,38.2774073202,46.3635073413,0.294657512123,6.34895901897,0.0222206488252,4.62108359255,0.5029296875
56.353515625,44.83984375,40.7490234375,65.2677929175,62.1938732159,60.0301885238,19.2309977066,4.14434128171,4.33549553131,0.0193844400346,4.34413403227,0.5185546875
108.317382812,120.993164062,64.0009765625,38.167801929,29.8639975842,42.0069399845,48.4136833871,-14.1396158431,29.3229966884,0.0122584095225,4.520005239,0.3857421875
115.409179688,117.623046875,99.728515625,35.7511138609,35.342002279,35.1335416569,48.4738810556,-4.19854500005,9.65249216279,0.0307573601604,4.69925296736,0.57421875
149.133789062,137.0390625,131.982421875,59.7912601958,64.599157955,59.3202846873,57.0226315387,4.09601968343,4.36996825836,0.0280541926622,5.1550643616,0.423828125
99.2177734375,109.111328125,98.828125,62.8523073217,41.6034491485,39.9904254899,44.9391808114,-3.09067527039,4.7323554908,0.0236575361341,4.96710710194,0.5712890625
186.383789062,161.634765625,167.44921875,60.0889978856,63.6905007446,66.3262632938,67.82847189,10.3770584663,0.661865527586,0.027615474537,5.04024846858,0.5322265625
107.005859375,93.646484375,87.3984375,70.6362958669,71.7699778055,73.5880201956,39.4019006118,5.16586207775,6.0437384422,0.101029835641,5.11555012658,0.7041015625
130.709960938,112.247070312,56.6171875,53.5931473946,49.2478831558,43.2529796831,47.188561164,0.0308596435893,32.8499346076,0.0223371013999,5.08056776844,0.5234375
124.1328125,136.073242188,115.586914062,39.0189249143,37.6074957574,36.1382202325,54.962061969,-7.89603539503,9.6626160514,0.0251974537969,4.74086259839,0.529296875
165.333984375,168.927734375,170.3046875,68.2151337319,80.8890096803,80.3135878909,67.7000567464,-0.259971028743,-0.844606765326,0.0756819173694,4.91511905288,0.6318359375
98.87109375,91.3759765625,78.9130859375,48.4929620415,55.3225648419,58.4714412182,38.3614278846,1.57140962184,8.78097908898,0.0216755829751,5.05927972029,0.5478515625
113.3359375,109.268554688,101.525390625,75.0203776841,77.4144383251,77.423218895,44.608513174,0.516155015214,5.18795504038,0.0672425702214,4.95281995473,0.6806640625
153.50390625,148.306640625,140.030273438,54.9347267536,57.4915560618,59.0128268426,60.9034480178,0.646045975156,5.16758632154,0.0394907258451,5.11314820533,0.7294921875
95.166015625,108.865234375,61.5595703125,41.1376046573,38.6934996653,32.6704120938,43.5497440151,-13.1607976946,24.5157890777,0.0329453349113,4.61820661517,0.416015625
166.576171875,159.66015625,78.0224609375,55.0445669807,57.8789460586,44.0500257542,64.1289413043,-7.62118627937,40.7082629146,0.0225241295993,5.08834562601,0.642578125
97.8720703125,102.874023438,105.28515625,47.6396819685,42.0511308584,40.7705892959,42.6839221018,-1.32979663278,-2.08091104088,0.0349563546479,3.95305432767,0.46484375
71.6689453125,85.087890625,61.10546875,19.673923207,23.8344733315,17.4034336078,34.3231328374,-9.96701156625,12.2476702518,0.0190956983715,4.23473174289,0.5302734375
116.20703125,109.227539062,100.637695312,58.3043947791,63.7041500515,64.2262585708,45.3162239999,1.59796358235,6.0209611356,0.0380288362503,5.12012156438,0.505859375
120.994140625,121.59765625,73.8349609375,42.8353037449,48.5474581995,39.4410050493,49.6290746809,-7.00722981931,26.0390931275,0.0254318863153,4.93683788829,0.591796875
124.875,120.659179688,113.873046875,59.9482361344,64.1244064735,68.8987134207,49.8240453596,0.952954703208,4.80250820124,0.0777379572392,5.24014457828,0.7216796875
92.373046875,69.9482421875,56.435546875,55.2593803555,52.9462088545,46.8377742404,30.695471939,7.88758508734,11.7575345547,0.0202923063189,4.6584465407,0.4541015625
135.233398438,129.071289062,127.155273438,58.6821850776,61.502142016,63.2510522974,53.7156291304,2.14981449968,2.3224152998,0.0424814075232,5.17103110679,0.6826171875
169.728515625,176.916992188,157.40234375,48.4655617035,51.1268522771,59.56881389,70.6547497367,-5.52633711138,9.32346379139,0.0358408540487,5.1391420572,0.7373046875
135.407226562,106.565429688,78.3857421875,52.7476412621,57.9378507289,60.1589255236,46.3867511293,8.32446954751,20.5693328959,0.0336441285908,5.10760853768,0.669921875
153.028320312,133.178710938,115.698242188,28.8013498407,35.5130408472,41.2464221559,56.7943717509,5.3187232293,12.6144393153,0.0169790443033,4.7467128018,0.470703125
138.124023438,128.66015625,123.0546875,63.5687930837,63.5043192919,64.4140577623,53.3832876527,2.73522509181,4.46121059946,0.0188861172646,5.29704556102,0.5634765625
196.379882812,180.124023438,120.444335938,20.6262600369,18.9203524115,22.4934631813,73.4190547228,-2.73893393118,32.5797312086,0.0132977012545,4.11380604213,0.3408203125
94.3310546875,84.990234375,66.1953125,45.143724176,44.6228105024,36.6521462097,35.7444970744,0.712661441359,12.1981265752,0.0510427467525,4.92349879877,0.7138671875
172.188476562,151.584960938,126.52734375,49.4047045143,58.6526671155,51.1187079179,63.2922012769,4.36573303057,16.0285180003,0.0288155861199,5.07828892745,0.69921875
94.1826171875,94.029296875,91.0283203125,49.457672585,48.0945025231,50.7088443299,39.4475469689,1.1798859984,2.31589059113,0.0146611239761,5.07341675664,0.734375
102.169921875,89.99609375,90.4482421875,63.2272565458,59.0659223907,58.7274329733,38.2551946197,5.13019571793,1.57241581906,0.03074965626,4.92561254577,0.513671875
98.5361328125,91.841796875,89.908203125,36.1167629975,35.7921022175,32.9236713602,39.3612420062,2.85391649423,2.19587595089,0.02554269135,4.80771127729,0.5947265625
130.575195312,128.9375,118.190429688,38.4401702574,38.0700423562,42.5483624902,53.4347514223,-1.28886989482,6.22340960368,0.0187834594399,4.90533870011,0.583984375
137.387695312,115.934570312,92.75390625,40.2292148992,35.7912870231,26.9239739891,49.8900025878,4.81671515286,15.8221626741,0.0164874792099,4.75474748322,0.513671875
107.97265625,86.9384765625,71.4462890625,62.4022143974,54.6964200227,47.5155304165,37.6796691591,6.50232940047,11.9968707485,0.0388675741851,5.16109213456,0.7919921875
126.975585938,132.189453125,108.525390625,47.6733103648,39.0656154519,43.1734028621,53.9521125314,-6.13531507349,12.386644479,0.0221592485905,4.99062127322,0.755859375
89.0107421875,68.2890625,55.8427734375,39.9293673478,34.0951454443,32.1411937317,30.4325861345,7.01506996354,10.8437009798,0.0394071005285,4.81485619983,0.7431640625
144.016601562,131.666992188,89.9833984375,35.4524703522,29.1564249113,24.0732264601,54.9311871005,-1.59153562963,24.0203320842,0.00528146978468,4.38340688099,0.2626953125
70.3017578125,83.2744140625,62.2060546875,26.8839330509,28.9616174075,25.4575228794,33.4453518069,-9.55385715916,10.6560468466,0.0173841156065,4.17412249442,0.2626953125
122.327148438,124.571289062,90.7421875,59.8204622221,60.323758631,35.3687320184,50.198325378,-6.29479969953,17.3405977348,0.0354897305369,4.66322273944,0.5087890625
108.548828125,81.1357421875,72.7392578125,47.0070178291,25.2707628866,20.2125275838,37.0452016398,10.1187871888,9.43199796306,0.0233540721238,4.58126899543,0.50390625
171.37109375,179.301757812,123.91796875,37.8701650221,38.0687822817,56.7382379518,71.1198069871,-11.0997170318,27.0909398812,0.0316301696002,4.81816116116,0.4892578125
150.73046875,153.543945312,132.205078125,55.7015941179,69.2957318991,80.9101361417,61.8813855273,-3.27691470152,11.1251954483,0.0331942290068,4.84846190668,0.505859375
100.852539062,118.918945312,70.8681640625,30.3674877123,34.4812884105,25.5411968489,47.1699562964,-15.1303977718,23.9608062011,0.0236868672073,4.22040943762,0.421875
121.778320312,124.096679688,32.33203125,23.3928048565,25.9281125465,21.8849778444,50.3595112718,-12.0790657952,45.4147988146,0.011679221876,4.12676155646,0.4189453125
134.592773438,112.94140625,99.728515625,45.0580483511,63.2699795857,75.4943507778,49.0682516135,8.90331222471,12.3798080969,0.0449299477041,5.06233103591,0.6064453125
112.510742188,96.126953125,99.0322265625,57.1069778211,55.1379616998,66.6507919159,41.4601614891,7.49985505067,1.35782980329,0.0214493628591,4.96776739863,0.5556640625
137.631835938,141.549804688,136.09765625,68.1295884503,64.6128000147,71.9398907779,57.2662105103,-2.71308568722,2.8231794606,0.0252272337675,5.19499640389,0.5615234375
181.118164062,172.712890625,144.8046875,71.374580656,77.4875468185,88.7455596243,69.5099686712,-0.601149956367,16.3006065166,0.0520577020943,5.06555324455,0.5673828125
126.739257812,109.49609375,75.953125,20.9558078035,18.4469780822,24.9860459104,46.9859027761,1.77633392547,21.3093198684,0.0128018353134,4.28564454606,0.3779296875
109.798828125,105.997070312,82.0859375,48.8437056001,63.2324656959,47.9076915706,43.7917802335,-1.73250312794,13.9759469237,0.0645350143313,5.11947106385,0.80859375
95.6826171875,95.046875,47.615234375,54.8463750314,51.829213133,32.453518479,38.5917940461,-6.59145901476,25.4283161327,0.122907273471,5.02456455037,0.8505859375
99.830078125,128.2578125,111.37890625,43.8950323036,51.8548712595,56.009511821,50.8192314712,-11.7532031585,6.41565899379,0.074785888195,5.09133366159,0.8544921875
110.454101562,110.11328125,107.211914062,50.8722150917,48.8972222037,51.9671340572,45.7300897683,0.10904427743,1.848893475,0.0369504578412,5.1304164772,0.7158203125
121.129882812,119.583984375,113.6875,51.5319580529,66.4743458016,76.1029961015,49.4995558007,1.35975965892,4.81651158785,0.0607216209173,5.26277680736,0.7998046875
67.060546875,70.482421875,66.927734375,57.0328873574,61.1878645577,64.8528280719,28.433727795,-1.61933118269,1.87385771176,0.0576613545418,5.01423092051,0.744140625
116.8203125,97.92578125,85.5380859375,22.8664374663,28.4571422441,31.3033063264,42.8245616796,5.84851371402,10.1279165988,0.0214686077088,4.5574183281,0.5888671875
146.698242188,161.158203125,91.7490234375,25.1873789706,24.6348404175,18.9208491935,63.6630580922,-16.2006761503,34.2133046089,0.0136252399534,4.33621074303,0.4375
110.354492188,109.219726562,106.484375,36.4424889292,37.8236497188,38.2185807181,45.7850816315,0.194215958061,1.71025082208,0.0372390858829,4.71463865884,0.625
110.341796875,106.465820312,89.2705078125,48.6674819556,50.1984616348,47.4821519648,44.0478732146,-1.33575401373,10.2136464376,0.0128947766498,4.86707020727,0.482421875
174.409179688,147.216796875,117.184570312,41.0630179014,41.071558541,41.0573165037,62.3445695563,5.87776302267,19.8235607797,0.0279999747872,4.9413802418,0.662109375
154.341796875,130.014648438,105.986328125,51.0974709185,57.4427600648,56.7877920746,55.3645697331,6.68461124781,16.7425098759,0.0199804659933,4.80678732695,0.4775390625
85.2802734375,78.85546875,81.541015625,62.0122889907,61.7500997071,58.4528077991,32.8260998599,3.49568389655,-0.879154029787,0.0443492680788,4.73300869346,0.5927734375
79.203125,78.5498046875,76.5712890625,49.4058027929,47.8708126836,51.3389547736,32.4186651099,-0.123335543381,1.34680550973,0.0302076600492,4.96324548583,0.626953125
101.681640625,98.572265625,79.2919921875,54.9866302539,57.4798423596,53.4473464461,40.680297386,-1.98944505995,11.1384725035,0.046794064343,5.12305773683,0.7099609375
109.373046875,117.661132812,56.423828125,24.8969653352,33.6871726139,24.5196042937,47.2417926037,-12.4962956379,32.1292527652,0.0211507827044,4.45091100524,0.41796875
145.349609375,155.861328125,167.44140625,26.9781602905,30.5326782642,37.8680955492,63.6526928566,-0.968888565108,-7.06769887528,0.017183791846,3.93397019739,0.333984375
101.865234375,98.5634765625,95.90234375,59.1316014611,57.8167048642,57.4181672644,40.78630705,0.895080461336,1.9946322449,0.0228616315871,5.13872009483,0.6396484375
119.890625,116.549804688,83.2451171875,60.5412416734,58.8029636593,59.5770368179,47.6492995577,-3.78139970964,18.9623453705,0.0316304191947,5.17306524087,0.7646484375
177.037109375,173.772460938,167.21484375,39.5364323412,43.1510109895,49.2958496761,70.7301422609,0.153579061582,4.01478456842,0.0292018149048,4.92980996816,0.6611328125
93.734375,86.6728515625,70.830078125,53.5940848204,52.3379139029,44.5980358136,36.0969984092,0.181711529366,9.9829431778,0.0869522243738,5.09714706939,0.8330078125
115.59375,90.349609375,70.625,48.0500532485,48.0372865417,51.379276738,39.8872575766,8.23051129578,15.3871285371,0.0399572774768,4.80281336168,0.5576171875
139.786132812,119.928710938,98.99609375,50.7319487898,49.3340395359,54.8553138127,51.4451373835,4.61731388794,15.2082269204,0.0273706484586,5.14306098866,0.693359375
122.233398438,95.935546875,56.8486328125,59.7460381938,49.9263299665,33.8014876083,41.4925904744,5.48011280999,25.4671594485,0.0478581078351,4.98237751222,0.7216796875
127.5,117.673828125,117.732421875,73.2422004167,77.3200851334,80.5153001497,48.6269157483,4.2299480725,1.73604575753,0.0348136872053,5.25641131296,0.6015625
145.490234375,138.956054688,126.216796875,32.0203167674,32.5239848765,33.7524864694,57.8423850392,0.282355423327,7.83646667321,0.0277285575867,4.73036853496,0.353515625
117.079101562,69.970703125,30.1943359375,51.3242278084,37.9625524918,18.9284303557,34.1247111001,17.0998780352,28.8653841893,0.0386459305882,4.55143285504,0.6513671875
77.5068359375,55.5927734375,41.880859375,64.0834413345,49.7632400971,38.6040530888,24.979806055,7.27728278536,11.4611371978,0.0243151783943,4.66446174731,0.662109375
142.19140625,117.119140625,84.4189453125,34.1315596428,28.734599558,24.2269395924,50.6554867054,5.18066808643,21.6006036251,0.0414501577616,4.46641112909,0.5380859375
128.08984375,119.759765625,113.280273438,83.7856135472,80.29286544,74.1818563666,48.8358623112,2.16402239343,4.34009541297,0.0473693981767,5.17343749384,0.7216796875
177.17578125,163.946289062,158.298828125,61.7778780012,68.3207626372,69.0896762042,67.3099943589,4.2201422601,4.91393477386,0.0491632148623,4.93397223361,0.697265625
58.27734375,58.9716796875,46.30078125,55.4914410839,53.6821353794,54.2203742496,23.2841279102,-2.65915404388,7.82314814783,0.059940662235,4.29517808617,0.3935546875
215.732421875,188.986328125,138.829101562,39.8885004036,57.1108930937,71.3931203245,77.5276726722,3.88814944966,29.3933878481,0.0496966764331,4.92533384908,0.7265625
141.301757812,101.75390625,78.109375,34.3311617745,43.2756199449,54.790240545,46.4779305167,14.0318433727,20.3228750681,0.00881241634488,4.7308189818,0.47265625
73.1982421875,62.5654296875,61.9638671875,32.5874238353,31.4949403211,22.0939856575,27.1658421087,5.26308734836,1.60542614639,0.018315166235,4.54238406784,0.6552734375
105.794921875,140.545898438,62.5107421875,27.7267099195,27.5422942301,17.3842680384,54.3753608918,-25.0545579924,37.138683537,0.0114086410031,4.38952745963,0.408203125
138.161132812,147.172851562,149.0234375,54.5578500049,58.1852712153,68.5840570992,59.360596535,-2.64542660526,-1.56698476917,0.0309713967144,4.34101831745,0.400390625
137.038085938,146.22265625,164.962890625,52.2307410179,66.4426829056,85.9894876265,59.4774032429,1.84771564645,-9.76635975546,0.0247379429638,4.770393574,0.4169921875
101.40625,110.760742188,93.4404296875,31.4415846005,28.9313975382,29.2855414113,45.3048894133,-6.94326529264,8.58554716333,0.0235797278583,4.57748555105,0.5546875
102.07421875,90.271484375,75.162109375,77.4551430124,60.486443853,52.9924549634,37.9716998047,2.49636924381,10.1698959368,0.0742667168379,4.69787571426,0.599609375
144.318359375,138.572265625,135.267578125,52.0078702619,50.3286139989,48.4354907204,57.4292591717,1.8477977623,2.46497135135,0.0134121328592,5.11421949975,0.5068359375
110.700195312,112.100585938,111.296875,36.1760150163,41.5275539134,55.903810997,46.7049940797,-0.00120754271019,0.973330945377,0.0195293743163,4.58202668536,0.4150390625
127.9609375,133.29296875,125.03125,52.0571954596,53.1946244987,50.8420021212,54.4720516821,-3.03836992223,3.97941966417,0.0494603253901,5.05652552524,0.697265625
155.461914062,155.461914062,155.461914062,83.5160358073,83.5160358073,83.5160358073,62.2888298666,0.00515787679167,0.00235945536843,0.0299598705024,5.05164192784,0.587890625
122.131835938,121.744140625,108.297851562,41.5324515692,42.3081949994,48.6517856341,50.3312255249,-1.98250928636,7.7012486427,0.0477649718523,4.95250244252,0.5498046875
104.965820312,82.90234375,55.607421875,48.2741580927,32.3761195869,26.6007846086,37.1318814719,5.14841053448,20.125636286,0.0150799229741,4.75199759412,0.546875
128.297851562,133.026367188,100.26953125,32.6805106544,32.2807854529,32.0959196165,54.2088468948,-7.28270535572,17.1036331636,0.0556559190154,4.72698500169,0.787109375
130.29296875,130.208984375,161.549804688,54.7688333527,59.1481462138,58.0296215102,54.5709798159,7.66961101134,-16.8019161955,0.0590840950608,4.85737428909,0.6015625
113.98046875,122.559570312,84.0439453125,37.1034450443,38.9707969367,22.7848510199,49.5335964799,-9.63573629407,19.7515829901,0.0275945179164,4.74248792366,0.6201171875
101.75390625,122.346679688,84.1640625,38.359218869,48.2756158597,31.5089960725,48.2437668885,-14.2801221048,17.9798446844,0.0278345160186,4.71691229428,0.513671875
105.172851562,103.444335938,77.33203125,54.1152416621,44.464114164,43.4241111265,42.7645531691,-4.01816307175,15.2931892696,0.0421081595123,5.05814013792,0.78515625
69.5830078125,70.7119140625,55.376953125,57.0467268755,50.8596031547,51.9425811302,28.429310778,-3.31908579543,8.78896937279,0.0233205873519,4.86387448786,0.57421875
140.211914062,105.013671875,80.951171875,40.4929948447,34.3481686277,36.0474887328,47.0256662457,10.8679343018,19.1379205117,0.0225080475211,4.83023499975,0.544921875
170.241210938,137.27734375,110.927734375,45.6299592863,34.6172040295,26.0389329213,59.2561726151,8.65467847223,18.6822886894,0.0148784555495,4.30837633594,0.419921875
58.7236328125,44.931640625,52.7431640625,52.6399806847,47.1282452344,29.2430121886,19.367421406,8.39383122975,-3.515938169,0.0250223986804,4.27582057682,0.3828125
91.7783203125,87.390625,66.0439453125,47.0670718927,49.5822169758,54.895826615,36.2690428218,-1.33494799701,13.4172781609,0.0305458307266,4.85428802174,0.5517578125
117.37890625,110.680664062,95.2255859375,37.7033935234,37.1507772613,44.9424424617,46.729919583,1.1205055783,10.0479792295,0.0189356338233,4.83921132096,0.6318359375
141.392578125,143.311523438,125.603515625,45.0343421864,42.7843386397,40.8768757614,58.6531431788,-3.02625899912,8.5943787226,0.028962848708,4.91306241162,0.693359375
168.798828125,167.721679688,166.763671875,49.5643182063,47.2140413634,45.5673952338,68.3009358192,0.317431408462,0.576172102373,0.0420670807362,4.93078949667,0.703125
84.2099609375,80.9375,75.591796875,33.6732034018,31.8867012836,30.3359666108,34.1751303764,0.364228212785,3.59406650111,0.0308811720461,4.67365950444,0.578125
122.049804688,139.359375,90.58984375,45.5789628604,53.9401410673,39.5050893475,55.0671595273,-13.6171263554,22.8442913979,0.0274330377579,4.96522589063,0.6005859375
102.236328125,100.013671875,89.453125,46.5763487018,45.7752642055,43.0346625145,41.5685551516,-1.0631217519,6.24910331839,0.0392373986542,5.04792139492,0.740234375
92.4189453125,76.6171875,37.83203125,37.6725881628,26.2968691975,15.622284432,33.0808225766,1.09627098508,24.9981233587,0.0172772221267,4.3017902933,0.3662109375
127.796875,115.334960938,94.625,64.0039042236,62.7715826647,60.3527715292,47.9974959546,2.04768067028,12.7555431544,0.0193660184741,5.20632045304,0.6201171875
153.404296875,149.690429688,135.756835938,71.2591593694,65.9165759618,56.3886351664,60.72224055,-0.859691726428,7.49630751194,0.0587362498045,5.01557131323,0.6640625
125.83984375,115.930664062,117.436523438,55.4439093531,58.9702162406,55.1491397154,48.7992425322,4.68083767356,0.476724781228,0.0409260988235,5.22245650004,0.7529296875
116.220703125,42.4853515625,19.0400390625,55.9360345574,50.4438675143,22.9023350679,27.932439869,29.9770904066,29.5782377978,0.0188433229923,4.59472970041,0.482421875
160.588867188,139.9453125,140.451171875,41.5238061553,38.7618043701,42.6595071856,59.6142512264,7.88981089256,2.73933066026,0.0135046467185,4.74149832638,0.4541015625
70.2392578125,51.7412109375,43.490234375,33.9450150208,29.1192057826,26.3140569303,22.9590585377,7.00356936517,8.35131149499,0.0227224174887,4.50424188632,0.490234375
132.409179688,128.997070312,125.889648438,49.0268137902,44.1275781737,39.9769041022,53.554981946,0.701156460277,1.96822695537,0.0129990437999,4.5402056103,0.3095703125
137.231445312,136.850585938,133.302734375,50.3415885191,48.144072313,49.4354075919,56.4175330317,-0.294008386789,2.09123904535,0.0330066606402,5.1141599846,0.7451171875
132.607421875,140.896484375,129.219726562,44.0998089343,57.6127548282,67.4336737324,56.9465698698,-4.37187201968,5.85518373513,0.0645489692688,5.22024180461,0.67578125
132.21484375,108.594726562,92.1953125,43.341268566,32.6989525158,19.1931215681,47.376734535,7.04962521708,12.2376526893,0.0199972838163,4.67025845649,0.5634765625
104.059570312,89.2841796875,74.521484375,58.3094968932,59.6614005741,53.5284088503,37.9438073658,3.77897005263,10.5790204575,0.0412231534719,5.20536938917,0.6953125
106.974609375,96.46484375,86.8076171875,44.441448267,45.4163114108,47.2158968838,40.9451998062,2.79249087857,7.27919934758,0.03212043643,4.99102067261,0.66796875
114.205078125,107.623046875,126.696289062,49.1053051089,46.0869009328,60.8205491999,46.1347189,7.34568916775,-9.18741849386,0.0240679457784,4.28141956948,0.41796875
83.0419921875,80.248046875,64.0283203125,38.5539799433,30.9868765709,26.7933384822,33.5638800817,-1.99190506336,9.89909799751,0.0208741240203,4.6740833896,0.59375
158.875976562,151.08203125,147.369140625,33.5398732071,40.7331386389,52.331840668,62.7258167598,2.83031882068,3.48762023297,0.02292198129,4.34728750943,0.40234375
120.602539062,116.274414062,114.681640625,48.2049987824,43.2017872719,46.7038564768,48.6511918987,1.2549605133,1.61496389612,0.0173360854387,4.90748140963,0.51953125
113.99609375,109.099609375,102.200195312,58.0931531066,55.9447607006,50.0368415048,45.1972602886,0.880545906575,4.18781369585,0.0404699221253,4.98798874468,0.6611328125
127.983398438,104.62109375,88.2783203125,42.6890180661,35.5881797712,34.1451645825,45.8078176035,7.09781360588,12.7935310962,0.0381155200303,4.78612988031,0.75390625
129.401367188,128.33203125,125.903320312,41.1272325345,43.358934225,43.4614752709,53.2804475077,0.184982224233,1.58453368522,0.0177982449532,4.90555705633,0.57421875
176.751953125,187.708984375,192.822265625,40.3739477912,41.2722392388,45.156559821,75.1142292193,-2.77907830599,-3.79883761126,0.0310768540949,4.66959843824,0.494140625
106.485351562,129.727539062,105.043945312,35.7408448214,39.0010639804,23.6571173566,51.5773572893,-12.8797474684,10.2618836268,0.0203421637416,4.73344957185,0.59765625
50.443359375,51.52734375,49.720703125,68.5956841615,72.8002352491,69.2064966658,20.9247058895,-0.604271081576,0.854564102095,0.0381475128233,3.68146398872,0.42578125
106.38671875,113.158203125,145.602539062,41.9333182921,40.569317261,33.4849726294,47.936513355,5.69500877407,-18.6781795988,0.0192389283329,4.11319979426,0.25390625
162.211914062,141.73828125,128.825195312,61.3679589158,58.2961681592,60.1139844213,59.5533330265,5.77942069779,9.89262912288,0.0655992627144,5.21100194766,0.7626953125
120.389648438,119.052734375,116.470703125,61.2405886446,60.5747629511,60.8307648661,48.9137299298,0.113684075418,1.6233772292,0.0725123137236,5.22898778086,0.755859375
125.385742188,144.411132812,66.529296875,46.2404617681,53.0727124401,29.7412855063,56.9178676841,-18.5735864747,38.6711285793,0.0113500226289,4.9546254125,0.669921875
177.592773438,154.822265625,113.694335938,34.8563904555,37.182505604,37.2036116247,64.8309029552,2.76929567733,24.5163793702,0.0612532421947,4.78986785031,0.8095703125
126.3671875,130.764648438,120.350585938,60.0788701799,64.6579663882,63.7642075134,52.9389914528,-3.22607598644,5.29708667912,0.0383678972721,5.09107267137,0.62109375
136.79296875,133.443359375,131.2890625,70.7528717213,71.7390066358,72.1280764448,54.4121580154,1.0096446439,1.76013420064,0.0522500425577,5.21970653329,0.630859375
113.387695312,106.428710938,102.6953125,65.8619908656,70.4624567305,74.7203963739,44.1297210399,2.76147481206,3.46636507345,0.0336895249784,5.33539487259,0.69140625
140.133789062,129.016601562,104.157226562,51.1893378686,55.1515376685,59.7616169941,53.5853297269,0.71197179599,15.4463352668,0.0142003968358,5.22887750998,0.7451171875
95.138671875,103.362304688,98.76171875,40.0149423823,43.636287322,46.3782623871,42.325964462,-3.91558115132,1.66940875306,0.0121944900602,4.87036399814,0.501953125
158.943359375,158.465820312,138.009765625,28.980406818,33.2305042073,37.6137584736,64.6143852033,-2.98187890086,10.6599873622,0.0119620542973,4.26364444663,0.2255859375
95.12890625,72.7265625,50.138671875,64.2581842457,55.6056974716,47.5656650207,31.729052989,6.75490320395,16.5852081942,0.0517956465483,5.00402218618,0.61328125
140.264648438,134.553710938,123.232421875,42.2442821606,40.3163157823,35.2788097528,55.935802195,0.191003444848,6.70956427502,0.0314644873142,4.818961159,0.6279296875
121.1328125,105.624023438,64.4599609375,71.522614004,55.0457218427,61.1557019521,44.7489107461,0.635403782429,25.4441991282,0.0323384851217,4.89980479193,0.6298828125
98.1240234375,99.796875,85.2490234375,64.9462612069,60.0268636965,60.1864250539,40.6206210226,-3.33519383874,8.18886396136,0.025382809341,4.74536384226,0.5078125
120.82421875,114.649414062,112.129882812,87.2694863144,86.0276183149,85.4253930567,46.6433242927,2.3032609734,2.27448311987,0.0410286076367,5.25827854319,0.673828125
131.99609375,140.350585938,126.275390625,35.1024447206,35.7212671309,42.3676055938,57.1130253077,-5.54306327838,6.73404783149,0.0271374732256,4.83793289285,0.6845703125
118.697265625,110.55078125,98.75390625,30.8144673615,45.0970022148,71.0638191416,46.9211173698,3.49093745555,8.91083010849,0.0125988246873,4.88745333462,0.3994140625
170.004882812,169.3515625,159.848632812,39.1634816694,47.8589586121,62.7407203211,68.8123316759,-0.848869867618,5.53422334547,0.0442215017974,4.91791236095,0.6494140625
122.264648438,146.641601562,89.4990234375,33.3685515814,35.4368864003,23.9147247851,57.7339773501,-18.1499116261,27.5772489845,0.0168027877808,4.50026609375,0.427734375
141.025390625,119.07421875,86.986328125,36.6631272833,32.4718682239,29.6256561207,51.0556983588,3.87955327547,20.8363505979,0.0253641661257,4.65292854508,0.4990234375
183.66796875,162.282226562,134.80078125,64.5398610279,62.4382932611,56.2307550357,66.9730050206,3.80069710004,17.0603296516,0.0249367579818,5.19428205968,0.6728515625
130.71875,131.53515625,122.961914062,78.2312090557,76.0240294967,71.4058158811,53.1613727051,-1.69447398928,4.46342563723,0.0684402212501,5.34182827122,0.744140625
136.540039062,133.552734375,133.747070312,46.9247065454,45.390333501,40.4293062024,55.5102552312,1.52424233767,0.115108348813,0.0222939904779,5.02227722442,0.7216796875
129.567382812,123.034179688,132.264648438,64.4706309604,57.8248449971,57.4068647922,51.4967736719,4.87672598099,-4.15797784839,0.0151102244854,5.16448299098,0.6474609375
148.654296875,138.501953125,65.34765625,45.7682428311,47.0282702139,23.0609805219,56.7343042421,-5.70025242714,39.1772776609,0.0212478525937,4.7919340981,0.494140625
108.42578125,109.703125,98.380859375,33.8273759931,33.6080892362,36.877323349,45.5661889763,-2.59134949254,6.27835832685,0.0439486205578,4.69257815202,0.5126953125
166.23046875,153.1328125,121.33203125,44.3628901761,40.3970278714,52.6770740479,63.5512587217,1.4375887177,18.7017761255,0.0280514135957,4.87274093517,0.6298828125
65.3125,81.3505859375,78.748046875,24.136817054,35.0328408934,22.6272658589,32.9402864931,-6.00527972003,-0.892993267788,0.00808297563344,4.42232821244,0.3134765625
148.124023438,122.829101562,116.291992188,65.4920919682,58.9787360117,57.8755879959,52.7867740005,9.12587188201,7.42394006294,0.0771996974945,5.14260462529,0.7119140625
109.5703125,114.712890625,127.168945312,68.4895274378,70.2764184494,74.9624109741,46.6416327119,0.979335726464,-7.36608377963,0.0292140580714,5.14392667591,0.6298828125
59.29296875,45.7197265625,37.138671875,50.5977946709,45.8367790534,42.0428342377,19.7746183032,4.68948106028,7.63859252255,0.0222400613129,4.66668708155,0.4541015625
86.1201171875,99.43359375,84.3544921875,52.3048103815,56.276343522,53.1202784606,39.6035876174,-7.89081016888,6.79635856512,0.0798966437578,5.14319057643,0.8037109375
151.859375,118.280273438,108.233398438,53.8935016629,50.1725203509,51.2132034231,52.3830298078,11.6034116242,11.3631528325,0.0363150537014,5.13339499712,0.724609375
152.091796875,148.080078125,127.744140625,55.0155639475,63.461090392,57.699373819,60.7392849888,-1.11755578757,12.1219998355,0.0644168257713,5.09600003763,0.6650390625
187.130859375,159.447265625,126.62109375,38.1796798566,47.527594291,55.2034853015,67.1311902545,6.28386513951,21.4558112903,0.0309692062438,5.06126321342,0.74609375
83.3818359375,126.91796875,106.702148438,51.9957715204,49.0402129851,95.4823290019,50.0816136359,-12.7823971266,6.62930932876,0.0392677001655,5.13264831024,0.6162109375
170.3671875,131.676757812,128.970703125,55.0588280691,57.8146283969,68.0463933041,58.1231571101,15.4162644338,7.86329590078,0.0354856178164,5.10568672307,0.48046875
89.24609375,110.704101562,133.306640625,65.2289685961,36.8383205124,44.2916439244,46.553436894,4.12861850171,-13.9606709796,0.0248981621116,4.62079824682,0.52734375
101.342773438,99.943359375,67.05859375,37.2898890677,34.2121813736,37.1123516487,41.3375673725,-5.02255847567,18.8682501184,0.0317455157638,4.71667674715,0.556640625
110.07421875,106.775390625,77.466796875,34.2185981643,36.3432305939,30.1199890654,44.3282763368,-3.57751524552,16.9463927069,0.0302144512534,4.7663609169,0.65625
117.583007812,112.862304688,110.701171875,88.9158273858,80.6614112607,79.5577040888,47.0955660347,1.32275661887,2.77777275281,0.0721106603742,5.31447520543,0.7587890625
133.50390625,80.3486328125,60.20703125,61.4067031184,60.8589119694,50.9431755789,39.7141290272,20.1484044003,22.5104655867,0.0176867805421,4.99251920389,0.5654296875
95.33984375,88.423828125,75.298828125,40.6856006466,34.5306710725,29.9814812405,37.425059182,0.350589118044,8.52210507129,0.0186332426965,4.7104228272,0.5380859375
124.6640625,112.6953125,90.421875,51.4746262346,49.4557186079,55.3988534086,47.562909594,2.30509938309,13.4976130862,0.047440290451,5.0370396073,0.701171875
180.520507812,174.059570312,167.374023438,59.0832930441,62.2177954332,65.6462000654,70.6845426727,1.25633634783,4.46022491821,0.0593984797597,4.85879794964,0.7421875
150.23828125,155.03125,141.514648438,34.0633293961,40.8743190884,43.4697023201,63.0662292024,-3.77566901652,6.69338904394,0.0396349057555,4.89465551874,0.615234375
68.4208984375,58.7626953125,44.193359375,60.8523571273,51.0479375555,38.4288826067,24.57334017,1.72277556355,9.68789400636,0.0387034639716,4.79896576197,0.6240234375
103.2734375,75.3134765625,78.1025390625,32.727798974,20.9798632534,22.4446853354,35.2821890485,12.9495423763,3.50184905212,0.0153896315023,4.35223445798,0.365234375
151.006835938,145.521484375,140.504882812,61.2274587998,56.4654513368,55.3881189982,59.8935627796,1.48313955911,3.41915077325,0.0248890146613,5.07534068656,0.57421875
88.9375,109.420898438,42.814453125,45.954949917,47.908967152,37.657232172,42.5712655801,-18.2475287504,32.7234273107,0.0776071101427,4.95460190947,0.8447265625
167.668945312,165.350585938,169.251953125,65.9897806102,66.6468299401,71.1065922199,67.0562294801,1.59354514185,-1.53840014912,0.00959333311766,5.00120124692,0.5390625
162.032226562,166.227539062,84.400390625,29.690196202,29.2684901394,29.7842476168,66.281867616,-12.9308078073,40.9839081991,0.0302398819476,4.56270254908,0.625
230.536132812,213.6171875,197.384765625,34.7054382543,36.1839098162,42.8756195557,86.2223196359,3.37998359124,10.2323325963,0.023404918611,3.60612199023,0.2705078125
162.314453125,147.0234375,130.318359375,51.8130724683,44.8912470317,37.7055591947,61.2777257042,2.90941016785,10.7092557845,0.0266253985465,4.41107958073,0.4541015625
90.482421875,97.291015625,94.1796875,47.2286625473,58.4708901711,72.5693023937,39.6422446084,-1.80777478369,1.53407177469,0.0178799610585,4.9275635755,0.515625
197.604492188,176.25,161.559570312,23.4509715312,27.4632211444,29.3659621437,73.2621989438,5.4682484456,10.4275686653,0.0113871823996,4.46246987691,0.4267578125
60.994140625,26.3876953125,20.2099609375,24.7157268388,28.0743482254,22.330696764,14.7401620107,15.2197730357,10.7712506338,0.00823179073632,4.07165222698,0.2900390625
113.022460938,110.233398438,104.876953125,57.3799739419,59.6398305863,48.4987364536,45.916755645,1.38097708258,3.16453257919,0.0518516041338,4.97726200216,0.78515625
164.2421875,161.966796875,153.466796875,58.9690392936,60.3079732036,52.0496764584,65.7225724231,-0.342870864331,4.41834944161,0.0494918562472,4.92274190556,0.630859375
155.706054688,142.16796875,132.169921875,56.8590853632,56.7698642734,58.730086665,59.1133033035,3.52561003233,7.36871307665,0.0172905046493,5.11739347482,0.6220703125
149.403320312,158.256835938,113.484375,27.8712236216,27.874920336,26.9595282249,63.4251715283,-10.4826720859,22.1317132777,0.0179406814277,4.48666686524,0.5234375
86.02734375,118.235351562,129.984375,76.1481083716,58.1955073058,60.9769723921,47.6228540017,-5.62515817775,-8.90376122564,0.0339575149119,5.01323163304,0.669921875
95.1875,87.4169921875,76.6533203125,74.9990364521,68.1687713763,57.1351872132,36.3161581169,1.89481838234,6.90767723037,0.0355733409524,5.14148127677,0.6181640625
144.440429688,141.34375,82.8408203125,26.5831604616,22.285500997,26.1419101543,57.7328738114,-7.66551722932,31.3853324852,0.00958721525967,4.48508391689,0.248046875
180.990234375,174.84375,146.268554688,69.6995778655,70.132874725,84.6413570525,70.274363798,-1.78514725997,15.8149524768,0.0506835505366,4.51120612832,0.623046875
64.6455078125,67.9169921875,34.873046875,79.3259341418,56.8105571066,43.6217931317,26.5563636275,-6.45724663817,17.6077767615,0.0299873631448,4.48282063167,0.4921875
68.0048828125,76.208984375,52.4443359375,50.8745870644,47.7290251436,56.6197123217,30.2966095672,-7.96205986594,13.3025706121,0.0399062298238,4.4704674346,0.4169921875
143.920898438,149.517578125,153.849609375,59.4174239292,56.4068964955,55.0207599301,60.976222401,-0.823315487182,-2.97855639916,0.0376597493887,4.79147506732,0.615234375
107.00390625,109.2890625,95.97265625,77.3673763433,55.5734701409,53.3755052887,44.7979835296,-3.32905453264,7.65750625216,0.0185263715684,4.96572167365,0.537109375
110.9609375,117.209960938,55.6201171875,58.9880519342,56.1602744315,37.6964026796,46.8103093383,-11.547514747,31.6447697845,0.0340326912701,4.95251804069,0.5771484375
128.059570312,128.125,86.47265625,29.5639099527,27.2037666854,22.1909159865,52.4890713922,-6.78622799086,22.4539566818,0.0381402298808,4.48448118768,0.6533203125
75.7666015625,71.439453125,68.6494140625,54.9891610216,35.1154380626,30.7086411974,30.3047454664,1.39807713096,2.34729923894,0.025465015322,4.72805737751,0.5146484375
92.080078125,93.33984375,70.9208984375,38.9287639878,41.3777346903,34.1577022903,38.3714388419,-4.33006709666,12.2973833647,0.0623933114111,4.92616150384,0.783203125
178.887695312,148.659179688,129.750976562,44.995161252,55.0194927612,46.1617559663,63.8089044307,8.7080183392,15.0822924068,0.0149923879653,4.89304580371,0.556640625
95.939453125,115.512695312,70.611328125,58.9535887877,33.4850397298,29.8688753626,46.4724434602,-13.9856765684,23.3283682131,0.0310172252357,4.86834616885,0.751953125
114.924804688,92.193359375,80.7587890625,37.9421487314,26.9879840675,18.5034155657,40.8609099463,7.64253055656,9.81292228777,0.0242363587022,4.59521980794,0.6064453125
140.030273438,138.422851562,113.615234375,26.788998688,20.644590726,14.9332630741,57.4343784761,-3.36746762755,14.0173945069,0.00789743382484,4.01527127914,0.3193359375
137.475585938,123.342773438,128.147460938,57.5727239635,63.0603063181,64.7319045464,52.1894084748,6.72776025509,-0.416348813313,0.0324329845607,5.04933642079,0.619140625
100.916015625,105.286132812,96.48828125,28.2775856974,22.4178439993,21.356988468,43.8040707028,-3.42400645613,4.44993739513,0.00546473637223,4.49958310829,0.3017578125
155.135742188,124.502929688,97.2138671875,34.9827542869,29.0988011057,25.7203288376,54.2340272521,7.94884696166,19.4187255056,0.0463843867183,4.55689569508,0.52734375
67.484375,81.880859375,78.6162109375,56.7833718474,57.1009032263,56.5503972799,32.5595316995,-5.88165089594,0.232963671561,0.0455368161201,5.08285018697,0.701171875
103.083984375,96.423828125,91.2490234375,30.456917211,35.405133734,37.2008838708,41.281096305,2.22962089817,4.41178458571,0.0270984172821,4.6791507254,0.654296875
96.12109375,79.5869140625,65.7333984375,42.3909099048,49.1970315639,53.1960757791,34.4000486821,5.55400748255,11.0625605246,0.0198945105076,4.91715263993,0.5087890625
147.072265625,111.829101562,91.7783203125,55.9239740311,50.0713074803,46.4351727915,49.3588019976,11.2615474915,16.5427576206,0.0158362463117,5.07244710096,0.611328125
129.796875,111.728515625,72.7802734375,50.4036417296,38.8631479037,29.434905033,47.5622432105,1.18338052043,24.2171541726,0.0214341953397,4.86808644514,0.6650390625
157.430664062,146.141601562,133.4296875,45.7329318096,44.9101801926,44.6191888012,60.7347105973,2.08834279492,8.30721909508,0.053591363132,5.04132311613,0.693359375
115.84765625,109.770507812,76.1484375,87.0815902122,82.8386460455,55.8822303549,43.9999910679,-2.74368858081,18.3078272162,0.0788847729564,5.01718100309,0.69921875
15.7744140625,19.5185546875,10.58203125,22.7700995013,25.5264042116,15.1022914941,7.18007323882,-3.15336387361,4.74111201277,0.00166912435088,2.97707546656,0.1240234375
75.1513671875,72.8720703125,64.9423828125,72.4220859496,65.2641585544,64.2146029727,29.8300108243,0.281815117473,4.79545774204,0.0215962193906,4.86993921224,0.458984375
119.869140625,117.547851562,94.9306640625,51.0082758378,44.1076636366,35.3314395718,48.6402605317,-2.85728597947,12.7368857966,0.0183372143656,4.94095955732,0.7177734375
123.482421875,118.622070312,118.588867188,64.3169920959,65.518758803,66.2694098416,49.0782653324,2.0485010004,0.770405252156,0.0533946603537,5.26364936713,0.779296875
140.297851562,104.4609375,74.779296875,60.231682862,57.7735885732,52.7468167832,46.546174878,11.0757136272,22.5173789055,0.0291462168097,5.18477322422,0.69140625
56.5927734375,50.44921875,39.4111328125,56.7803572656,51.950748154,42.6700860469,20.8109159912,0.779582894157,6.97235191802,0.0510236546397,4.53436540964,0.587890625
178.064453125,174.249023438,163.826171875,23.6488748843,29.3776511274,32.9183865705,71.0806324686,-0.347981399338,5.96890666414,0.0121782273054,4.52767326898,0.3955078125
100.473632812,108.623046875,103.255859375,20.2148926017,18.3691661682,33.9402761992,45.2676722097,-2.44832463504,2.34787214326,0.0071800048463,3.50138296199,0.1845703125
88.2548828125,82.1865234375,75.052734375,70.2810935107,68.8965722656,67.4888529015,33.7270435029,1.66293483082,5.10549377115,0.0435975380242,5.07506542172,0.6591796875
133.115234375,138.35546875,125.1796875,49.1607932812,58.4730891744,64.9332961336,56.0914847356,-3.16196891213,6.77921362081,0.0108420671895,5.10195884427,0.5244140625
130.369140625,80.4775390625,37.564453125,27.073620421,22.8054244892,15.2062559756,38.9569877372,16.881787125,33.1517025372,0.0158816128969,4.36837673101,0.4169921875
175.00390625,144.379882812,120.12890625,51.5465504155,37.5783455761,45.9301969575,62.1421125897,8.28875194195,17.6994131482,0.0369762219489,4.96402525532,0.6669921875
139.455078125,147.041992188,113.514648438,65.0182811852,73.351753094,54.0042657845,58.3572546756,-7.87612133501,16.0775616317,0.0421801507473,5.22671317529,0.640625
139.228515625,124.545898438,92.6328125,44.7963766251,45.9542894783,51.6205538482,52.3581958663,0.973318928381,19.6393504119,0.0155307594687,4.80923127305,0.5615234375
216.169921875,192.794921875,162.612304688,21.3084772962,34.6051518811,46.2752368325,79.2687655095,4.30773388832,18.6504287737,0.0201933123171,4.62810002415,0.4169921875
132.288085938,141.254882812,112.791015625,67.870496618,72.3153661623,59.5994382883,56.0696775309,-7.69876377867,13.4170503878,0.0240710526705,5.21080718189,0.609375
112.975585938,108.455078125,91.9189453125,38.2755785295,36.8560588747,43.7311596985,45.5642331856,-0.0443898007819,10.1392736244,0.0324143208563,4.78745095746,0.62890625
92.3583984375,108.513671875,96.5751953125,65.690008484,65.2419760436,70.9542670848,42.8711157256,-8.49476375746,4.87246993776,0.0471626520157,5.2307049919,0.7373046875
157.818359375,144.065429688,120.811523438,44.8964543818,50.9669644097,52.367155439,59.8668728616,1.68293301133,14.5707473642,0.0194303039461,4.68059365798,0.458984375
110.010742188,110.478515625,81.32421875,58.5437443438,51.9340733615,53.2847814022,45.011537441,-5.28977236041,16.0681923027,0.100484125316,5.17436518956,0.7734375
159.727539062,126.670898438,113.85546875,54.6717565142,55.5911070617,57.5594174101,55.8905968208,12.6550678823,13.0675073443,0.031544059515,4.99819203844,0.65234375
140.552734375,137.211914062,119.586914062,66.6421263191,66.1399366891,67.9023041928,56.0355738437,-1.31036143213,10.1358668284,0.0213138647377,4.97848377648,0.720703125
135.720703125,134.05078125,135.081054688,49.3279257508,50.8239854733,56.2261084024,55.3956107614,0.880568279588,-0.0834172878615,0.0283203311265,5.04576729178,0.5888671875
134.569335938,109.13671875,69.775390625,35.9943989397,36.640206679,28.4668519511,47.3143437294,4.81427930501,25.6962830131,0.0120166912675,4.78776527983,0.5322265625
107.6953125,129.040039062,100.8203125,55.4703867496,40.6892683755,66.3786261479,51.5183442988,-12.7751123304,13.03069538,0.0223602838814,5.06822203499,0.5615234375
135.435546875,138.201171875,129.994140625,58.3593707839,61.8757146312,61.118353141,56.378968906,-2.2317246809,4.3015748035,0.0303871333599,4.83765683202,0.5830078125
146.788085938,119.286132812,87.9658203125,47.9593436894,35.3752645072,22.7653580482,51.7441661058,6.50597633885,20.9672291651,0.0235641300678,4.79976714769,0.63671875
105.26171875,92.8076171875,102.123046875,55.1030981449,47.0233807846,46.0591554087,40.1112341417,7.11213056487,-3.590260644,0.0231674928218,4.85431970179,0.39453125
102.0859375,108.149414062,61.0869140625,25.6447035052,22.0074592213,19.0011632212,44.0262616261,-10.2442176852,25.4203740226,0.019063282758,4.29775815257,0.5419921875
79.197265625,67.060546875,56.013671875,68.9923863011,56.3085827412,45.1936351363,28.7003360621,3.24456523933,7.87682210403,0.0131094418466,4.48454873469,0.384765625
112.13671875,111.049804688,108.294921875,74.1549058255,76.278378812,76.6294664634,45.1398327939,0.198672251161,1.7112630425,0.0325012244284,5.04700737895,0.5517578125
120.662109375,117.411132812,107.328125,76.6427837352,68.3470714863,67.6647854749,48.020283711,-0.334520788113,6.08762121498,0.0558147765696,5.16441163722,0.7021484375
77.369140625,67.126953125,65.7783203125,37.8604869168,41.7453157001,45.405579816,28.7876424575,4.41731791392,2.76173733171,0.0243145674467,4.29057369828,0.46875
143.96484375,123.500976562,80.5244140625,39.0047665153,37.1266571471,26.1849526962,52.3534852979,1.86027718345,26.2174799189,0.0170446932316,4.58577370527,0.560546875
118.955078125,134.512695312,96.6806640625,27.4830902129,32.0345247558,22.5869106425,53.7199235389,-12.569786596,18.3832539398,0.00446542864665,4.07438481312,0.232421875
126.916992188,133.712890625,92.193359375,71.9281728881,75.4332382149,56.8774356865,52.7357276227,-9.22719844693,20.7889319473,0.0166604630649,5.30613113863,0.6865234375
128.78125,100.247070312,54.669921875,29.2204210752,21.0840600709,16.8422840733,44.2849042662,5.76896179596,29.799041417,0.0119440350682,4.21389183748,0.4033203125
113.41015625,130.40234375,73.1044921875,30.3161359671,41.606088919,30.9985480276,51.9769718425,-14.6226802609,28.8098911153,0.0183183401823,4.68082468246,0.52734375
147.65625,146.33984375,141.94140625,39.5197611764,39.6825751666,41.261225797,60.2806910773,-0.283943196825,2.58330674345,0.0210523605347,4.95067749724,0.6044921875
123.236328125,114.525390625,121.159179688,49.296167374,44.7023941508,39.3740457934,48.6024566386,4.82583307037,-2.69476231481,0.0213222764432,4.8243817891,0.5439453125
95.08984375,84.7744140625,68.875,42.989094438,40.8213630505,37.8910856931,35.993282091,1.51861239228,10.8155013088,0.0133575899526,4.78095237579,0.5546875
192.508789062,163.073242188,143.9765625,40.9118469349,49.9176421996,62.3205504885,68.9315885391,8.97101404101,14.7015259309,0.0246233474463,5.10746659988,0.6650390625
124.359375,121.975585938,106.840820312,41.0261415089,55.7284710888,28.5872952706,50.4682667861,-0.834834194132,7.92887014963,0.0173012521118,4.75002622647,0.4521484375
175.536132812,109.54296875,96.5166015625,55.2333178213,71.5614772674,67.9358880169,53.2012586792,25.1214163007,20.5949638789,0.0627992451191,5.27231013907,0.7568359375
125.96875,83.017578125,91.3984375,56.6500617139,67.8942744531,62.847529392,40.0265154721,19.218518161,4.12417212788,0.0362451300025,4.71211197524,0.6328125
183.078125,143.439453125,138.875,60.0262454805,62.6751471355,61.8694284108,62.7842150957,14.8258714242,9.05900368425,0.0341372340918,5.14868945624,0.6826171875
133.975585938,131.643554688,120.381835938,83.4593276087,62.9375535118,48.0454466469,54.0785257241,0.26899291356,5.69508199415,0.0323564596474,4.91742203478,0.5341796875
157.302734375,144.1328125,125.374023438,40.4968429559,32.835972817,26.7806072892,60.2666653294,1.82288795565,11.6653217487,0.0129869924858,4.36051578894,0.3544921875
141.759765625,132.8046875,123.046875,35.2769304035,37.8360068655,37.564394581,55.8264412113,1.95407744298,6.71159143377,0.0218963772058,4.7099089935,0.5439453125
98.2587890625,103.5390625,110.819335938,40.0362679927,48.5270587121,55.8705218524,43.0509543524,0.653348935184,-4.1997092773,0.0389322899282,5.04603226745,0.71875
97.4970703125,101.232421875,83.8876953125,57.0745297356,57.5658987494,53.6643402186,41.0037476397,-4.51173804363,9.37631030924,0.0437054745853,5.05130940049,0.564453125
58.9716796875,60.0322265625,54.5478515625,58.5781410769,56.5698021575,52.7687286738,24.0949409461,-1.45019714299,3.66600154024,0.0172413457185,4.53720019977,0.4541015625
108.547851562,105.506835938,64.767578125,50.0726196786,48.9964917445,35.0897939054,43.2413054042,-5.15560519243,22.7433046586,0.0194313246757,4.9909668825,0.623046875
80.21875,81.82421875,60.3271484375,37.216362224,38.3119947889,30.5012071558,33.6510943787,-4.28013407901,12.4025126823,0.0525048039854,4.79289477931,0.8095703125
77.7373046875,88.45703125,77.6953125,29.7845180356,38.7335160173,31.213649757,35.9956872954,-5.77724365238,4.83215737454,0.0118606062606,4.64816948936,0.5498046875
139.109375,124.57421875,116.370117188,45.0347278107,54.3894409647,54.6098978479,52.7324261227,4.89450842746,7.06100102711,0.0464713647962,5.06140688923,0.7333984375
109.453125,101.942382812,97.140625,38.4876673379,38.0408857014,34.631369986,43.2581638377,2.21895770993,3.77527252912,0.0259990338236,4.86864081661,0.6845703125
99.021484375,99.021484375,99.021484375,59.837667179,59.837667179,59.837667179,40.7539601841,0.00363942240714,0.00166484185978,0.0128579754382,4.89478000511,0.51953125
151.588867188,123.287109375,74.138671875,94.7477526587,75.2666327512,30.7810486763,51.6509207749,5.10599128943,28.2579910704,0.0574909038842,4.5087625263,0.5927734375
122.672851562,119.469726562,83.99609375,63.2787376451,62.9357703766,46.7356886556,48.8614580171,-4.11396927108,19.2598484017,0.0774338245392,4.83528002294,0.7470703125
77.9814453125,59.32421875,29.03515625,41.5571971178,27.6112868851,21.4652866196,26.1947068517,3.85377446189,21.0151690328,0.0311785824597,4.61765712829,0.6240234375
125.1796875,125.1796875,125.1796875,54.7240497282,54.7240497282,54.7240497282,51.6060241652,0.00450408211414,0.00206038010317,0.01648164168,5.0426670219,0.5478515625
79.4912109375,69.43359375,64.41796875,46.3000565362,40.7128315487,38.2568048146,29.7461777248,3.61193443565,4.39681066741,0.0410685911775,4.89902063239,0.6328125
113.642578125,111.145507812,108.8671875,61.6434523559,54.308933637,45.1927721844,46.0823543652,0.776034859785,1.17622931964,0.021453756839,5.03680829115,0.5146484375
106.537109375,102.552734375,102.797851562,57.1707505342,53.7962296863,51.4646149985,42.8909012188,1.80904472093,0.345710130059,0.0107456585392,4.80273207532,0.4208984375
161.073242188,155.4609375,161.610351562,54.3841542836,53.9961699081,57.4726457546,64.0586253609,3.24298026802,-2.35149831368,0.0772844403982,5.16874144198,0.84375
112.459960938,105.420898438,62.6748046875,13.3525789877,12.0898973504,15.8661611085,44.2912900977,-3.81646170427,25.0113995992,0.00325791607611,3.81463670333,0.126953125
154.649414062,143.569335938,125.814453125,35.1928717543,34.7369731252,29.7734077111,59.8050216885,1.17079096572,10.8601306069,0.0141141591594,4.62443536766,0.4072265625
132.7578125,97.7236328125,67.0615234375,46.0327449848,43.3700779368,29.0413418281,43.8974355188,10.5631259059,22.5089398775,0.0597646534443,4.86510630281,0.64453125
147.119140625,111.014648438,69.498046875,60.697471703,58.5492812946,46.7341215942,48.6878332542,9.59794830595,28.3980404036,0.0280402060598,5.16899825271,0.7333984375
122.9375,109.384765625,80.8056640625,39.6805111957,35.1421555406,34.0254432481,46.3507641519,0.973546937302,17.8289682362,0.0284974724054,4.65947533293,0.51953125
88.5556640625,131.887695312,74.7744140625,46.4035545003,35.4311624205,46.8059166938,50.6696972551,-26.0615505109,26.4147069625,0.0261268652976,4.57378583672,0.3662109375
161.548828125,151.486328125,114.471679688,25.1404561949,28.0066922909,19.9862545224,62.4889757218,-2.12965225574,20.8321928551,0.0209746286273,4.20276951838,0.365234375
126.529296875,125.904296875,124.036132812,70.6407830891,73.4626992743,78.6030478042,51.2656479035,-0.042623465042,1.46810063828,0.0350561738014,5.20833606895,0.697265625
35.1611328125,29.623046875,18.4833984375,49.168639303,42.8090839889,31.9008124311,12.335477417,0.659941484705,7.36854256753,0.0260565392673,3.49529544314,0.435546875
214.6875,210.12109375,201.095703125,58.5658516917,64.96145931,75.6440357053,83.6495010157,0.365285994352,5.53721773259,0.0263368207961,3.16686377034,0.3974609375
114.9140625,84.654296875,62.8115234375,51.3531967639,39.5700726004,33.4145164004,38.1973812786,9.56507336733,17.6083795822,0.060120087117,4.96779850908,0.8310546875
81.0537109375,81.7275390625,80.75390625,44.5797876475,45.0779596336,46.8572673165,33.8522973964,-0.363305455788,0.591199748152,0.0235062185675,5.02806549055,0.7099609375
115.373046875,163.217773438,216.83984375,48.1128992101,28.0441274163,51.036385366,66.8674411894,2.55247841817,-29.7528403331,0.010801255703,2.63412910324,0.27734375
159.797851562,157.647460938,124.606445312,69.0941468447,68.86312946,73.7860769642,63.3751326149,-4.16916989401,18.0637962423,0.0625812485814,5.26832046707,0.7275390625
132.749023438,128.501953125,108.40234375,38.0748453274,39.4436900364,53.2002246307,53.3956566284,-0.968638082394,11.8275327247,0.0198504477739,4.97356434634,0.5595703125
121.618164062,115.560546875,90.1845703125,54.0351601946,51.6227512193,43.6748698236,47.7898063188,-1.89373731132,14.7325222651,0.0377055108547,5.05615539856,0.7119140625
181.022460938,167.409179688,147.553710938,97.8334167102,95.9962846862,89.7947260047,67.445246872,2.5771293859,11.8694541548,0.042422927916,4.86627785741,0.52734375
96.7822265625,96.0966796875,83.3466796875,63.8024633736,62.4478800549,66.6686355165,39.2612831333,-1.81426908931,7.54879054703,0.0288257561624,5.06311612571,0.5888671875
114.483398438,138.224609375,78.546875,52.4484095268,56.4869345015,34.3059782907,53.6556210715,-18.6992148273,28.4847957937,0.0316308960319,4.98817415414,0.484375
54.5546875,91.642578125,120.639648438,32.7114953977,28.3447867712,26.3585558607,37.3052198061,-3.18895550681,-20.3705120376,0.00741759408265,4.24248433531,0.1728515625
203.26171875,206.342773438,183.9296875,29.7721795502,28.8701072445,33.1618447433,81.9819829106,-4.92695400415,10.8896591851,0.0138993905857,4.65040227272,0.494140625
98.03125,84.0048828125,55.36328125,35.5779431539,33.2062825791,34.4174292036,36.075678941,1.45142349298,19.0767527776,0.0165313519537,4.62061114407,0.388671875
96.3076171875,84.7802734375,75.0673828125,44.3405246865,50.4483372179,57.5146750175,36.4814842508,4.60491765514,8.41108970634,0.0282740965486,4.7229768983,0.48828125
122.145507812,122.926757812,123.348632812,62.612159669,65.5266488224,68.4192936548,50.3060541557,-0.0177929593385,-0.155322063025,0.0380605719984,5.27751685004,0.697265625
132.435546875,118.951171875,107.3046875,49.3140421386,43.1979405636,43.8573341561,50.7216640557,4.61641916392,8.75359560977,0.0645068585873,4.68586738949,0.6083984375
158.134765625,126.5,106.581054688,40.3614698007,30.9653599305,30.5010769607,55.204964051,9.29080185991,15.4487296376,0.0164404548705,4.66751053665,0.4169921875
69.849609375,103.223632812,66.5517578125,60.3092845633,49.3320203372,44.7888629349,39.7386740427,-19.3949021429,17.1350537505,0.0390155091882,5.02920458669,0.701171875
120.436523438,130.620117188,59.244140625,69.8776544807,75.4324331976,29.8351421625,50.7171308832,-13.8693899871,34.7673699545,0.0227675233036,4.83737579506,0.556640625
108.65234375,101.27734375,82.6259765625,37.414306181,36.6646441046,33.1700128867,42.6093130919,-0.32706719172,11.5718722064,0.0419430732727,4.7613690255,0.6708984375
135.981445312,113.389648438,105.0078125,72.6186707081,68.6488995999,65.9976616648,48.2720601574,7.93069216995,8.03920774514,0.0353412218392,4.9872664049,0.53125
153.432617188,156.330078125,147.755859375,31.3178225046,42.7470808761,55.3648319252,63.7672562623,-1.78335110059,4.66981182209,0.0479986742139,4.48632342989,0.4501953125
39.5966796875,38.4052734375,38.3271484375,64.1333177835,68.2433090493,67.4074264303,15.5845660891,0.450900178516,0.228393002027,0.0388038977981,3.36614866823,0.3671875
148.13671875,133.497070312,126.709960938,64.4413103518,68.1970948165,71.4069328359,55.6572855611,4.79468732484,6.19479335065,0.0426912084222,5.228473687,0.6611328125
114.595703125,120.798828125,88.1103515625,49.8760634001,48.0386050667,28.0384872603,48.7769728447,-7.6455537003,16.2968305039,0.028446931392,4.78867758163,0.5478515625
94.796875,103.140625,51.544921875,53.8579743073,53.9465134959,44.4352796298,41.0718398494,-10.9862935519,26.3147597258,0.022759443149,4.86009598276,0.4658203125
194.83984375,218.896484375,241.423828125,36.6783918418,25.7336687317,24.7975013428,86.262226506,-2.82342887473,-13.6041617434,0.0173373110592,4.26797567908,0.1455078125
105.278320312,106.045898438,99.8828125,37.7979269272,36.1420380827,39.6014314951,44.2185786679,-1.41149328521,3.49483160723,0.0187875963748,4.81392112376,0.72265625
147.026367188,147.006835938,145.01171875,77.2970394814,77.5173679641,79.5865405756,59.3661719668,-0.359849659539,1.24274592059,0.0247765295208,4.94630179234,0.3935546875
93.740234375,89.759765625,74.025390625,37.1957567297,30.9327474624,31.5002997853,37.7570516829,-1.35555595893,9.81856732731,0.0678798109293,4.73757597988,0.7705078125
96.4716796875,87.7041015625,62.216796875,72.8703711726,73.7658837687,68.7274243551,36.592817678,0.699108085331,15.3064073596,0.0329004339874,4.57422822215,0.6552734375
115.521484375,119.82421875,117.251953125,48.5053710716,33.4181071008,30.3475795101,49.7697999776,-1.60874364253,0.905317138409,0.0226210951805,4.71743197872,0.5419921875
151.595703125,133.303710938,132.248046875,78.3690477024,81.1634668161,65.4989041244,55.7684960708,8.05684497778,2.58958194052,0.0934294760227,5.08889254223,0.65234375
142.776367188,138.459960938,120.021484375,70.5134751922,69.5816064731,67.8395649284,56.1122381943,-1.57671135177,10.4826018409,0.0290096420795,5.20260744858,0.611328125
205.068359375,192.806640625,176.251953125,47.4560982856,47.728231651,44.0640402667,78.1209943758,1.61617094292,9.86482148337,0.0495654456317,4.50113909717,0.48046875
136.983398438,123.66015625,109.825195312,61.409746384,67.2500416355,66.1324702624,51.841476938,3.91894715647,9.79728231415,0.048269815743,5.1676306284,0.7587890625
71.068359375,58.0908203125,52.88671875,71.9586145086,70.4653654516,58.9811680368,23.913954417,4.57089561086,4.90364312477,0.0402572453022,4.32137127251,0.4443359375
87.2978515625,90.4599609375,70.19921875,42.0970576289,45.0927251962,37.6629967941,36.9083407669,-4.8839176433,11.1246266821,0.056539427489,4.98545794999,0.822265625
111.543945312,130.688476562,148.36328125,57.720501314,53.0949328887,49.311201458,53.2537414538,-1.15789718756,-11.8330864915,0.0169891919941,5.05486737744,0.650390625
165.447265625,156.328125,115.393554688,21.318986191,27.6899291753,23.0773241115,64.2987561962,-2.91236884876,22.8688443484,0.0173602029681,4.16714211814,0.392578125
123.74609375,128.48046875,135.344726562,87.7835138123,93.8104472282,104.01408085,51.419394237,0.299702899582,-3.57653489008,0.0472763329744,4.84073500209,0.421875
96.63671875,94.5546875,93.78125,69.8088129858,72.2525473809,61.7250629683,39.1131442157,2.02469945735,0.51810839021,0.0523569360375,5.06848165272,0.732421875
91.4365234375,85.8818359375,90.2001953125,54.5527077591,44.6665455914,36.6150258384,36.497348198,3.96245417401,-2.10477250465,0.0328363738954,4.97326921455,0.6728515625
143.27734375,144.78515625,143.194335938,70.1162764347,70.1576818783,70.2177161636,58.6514256942,-0.691578573395,0.671782325935,0.0132546462119,5.22509338911,0.619140625
84.7841796875,81.142578125,58.345703125,64.7341566623,61.3995398973,54.1479961711,32.9208481779,-2.34385751119,13.4540747121,0.0636601746082,4.98277907681,0.7490234375
165.58203125,150.896484375,146.963867188,68.9245448316,77.3792849388,78.4982562449,62.3885062703,5.62356317193,4.52159246264,0.0565851666033,5.11733657467,0.73046875
153.000976562,150.787109375,146.09375,80.5015103157,81.4820459869,84.9822993978,60.7410112551,-0.0188829252094,3.08128252543,0.0251088254154,4.88310446761,0.5634765625
173.1875,177.41015625,180.493164062,47.9753558155,50.5766139755,58.4395550453,71.6072950829,-0.66271485231,-1.74162148352,0.0147717176005,4.85878435057,0.333984375
138.669921875,135.752929688,136.060546875,45.3130865651,49.3726511626,58.6182052807,56.1985285373,1.67227625152,0.652953561186,0.0175201296806,4.9231676448,0.478515625
102.427734375,111.993164062,71.2958984375,38.6871295967,35.2731106664,36.2820890134,45.2157393191,-10.7082173489,21.4860118412,0.0532251149416,4.86899829958,0.8212890625
117.651367188,94.40234375,76.8876953125,46.154510145,24.5890488354,22.4049660755,41.9501495042,7.70872725065,13.3568432498,0.00967583619058,4.42555100559,0.31640625
119.438476562,113.783203125,112.943359375,82.0400419338,82.6442150448,82.6736968522,46.3726070843,2.24483578032,1.29915437924,0.04576125741,5.19263264562,0.658203125
148.427734375,135.474609375,76.5546875,20.989968129,17.7941610596,22.4822181796,56.4315721845,-3.26562902354,33.1060249251,0.0116646122187,4.16823182539,0.271484375
142.048828125,149.845703125,129.299804688,55.8214015035,57.8207056769,69.3933179642,60.344736656,-6.02354269031,10.6812865171,0.0451970845461,5.0442094087,0.634765625
151.6015625,133.892578125,103.8046875,47.2262200153,45.9460895838,42.6145393311,56.4797207841,2.27674815514,19.0443199939,0.038976136595,4.9439468331,0.671875
161.24609375,155.247070312,144.771484375,41.8134106821,47.5938884109,63.1816463608,64.1527894535,2.0277210458,7.2352862705,0.019608721137,4.87778255445,0.5126953125
132.853515625,136.809570312,87.748046875,57.2359257685,59.6995232181,52.6301307261,54.7572581892,-9.02583027974,25.3987607712,0.0994742289186,5.21022553077,0.8837890625
105.329101562,104.291015625,108.990234375,46.4593666213,44.6697219591,48.4765961406,43.7774805302,2.02968228934,-2.18276176392,0.025080980733,4.96406463906,0.6552734375
178.60546875,121.958007812,47.2626953125,42.9619950301,40.8780722557,22.1777781289,55.4166265234,15.5639899108,47.3204069242,0.0180850885808,4.76575618947,0.587890625
148.814453125,117.165039062,86.2685546875,44.5409829944,45.6180764053,44.8405720505,51.2533858768,8.59722954826,21.9794331627,0.0187966264784,4.91567204536,0.6533203125
107.583984375,146.120117188,63.15625,33.9394390754,19.7951971365,39.9857274341,56.2958846862,-27.1743554586,38.6852028712,0.00981169100851,4.06184742488,0.2333984375
146.1875,139.358398438,104.9609375,44.2363149742,45.6368292432,44.4208218251,57.4009394982,-2.73879037377,19.6075179684,0.0611011572182,5.03588167929,0.7578125
140.354492188,130.026367188,115.291015625,36.5459139642,39.9066083589,48.0352580198,54.5653845094,1.82376982507,9.68754327084,0.0242701992393,4.97281172121,0.64453125
153.934570312,137.485351562,97.607421875,67.9112228981,67.4030248147,31.4600159117,56.7698360038,1.21062863519,22.0452348934,0.0521063655615,5.06316844799,0.634765625
108.833984375,104.08984375,104.631835938,72.3550934502,70.1724280788,71.5923805122,42.9311645933,2.43986212368,0.445742882847,0.0557087697089,5.2935011349,0.77734375
112.896484375,119.194335938,115.661132812,65.7968362424,69.7959660867,71.6485387061,48.0714538693,-2.81305458947,1.30287337878,0.0214792191982,5.2505131859,0.53515625
179.3515625,147.951171875,93.388671875,37.9597782289,34.1793231565,35.7824277726,62.8287210946,5.08360382762,33.010314612,0.0327366665006,4.74986763093,0.4375
173.178710938,172.908203125,167.608398438,43.6589711023,33.63881238,28.0776331651,70.3843713327,-0.611159824439,2.69425696597,0.0143280513585,4.59129263714,0.3759765625
45.662109375,71.6962890625,52.01953125,35.4247261182,38.3309823117,23.7485939011,27.4122480851,-13.6345412263,8.1199454189,0.0378240644932,4.595359293,0.6025390625
168.654296875,162.219726562,123.166992188,49.6385137957,51.4218684625,36.8975360735,65.7430425125,-3.70725253772,20.89588797,0.0259857214987,4.84514856236,0.4072265625
131.494140625,101.895507812,74.47265625,55.1362832561,35.7138942912,23.4335253791,45.2067112772,8.56883207442,19.4108884128,0.0403181947768,4.75782533583,0.595703125
108.969726562,124.09375,90.6826171875,43.3180919632,45.9548330395,36.1089639281,49.4854988955,-11.4927442306,16.1682564611,0.0354659110308,4.97941872317,0.6650390625
149.314453125,154.603515625,148.97265625,68.8879918136,58.8732668547,64.6477477069,62.529343032,-2.40268163987,2.53747994628,0.0519758984447,5.25981925113,0.736328125
114.780273438,109.233398438,96.6845703125,53.7927842215,48.5970478963,57.3097320437,45.9106722253,0.879090428137,8.47761267581,0.0601176247001,5.08346622948,0.7080078125
171.717773438,168.459960938,180.826171875,59.1976251612,69.3211809712,79.3268127513,68.6593373282,4.1376837219,-5.28407230598,0.0223354026675,4.62357628005,0.43359375
111.147460938,124.544921875,116.484375,46.9912800816,44.3237152327,55.1605942871,50.4276065123,-6.24397942871,3.25059495054,0.0221019610763,4.8273090091,0.5673828125
115.135742188,112.803710938,95.3916015625,21.4755977943,14.4963473948,16.0441884854,47.3043342605,-2.16783451274,10.1050957787,0.00654258904979,4.09676728608,0.3076171875
137.094726562,135.208984375,91.658203125,21.1541914509,21.7705380166,35.6727253115,55.5039798617,-6.09141437312,23.7512462712,0.0143335238099,3.9999197965,0.22265625
130.989257812,116.858398438,98.537109375,48.5179863741,51.9336873203,49.7446270442,49.2626914883,2.77867345558,12.263327744,0.047764994204,5.06686260048,0.763671875
147.840820312,137.776367188,99.0244140625,43.8057351869,51.0442496081,63.3046051782,57.0269345756,-1.43423227664,22.7286299974,0.0237951949239,4.96624077704,0.6025390625
86.1201171875,79.97265625,76.2119140625,41.8402400692,37.6150479256,36.8535559291,34.1149905483,2.36191644836,3.23974338726,0.0206527262926,4.82052662238,0.52734375
83.255859375,63.53125,54.4189453125,87.2440954577,64.234502326,44.9041652315,27.8412744372,6.58361360461,8.17371843618,0.0149032957852,4.30794499812,0.3974609375
142.5703125,123.702148438,107.859375,46.3945896283,47.1541702995,51.6039014657,52.6627389197,5.17290806383,11.7186645782,0.0151007864624,5.0597643632,0.62109375
100.237304688,109.184570312,67.6123046875,44.0356449075,35.4953247941,27.7053956867,44.0504060702,-10.8361146159,21.9042570362,0.0287349745631,4.75380392443,0.6455078125
177.399414062,163.629882812,121.815429688,67.5797246173,70.9031354372,60.8289105894,66.3541902849,-0.916027783541,23.4105460362,0.024647988379,4.71331854148,0.4462890625
85.2705078125,73.4912109375,61.4296875,53.4899054924,60.9517925618,64.2273103898,30.7815378647,3.91041090847,9.29564448985,0.0252167657018,4.64131530726,0.431640625
128.907226562,121.60546875,89.853515625,38.687300415,45.1377731378,26.2278185178,50.5538665545,-1.94468075353,17.9733598452,0.0248447414488,4.82301257302,0.7138671875
161.901367188,156.002929688,159.123046875,41.0391276483,42.4199497861,43.0640023333,64.5360691315,2.81799596699,-0.833425805772,0.0412113144994,4.93172018934,0.7265625
84.0986328125,89.3095703125,71.6669921875,47.9174403728,48.8405095915,34.2194412649,36.2288121127,-5.1717887732,9.05012517872,0.0459054857492,4.99691461346,0.759765625
128.49609375,131.774414062,122.795898438,72.1375637913,61.6816968652,65.8031981108,53.5675982511,-3.07867282493,4.71447109021,0.0339883267879,5.22788504461,0.7822265625
154.146484375,139.236328125,120.678710938,24.6692184555,22.0230438749,22.9227919444,58.6729300551,2.49914608049,12.0302537601,0.013075299561,4.17970807571,0.380859375
168.267578125,149.5234375,110.516601562,47.340240006,48.4587396729,47.5816292611,62.0972215372,1.35549615363,23.1269091572,0.0385372117162,4.78322733663,0.5263671875
85.5029296875,91.9814453125,111.99609375,49.9656717236,56.6335417766,64.7376465078,38.1341007208,2.91566599296,-11.7851947403,0.021674444899,5.16834615495,0.626953125
112.868164062,100.275390625,83.689453125,60.7946016999,61.6813916986,61.1794974186,42.0939896477,2.67802303876,11.4902969606,0.0393242016435,5.2314285884,0.720703125
121.876953125,96.0673828125,70.705078125,76.1511814589,66.1102915957,70.9110973277,41.2939002316,7.07320668293,18.4942442342,0.0270111169666,5.14409478686,0.6279296875
81.3603515625,69.67578125,71.822265625,54.1793177058,54.2322511952,40.1708224087,29.9350149409,5.54886080985,0.169404871818,0.0344343483448,4.90264745345,0.541015625
117.927734375,130.981445312,104.580078125,33.0077028821,22.4084214312,41.5699174959,53.1096130848,-9.60690770922,12.9946331936,0.00838141422719,4.71760319225,0.384765625
121.939453125,107.884765625,97.86328125,36.4854991274,30.2751122899,31.7469065203,46.3444368218,4.04058328172,7.57899556684,0.00992001406848,4.71532063062,0.458984375
135.005859375,106.002929688,98.2333984375,61.1956548195,60.0002522066,62.1050900076,46.5566826299,10.9327381811,9.20798389711,0.0636308640242,5.28882811655,0.822265625
95.244140625,83.0927734375,49.640625,40.5612596695,16.6556398377,12.8574573297,36.1617117535,0.117048790812,21.3920134435,0.00383509881794,4.15646325171,0.2548828125
110.592773438,103.276367188,106.907226562,79.2246804149,69.0833734582,57.5097663795,43.1941575126,5.46543540347,-1.58907786876,0.0391929410398,5.11719037497,0.626953125
123.358398438,104.2421875,76.826171875,43.5144267987,45.4718097929,38.649353399,44.7546008586,4.06089838282,17.9820493815,0.0456425696611,4.92145786205,0.7392578125
160.55078125,143.125976562,154.548828125,62.7055320477,59.8534403791,64.3000440333,60.6375961504,9.55329267741,-3.38056316807,0.0317311473191,5.09291489695,0.671875
96.2412109375,120.02734375,80.150390625,47.1559851394,42.9813190069,41.2154073683,47.1686860945,-16.5083212292,19.1748696612,0.0451322309673,4.7952233097,0.5302734375
165.470703125,138.072265625,106.397460938,53.4810962614,53.9835826854,47.6564778007,58.5743629823,6.09520967186,20.9442575508,0.0444265604019,5.03932225166,0.7041015625
133.130859375,141.60546875,81.8203125,32.7829102422,16.8219249075,25.607290708,57.0822392423,-12.60541077,30.9864316627,0.0109768481925,4.36962345257,0.330078125
139.291015625,133.1875,139.376953125,52.8527886022,60.138820527,59.3056379073,55.6269492536,3.8973749798,-2.21262186493,0.0530973225832,5.14847477308,0.6103515625
122.752929688,94.5703125,102.369140625,44.3466733005,52.4743328021,47.360923709,42.9067308297,13.3230670438,0.61297518695,0.0195675007999,4.83659842324,0.552734375
124.3515625,117.270507812,101.063476562,58.8021995289,61.2323321882,63.9887599537,48.4315433202,0.162227716895,10.3397525014,0.0185460653156,4.92199186312,0.4443359375
170.173828125,158.712890625,125.180664062,39.4750348642,48.0701959647,45.0721164447,65.246188169,-0.615881403354,19.0959194787,0.044106438756,4.99260284912,0.7626953125
90.369140625,90.2353515625,66.4814453125,44.8938033469,35.9999766747,27.9009066739,37.3510137296,-4.04032062154,13.3753704223,0.0311906579882,4.61297728455,0.673828125
175.3046875,178.65234375,173.21484375,28.3406478715,35.3779293505,47.5236036582,72.2367915788,-1.80659531843,2.73094740932,0.0416186451912,4.47005570336,0.681640625
186.150390625,183.400390625,184.41015625,72.2748581253,75.0579323121,73.8190469576,73.6837379266,1.31060016414,-0.18390209097,0.0387031510472,3.73899023236,0.5048828125
127.102539062,130.618164062,103.41796875,59.0638577341,48.4023431097,56.4214151132,53.5873255683,-5.49082540323,15.4137548528,0.0226111449301,5.07777687551,0.6923828125
165.787109375,133.266601562,97.970703125,55.3343847052,49.4051551287,46.5635184567,57.4175272644,8.57923282531,23.4998040964,0.0203715786338,5.08558796658,0.5205078125
137.155273438,135.73046875,82.0556640625,42.7799638174,47.5575269388,57.1309473377,55.4424597425,-6.59298456127,28.0828122028,0.0184866692871,5.07215563431,0.759765625
160.208007812,152.470703125,136.59765625,59.3208362682,65.9958503748,61.8335738404,62.4892314845,0.609986041536,9.75133733057,0.0750015154481,5.20275599383,0.748046875
160.809570312,124.153320312,89.5244140625,54.4076937112,52.1147409036,47.8292187849,54.1318980237,10.0981207698,24.3792263268,0.0365699231625,4.99237180866,0.611328125
96.26953125,82.2080078125,76.7314453125,46.1819771031,47.4119938669,48.2492627399,35.3940675349,5.41184648411,5.37584336914,0.0310781765729,4.93034105565,0.6591796875
80.2177734375,88.6845703125,82.8056640625,27.3568796428,24.3797494614,21.1535108813,36.6008789744,-4.48348109106,2.18204075129,0.0107020391151,4.22699947379,0.3779296875
120.989257812,107.951171875,112.409179688,46.7973198209,49.6733623617,38.2638551514,46.3500997548,7.03805948763,-0.963782990558,0.0205124057829,4.97427696196,0.6484375
108.200195312,108.673828125,76.595703125,49.924473817,42.6833711697,39.9207298159,44.5221321507,-5.9483783119,17.9366424029,0.0439406111836,4.94385937096,0.765625
51.158203125,48.5302734375,51.4248046875,53.9231619404,54.713182019,58.9257196767,20.0466678802,1.79901919902,-1.12274366217,0.0163995269686,4.58724065026,0.4921875
115.375976562,109.5234375,88.08203125,73.7707084871,66.7597388546,56.4550179534,44.7796232854,-1.48278342643,12.4685410242,0.0438937135041,5.0516464569,0.6220703125
145.604492188,161.454101562,181.008789062,23.953707375,32.5508592853,44.103559337,65.5986015176,-0.914672795297,-11.6014206322,0.0158717799932,3.86547114134,0.2529296875
87.1171875,76.8408203125,54.587890625,41.0624992568,32.8890335677,35.8584196475,32.8191286735,0.716402969169,14.4239017139,0.0324876047671,4.83886259457,0.6611328125
114.532226562,108.505859375,50.67578125,33.81878027,40.6755450568,28.4317020081,44.8754874193,-5.37612055953,32.3569372438,0.0340165793896,4.79801839968,0.744140625
125.03515625,122.010742188,77.3486328125,66.2306187332,46.9169071196,30.0758243939,49.9256955445,-6.09305255498,24.5125827551,0.0296318940818,4.95373093942,0.697265625
58.560546875,76.8515625,101.637695312,45.7096415877,40.5993601481,31.6089167503,31.9392341558,1.68470005687,-16.83199527,0.0112210288644,4.06398522985,0.3369140625
122.279296875,143.651367188,98.0908203125,58.1760370783,54.1850177676,66.4673509616,56.4499817101,-15.3521110514,21.4341370195,0.0422289520502,5.04526609881,0.7373046875
99.1474609375,89.3134765625,78.9931640625,35.1182813497,31.8125671356,44.1004153377,38.3540805202,3.01179331228,7.83747184615,0.00940134935081,4.82761057737,0.484375
108.080078125,116.37890625,90.65234375,44.0172133587,43.6955127708,43.9409030774,47.1297630508,-7.67295832827,13.0723098559,0.0239182990044,4.89400316046,0.5908203125
109.53515625,101.413085938,83.888671875,31.2496364725,29.6469174042,27.3229618942,42.9103299523,0.129364277011,11.0623921822,0.0386470034719,4.66231839862,0.7041015625
98.34375,109.162109375,82.3505859375,49.4756983434,41.0944639891,39.7324197028,44.0200201712,-9.44683134634,13.747074401,0.0273869559169,4.94615910044,0.5947265625
93.822265625,97.833984375,67.841796875,62.5372830387,48.9411494623,48.6516071474,39.9482608667,-6.59097871864,16.7909487529,0.0376511067152,5.09862399517,0.765625
131.110351562,126.352539062,106.33203125,28.5420901209,23.4267836625,20.4113247273,52.7221081095,-1.7188460289,11.5668481067,0.00697477860376,4.47517470595,0.3310546875
151.947265625,157.896484375,156.450195312,40.4932135559,33.7263954977,32.3148491041,64.403994039,-1.82117717463,0.0469420956467,0.0222777910531,4.74382219809,0.55078125
92.6845703125,142.966796875,37.458984375,31.0334546707,30.8689719428,19.3891651179,54.3857734,-32.5841534718,47.8158612957,0.0172643661499,4.39373371612,0.5
198.973632812,194.541992188,189.5625,68.2127895364,73.8343148486,78.7701115192,77.7974251634,0.930649048734,3.43035783578,0.065244294703,4.02381007589,0.484375
118.166992188,114.813476562,95.8642578125,29.7627080975,30.7867757417,29.975154618,47.8692666341,-2.0862480389,11.0270849417,0.019297670573,4.7081195054,0.6416015625
155.696289062,144.051757812,87.109375,51.3752713069,49.161785059,39.6124752238,58.9995594719,-3.74029515811,31.189765166,0.0249194502831,4.77604401421,0.494140625
73.703125,61.5830078125,56.2841796875,55.0857264258,50.3569382975,49.3079083702,26.7135305671,4.49567879068,5.17046221678,0.033123113215,4.58721562606,0.6708984375
117.383789062,120.950195312,124.658203125,71.9837911097,74.7204847402,69.8896198026,48.8212586319,-0.214637794497,-2.82403240952,0.0267507676035,5.00667169979,0.525390625
135.0859375,139.807617188,118.599609375,40.4303562747,39.4806506775,49.4857523672,56.9469341654,-5.33897990198,10.8907077873,0.0266820192337,4.74010166045,0.572265625
109.259765625,95.736328125,74.3662109375,46.4428927549,40.6224134825,43.0305313904,41.1833127561,3.17960366974,14.3862045969,0.0350675955415,4.82482445985,0.6767578125
166.3203125,125.025390625,112.943359375,58.7348130096,66.8214544678,57.8732848933,55.336873671,15.1725905869,13.0396020364,0.0213662255555,5.25517511791,0.6533203125
66.0673828125,56.6298828125,66.22265625,50.7250010645,53.1162559494,51.0090872952,24.2514087134,6.66641784092,-4.01261526416,0.0164487063885,4.76238663863,0.490234375
84.8369140625,84.8154296875,83.1923828125,50.6969758853,54.0489878003,54.1468732919,35.0643956782,0.108416329262,1.28560237004,0.0318399518728,5.06293515359,0.623046875
156.5546875,152.26953125,149.596679688,64.0916620935,69.7665163673,73.0890431677,62.0520358898,1.47861556306,2.37832786063,0.0371268838644,5.15251251872,0.591796875
166.819335938,156.370117188,149.130859375,72.9990339803,80.0114293934,84.1775146317,63.8533877827,3.08012596961,5.85664970976,0.0607937201858,5.08377560258,0.61328125
187.829101562,178.063476562,169.814453125,40.1840382059,45.3044914693,51.160122659,72.8226699046,2.42365774274,5.74210840807,0.013156495057,4.92242209341,0.4736328125
54.673828125,54.6494140625,48.3603515625,39.875821144,38.2882154332,33.6822240516,22.3612482193,-1.23739277121,3.75264445173,0.0196060054004,4.72407996897,0.447265625
121.048828125,112.182617188,99.640625,53.833506703,50.8465527288,50.8944579459,46.9510969637,1.38952187899,8.38451684032,0.0235089473426,5.1598728516,0.67578125
140.098632812,125.801757812,97.5107421875,27.9044658949,26.930189641,27.0193774837,53.1039907458,0.973523211989,17.4957937632,0.0162266343832,4.4948506422,0.4052734375
64.03515625,64.9521484375,61.1796875,60.1870516466,60.1727709073,58.4591114575,26.1915893356,-1.02585312098,1.83399105381,0.0292549040169,4.79466929785,0.5400390625
77.3359375,66.6640625,80.4697265625,66.7373322886,44.8868851503,39.0722620492,30.1680604198,11.4824514527,-5.68750528656,0.0142797520384,4.58191567934,0.3955078125
70.3330078125,70.7412109375,60.5712890625,50.8355329517,44.7409036331,44.0867486014,28.8941443044,-2.24281277963,6.02873672854,0.0454455167055,4.77595772483,0.619140625
155.891601562,154.948242188,126.885742188,54.2730272969,52.9512992717,60.4680929538,62.9255518315,-4.03618224826,15.4004997035,0.0471446998417,5.13309991455,0.8232421875
152.80859375,165.673828125,164.01171875,45.5193820795,62.7721501198,69.248983658,66.4088575642,-3.71808055833,0.132173234254,0.066195756197,4.90322133244,0.60546875
134.276367188,121.67578125,119.370117188,63.2773747894,68.3435739551,69.2632456138,50.9663429054,5.13008056473,3.68705125852,0.0426267646253,4.84763382125,0.51953125
90.21875,97.7919921875,71.8974609375,57.5399572444,56.0866438251,62.0607709461,39.313494231,-6.91020755154,13.5870699047,0.0485136657953,4.8339733267,0.5322265625
115.697265625,94.966796875,67.990234375,38.8423062929,43.1146372411,43.6467297058,41.3660089937,5.15474882539,18.8194331205,0.0126850353554,4.91107395958,0.5986328125
174.348632812,153.431640625,140.275390625,65.2936316801,80.8112384789,90.1826290473,63.8082650967,6.97408761812,10.9680041088,0.0465886294842,4.32157922044,0.5419921875
90.24609375,95.8310546875,92.2021484375,65.6091944089,58.8920305489,62.3358873118,38.8868824561,-2.92019216481,1.38334587461,0.0512220486999,5.23072056569,0.759765625
141.3125,139.275390625,122.598632812,38.8047747948,41.858349533,49.8106770966,57.394922292,-1.95209263534,9.60862519612,0.0233679935336,4.97875735547,0.6572265625
161.71484375,164.006835938,122.729492188,37.5778714177,32.4436854674,39.3080540677,66.0893232702,-7.52160623167,21.2846052657,0.0317706465721,4.79983774371,0.580078125
168.533203125,165.120117188,158.525390625,45.3595969799,45.474046358,45.8997223474,67.4115980051,0.0499858648097,3.90569212332,0.0403719991446,5.00835666844,0.81640625
33.7724609375,34.109375,24.6865234375,48.0698546002,44.4304643472,42.0903554452,13.0378827864,-1.74470062751,5.13909587312,0.0140130696818,4.13905483483,0.314453125
123.489257812,123.080078125,112.9765625,59.0332093527,62.339946889,54.1558391998,50.4016099951,-1.14577920561,5.41381730214,0.0356159433722,5.06396944097,0.6923828125
147.905273438,131.641601562,122.352539062,48.9180977215,50.9644432938,54.3464700063,55.6387989658,4.93160133535,7.48397665865,0.00977739132941,4.61292089942,0.416015625
104.834960938,96.0400390625,85.115234375,36.0863643472,47.8144746161,59.7152782411,40.7272628824,2.54988230938,8.43237887633,0.0377676486969,4.99215466106,0.71875
80.5625,92.8935546875,61.2900390625,39.0401185881,41.4591454291,29.6960983995,37.0609173963,-10.6299987464,16.1688294225,0.041304487735,4.8400659734,0.7109375
130.625976562,104.120117188,92.9365234375,37.1065788292,40.922686079,28.6700803938,45.9649278817,9.16818315894,10.2169991832,0.00928642041981,4.77258969027,0.3037109375
122.251953125,87.9951171875,50.3603515625,26.3193465724,19.6722405046,13.8218304979,40.0336262055,9.54762958822,27.0603872013,0.0100009413436,4.30017159635,0.3857421875
160.064453125,160.091796875,137.471679688,39.0064816591,40.1688984347,34.7163615671,65.0110892447,-3.90192829536,11.7489051163,0.0359425917268,4.9418161141,0.7314453125
88.931640625,86.302734375,64.63671875,47.1106287649,46.1427615737,42.0502960957,35.8468430066,-2.02951128606,12.2330889769,0.0217685066164,4.96176992518,0.4990234375
189.16015625,175.510742188,154.020507812,49.6488424145,52.1135692824,54.0793016642,71.7002398399,1.51574281933,13.020594355,0.0419234447181,4.67796059871,0.5986328125
118.004882812,127.271484375,118.629882812,58.8823722792,75.0203652516,79.5750967394,51.2984095444,-2.35644631935,4.7399538797,0.0345188416541,5.11993931251,0.5869140625
211.735351562,208.743164062,202.087890625,62.6894728026,62.0419579246,66.3796203212,83.1676971631,0.131253670837,3.88843980486,0.0446301996708,3.81917511072,0.4931640625
134.588867188,122.237304688,118.8984375,40.8668272731,47.1851337875,56.7179617499,51.8591342657,4.84933688086,4.13868171934,0.0179452374578,5.03369700086,0.685546875
114.947265625,100.081054688,94.30859375,31.4081490773,27.5434009874,27.3110426595,43.3307372999,4.90629112046,5.45962842807,0.025851527229,4.59577148836,0.51953125
78.7548828125,67.5322265625,67.8798828125,34.7725235513,31.2013517668,25.4180328148,29.3296997206,5.31508660524,1.2760936312,0.00905084423721,4.60294544248,0.26171875
96.732421875,82.830078125,60.8916015625,70.3290722386,65.4998094105,59.5873748538,34.5071115866,2.76641516204,14.0953426542,0.0179957468063,4.95642121342,0.494140625
87.828125,70.8076171875,58.2626953125,56.0196999912,44.6318392495,37.3673739994,31.170295163,5.18238273645,9.83296715642,0.0122247096151,4.41790646969,0.3994140625
111.224609375,109.830078125,83.8505859375,42.4154759198,36.8118690735,32.8728038069,45.570981641,-3.68966040933,14.6336897704,0.0262168608606,4.82074909161,0.48046875
38.1826171875,28.2060546875,18.8193359375,46.4647132849,38.6209231574,29.5937925216,11.8893774401,2.65648424836,6.80080944457,0.0188184604049,3.85187400306,0.4091796875
128.322265625,118.827148438,116.115234375,69.7021681056,66.7182918988,64.2918486215,49.4133152479,3.62100812978,2.75361279067,0.0280476436019,5.25163596063,0.6796875
103.416015625,105.04296875,113.412109375,57.4065713225,56.6441064393,56.4614955378,43.6124352269,1.44111086211,-4.95225869002,0.0447607524693,5.08181964056,0.7080078125
108.002929688,92.3349609375,37.8544921875,40.9181370144,39.6785928538,28.4924489609,39.1551708849,-0.4525416524,32.1263047771,0.0550909489393,4.8422999745,0.783203125
164.666992188,164.134765625,156.500976562,39.409501803,46.0226188694,60.9549974801,66.9307148402,-0.727210656306,4.64721575743,0.0262023471296,4.94451833534,0.611328125
107.6953125,85.794921875,64.8671875,52.1806782358,45.6989868169,38.5073037094,37.3285668039,5.9572732115,15.3994883288,0.014755319804,4.95361587749,0.60546875
118.891601562,118.028320312,113.8359375,44.9705303654,43.3405638103,40.3261173403,49.0275770496,0.00302541127353,2.22235798589,0.0443273670971,4.78665872673,0.599609375
104.5859375,88.646484375,80.310546875,59.4630140223,59.9656805115,61.6905809617,37.7152364441,5.59539747785,7.51255218374,0.0359131284058,4.91842061228,0.603515625
127.233398438,105.333984375,56.9150390625,36.0628414435,38.8288484257,34.1758950882,45.2318200846,2.7557432271,29.8423760659,0.0341440811753,4.87043618177,0.787109375
126.900390625,111.469726562,98.0849609375,63.4550302121,63.4516075872,65.3116148893,46.9622693101,4.06564461477,10.085886259,0.0366974473,5.15436767147,0.611328125
111.838867188,113.333984375,103.676757812,52.8018888479,53.4762448844,52.2377378595,46.4979795082,-2.37345704386,5.14570644292,0.0365792661905,5.1835588065,0.7080078125
173.891601562,169.336914062,143.858398438,31.5084464087,48.8327499275,61.0780308084,68.8778442251,-1.76910017171,14.4224029376,0.0183617472649,4.6123818702,0.4423828125
151.803710938,142.572265625,134.73046875,40.0999428418,46.1190995161,51.9076479472,59.442958848,2.47696636093,5.9110089268,0.0167261064053,5.01118690814,0.5322265625
109.194335938,109.046875,113.9921875,42.4332463713,36.6989408002,33.139323812,45.8485431608,1.52948363576,-2.84584809712,0.0261613838375,4.87330625288,0.607421875
150.771484375,122.481445312,112.303710938,34.1018483643,29.5662267646,29.0028713877,53.5602633048,9.39191444359,9.78232632549,0.0236020646989,4.71599477645,0.634765625
154.321289062,151.982421875,149.869140625,58.4795745584,63.1410072804,66.0097239585,61.9915555353,0.690304931989,1.68574254861,0.0220071822405,5.24996957296,0.5380859375
133.037109375,128.56640625,108.227539062,40.6341647096,42.9180210134,33.8919466288,53.2470774743,-1.68996296466,11.6407704427,0.0258905924857,4.62154902131,0.505859375
62.4091796875,59.4560546875,91.677734375,58.2387290741,53.7625350796,56.1656281501,25.567149247,9.84725980803,-18.7692985221,0.0180638413876,4.80551346523,0.41015625
119.868164062,132.77734375,92.65234375,31.6588751711,28.9321207604,35.2172420148,53.3081900469,-11.7249143897,20.0840872017,0.0311740599573,4.57726850441,0.462890625
202.885742188,180.786132812,171.810546875,61.4841000775,57.4848499325,60.523894801,74.4881238274,6.53662576205,7.60729726492,0.0297957714647,4.84726838875,0.5205078125
102.495117188,99.7919921875,94.3310546875,60.7439070342,61.8946362019,61.6034823334,41.0978853455,0.255357454196,3.60934260173,0.0125039471313,5.21930627326,0.4130859375
148.020507812,149.297851562,100.650390625,33.4386765175,35.1249465535,27.5337654896,60.3910789558,-8.2319796537,25.4331486051,0.00826628599316,4.72635701976,0.4423828125
96.6953125,102.353515625,68.26953125,70.5969588795,82.788251328,49.5573926413,40.382239953,-7.32506956683,16.7536776479,0.053708370775,4.56337955444,0.5517578125
115.301757812,133.069335938,96.2880859375,56.2059007415,39.5604768088,42.5886714536,53.2431435939,-12.8503110526,18.4650627032,0.0202897265553,4.78524707529,0.5830078125
105.497070312,111.391601562,101.092773438,23.6388020036,30.1398104117,35.6275243969,46.1135591201,-3.61055524314,4.97902331494,0.018533308059,4.59182043298,0.5849609375
83.6826171875,77.2626953125,68.8349609375,24.3601286883,25.7973308742,18.531516345,33.0383594716,1.33507211921,5.81128373165,0.0138805974275,4.27724585809,0.4111328125
134.243164062,102.94921875,88.783203125,43.0795781192,32.6290909698,25.1637968318,45.9433608118,10.4146796905,12.6495389101,0.0233701206744,4.79690883898,0.619140625
175.830078125,152.802734375,118.766601562,34.982674752,32.6548616981,28.8745471044,64.1274829622,3.49375111172,21.0502355584,0.0609903335571,4.72138608929,0.763671875
98.1162109375,94.736328125,90.3896484375,53.2942631735,53.8680825804,48.2008283516,39.5158613198,0.848257821743,2.84134164962,0.0328286215663,4.95339059957,0.55078125
107.422851562,109.583984375,58.5849609375,50.5215175506,56.9249675538,21.3110476136,44.5260241639,-7.74669409809,27.3825963629,0.0118605336174,4.71691527011,0.54296875
105.9765625,78.435546875,69.560546875,61.7822808897,45.5694626249,44.0147596659,35.3834388099,10.3751556639,9.88029579472,0.0320491082966,4.87215029456,0.5419921875
133.31640625,119.798828125,108.318359375,61.3172262161,53.5694146517,67.8411533275,50.5080111036,3.33349386002,8.43233157626,0.0731742829084,5.24501521995,0.8076171875
80.279296875,95.1201171875,76.962890625,19.9558624564,29.5323945808,19.085093932,38.411141816,-9.25637129103,8.39043748416,0.006896359846,4.30534625449,0.384765625
212.918945312,205.622070312,192.779296875,51.7553427237,59.4825895386,72.6569564555,82.3440014526,0.806423506683,7.92031349322,0.0376488231122,4.01112500895,0.576171875
102.284179688,98.0166015625,86.4794921875,36.8922404574,33.0504573675,22.5326059174,41.3037422278,-0.144162265438,6.82884592268,0.023026285693,4.60421569742,0.6552734375
156.3046875,146.473632812,113.388671875,52.5026314212,43.7215006292,37.61289398,60.4185279366,-1.33375718515,18.8843748029,0.0240131765604,4.98603828274,0.6162109375
106.575195312,100.540039062,93.9775390625,21.5238832182,18.0325324067,37.1255324483,43.2727187302,2.91372651877,5.15300275104,0.0184063781053,3.9806899374,0.2216796875
162.609375,144.928710938,131.784179688,42.0482859295,44.9574646617,51.1098627471,60.9675610448,4.81804239412,9.70920404341,0.0326166786253,5.05682761322,0.73046875
139.185546875,119.490234375,77.7724609375,39.6593003419,46.845260382,42.3082067546,51.0787079772,2.34852789202,26.3543779603,0.0553999058902,4.87586135761,0.7705078125
111.947265625,95.7744140625,82.6669921875,34.8996769822,37.645225171,36.5767526218,41.4243073624,4.6184586666,10.1191272331,0.0434341281652,4.89212109488,0.744140625
136.415039062,126.826171875,88.5224609375,37.9264116878,37.7014259433,23.5824162223,52.7911184852,-2.19704910572,21.8297983012,0.0351160876453,4.75393502989,0.6513671875
119.509765625,110.041992188,96.0947265625,29.081712439,27.4145190336,27.2437602432,46.7368713081,1.33492894563,9.21280248071,0.0325188413262,4.62402184194,0.6298828125
122.251953125,119.571289062,95.171875,60.4952622442,60.3364006715,64.6130440313,48.9020019037,-2.80240582813,13.9392521402,0.0266774576157,4.97839218223,0.6171875
64.8330078125,47.421875,30.5322265625,33.7779751583,24.4116661324,25.8196671444,20.7941234594,5.29911789059,13.194551543,0.0151565354317,4.23975737846,0.51171875
128.12890625,113.54296875,70.3583984375,48.9280900154,45.4315688763,43.2702430473,47.6540609569,-0.416234398318,25.7078865613,0.134932518005,5.07277639391,0.8759765625
81.3701171875,104.791015625,67.1767578125,50.6488246947,59.1992569941,50.395787108,40.6652238592,-15.5125415947,17.9446740509,0.0476765483618,5.08103166472,0.7470703125
117.853515625,110.35546875,104.856445312,49.6320644702,48.237719144,48.2041951609,46.381798342,2.53214384249,4.2213177237,0.0243861861527,4.93799450338,0.5458984375
149.461914062,127.7265625,58.0859375,54.916560595,42.0996937793,13.2761548131,53.8116044607,-0.26447886722,39.4261136329,0.0286240037531,4.77984693447,0.73046875
61.0908203125,55.1611328125,52.0263671875,27.6757267878,25.4581920809,21.0088868865,23.3122950412,2.0792840616,2.78699080711,0.0224611088634,4.33306825731,0.4306640625
117.90625,118.245117188,104.245117188,46.2859340979,47.5046613213,37.7699589671,48.751416291,-2.30460890165,7.57809065989,0.0311768036336,4.99524196877,0.7265625
132.203125,124.114257812,98.021484375,37.8859017675,50.5876948955,45.894405034,51.7139658958,-0.330766505349,15.8891388979,0.0251167938113,4.94184734674,0.5927734375
114.493164062,100.251953125,88.4189453125,57.5679282198,53.6142088874,45.233587239,42.5965878999,3.85716259308,8.51978939517,0.0576070845127,5.07699593416,0.826171875
128.719726562,103.887695312,86.4287109375,31.5707068774,26.0130692243,23.6443537603,45.7180957391,7.2726584263,13.562845479,0.0276163183153,4.54631891581,0.5439453125
132.153320312,117.692382812,77.984375,32.5876062149,30.8873662701,21.7282971372,49.6857255762,-0.31807704619,23.8248787933,0.0100376820192,4.5787631937,0.580078125
111.665039062,88.9033203125,85.779296875,46.6362263252,47.4992128709,39.9920417021,39.2873149814,9.17560403283,5.31669205918,0.0541672036052,4.99478383598,0.7216796875
186.064453125,187.85546875,176.345703125,72.9663459594,71.2032371857,79.2253733738,74.7396193014,-2.70720580364,5.98083269388,0.0569491535425,4.14059980884,0.59375
137.999023438,133.760742188,130.2578125,29.7632421786,31.5747250742,31.6523155486,55.9044945313,1.03513775452,2.53255034108,0.0261784866452,4.60431341851,0.669921875
116.012695312,110.979492188,58.2353515625,57.5277687275,56.8774773614,48.3385711539,45.3141048793,-5.45096706055,29.0424552924,0.0499716512859,5.09353397919,0.7177734375
150.734375,133.46484375,102.975585938,74.8030862263,64.8811769577,62.1214503957,55.330474982,1.94850319542,18.8449314189,0.0363407023251,5.15700673075,0.658203125
223.852539062,217.833007812,212.17578125,25.6584144451,33.0677637046,40.0811476611,87.1877327376,1.31794807306,3.72679410616,0.0129433274269,4.32107446272,0.3232421875
100.206054688,97.31640625,95.98828125,66.459409035,64.5054767265,64.5572803082,40.1137901562,0.866852290149,1.17444985848,0.0542701408267,5.20994351973,0.57421875
124.842773438,114.405273438,106.66015625,58.7928840039,55.8664423984,51.9931799011,47.8026960071,2.68426464011,5.64453638213,0.0234055127949,5.04087805315,0.6884765625
97.015625,110.947265625,94.890625,21.0380920798,16.3599988642,19.6504549784,45.2395105515,-8.48601089742,7.34284052659,0.00792391598225,4.08084947157,0.263671875
224.279296875,216.130859375,214.2578125,35.7079369172,44.9366575117,48.6411840184,86.7071878688,2.74292887382,2.1176491633,0.0144791472703,3.84457424922,0.4443359375
152.447265625,161.510742188,158.494140625,81.9155741089,74.7836716192,77.9983220776,64.5163326623,-3.77815236218,0.681764386888,0.0788957849145,4.60961705674,0.6201171875
82.1484375,84.005859375,67.4072265625,37.388028633,43.1478196514,35.4935236517,34.5111714661,-3.58415704589,9.33222508246,0.0350037366152,4.90285038286,0.6669921875
67.8447265625,69.9951171875,53.705078125,45.7667138988,46.2180736046,27.6175565056,28.2288132433,-3.76714609422,8.75507941544,0.015188485384,4.31763365262,0.4150390625
89.5634765625,62.6103515625,46.828125,53.8276498893,36.5734696455,29.519752226,28.4274810169,9.34281243024,14.0101128659,0.019439663738,4.74114136842,0.4873046875
155.163085938,134.436523438,119.161132812,77.5408395713,81.9035844307,74.2613917837,55.9334320766,6.11632333802,11.272057886,0.0517521649599,4.95709201753,0.6279296875
131.270507812,129.654296875,123.100585938,65.8303637121,67.1845756711,70.5795390165,53.0185540664,-0.364195766236,4.08586544235,0.0314630158246,5.04645371059,0.6279296875
189.197265625,194.490234375,198.751953125,36.0877315375,34.6238986505,35.5766255461,78.1525879172,-0.761204220186,-2.72255270813,0.0232355389744,4.31589413423,0.49609375
97.994140625,92.5556640625,92.6640625,68.9761193732,78.5307390748,75.7551594101,38.4984445613,3.06991806639,1.13489625741,0.0175209399313,5.06858540109,0.58203125
105.862304688,100.493164062,93.2490234375,54.6700113551,53.9831241005,52.0983660506,41.8756177368,0.90217896922,4.82968260588,0.0403546206653,5.15001995737,0.7734375
145.107421875,146.962890625,87.4140625,49.7961291283,56.2412718041,68.7586957391,59.2766222814,-8.73528196738,31.6369830463,0.0227358993143,4.83032547882,0.50390625
135.245117188,120.81640625,108.506835938,31.0927524272,26.9630006251,24.762661537,51.5122345561,3.55660282623,8.71210133278,0.00831655040383,4.56095698098,0.36328125
66.7529296875,64.0771484375,46.42578125,43.937527685,41.2316591005,33.7065165391,26.3107578678,-1.85344920886,10.8120359497,0.0388857536018,4.79265692827,0.67578125
89.80078125,92.2568359375,99.3056640625,50.7088556986,48.7385548679,53.7546085156,38.4142160643,0.782380673455,-4.09663068618,0.0338889658451,4.85361669056,0.498046875
147.338867188,131.858398438,111.916015625,32.0450033444,35.2932257655,36.7843533279,55.7032808317,2.85841227058,13.1670422564,0.0155413458124,4.6879020582,0.5302734375
115.541015625,104.939453125,82.1630859375,53.8200694929,51.0631717185,44.0395304121,43.9125174789,0.494518600478,14.1032789749,0.0895924270153,5.13910024479,0.8310546875
111.586914062,81.4208984375,49.6435546875,36.5353834361,25.8764641942,18.9675117352,36.905784179,8.7697466741,23.0917180364,0.0224922150373,4.23364162974,0.44921875
82.28125,107.493164062,34.078125,46.695520981,50.6403328647,33.4662806921,41.2449074506,-21.0217349196,35.3293512194,0.0373386144638,4.7941590787,0.4990234375
147.532226562,137.813476562,160.932617188,53.9257567652,52.8715588237,63.2146821988,58.2534706892,8.25916023404,-10.5497982097,0.030939836055,5.08521014696,0.5205078125
111.411132812,110.018554688,110.564453125,43.0646306744,42.6138256002,42.3914946014,46.0973889176,0.839044817466,0.0482234651142,0.0148861873895,4.77792236805,0.5400390625
172.899414062,150.563476562,149.213867188,65.8527791007,68.7143932937,70.9488713565,63.320556471,8.5904638421,4.36063009679,0.0909880772233,5.26415656122,0.7529296875
107.484375,96.091796875,85.9365234375,45.3199320414,43.400899273,35.6741009493,40.9707983831,2.87118289601,7.27433316949,0.0448356345296,4.71833507615,0.6376953125
104.495117188,96.6171875,85.6494140625,26.9248443224,21.7822125303,22.4955103951,41.3993267478,1.26986327652,7.68270205577,0.00627858983353,4.33391859826,0.3447265625
99.3603515625,98.47265625,91.4560546875,61.8160864597,57.7914592993,53.3724569657,40.3718853904,-0.927861838552,3.91240665202,0.0288605894893,5.07943645679,0.35546875
108.8359375,120.551757812,100.916015625,54.9200096367,48.8266550462,55.5459302605,48.5625599945,-8.28172732703,9.69861119073,0.0449173748493,5.15598316733,0.798828125
108.875976562,121.340820312,128.111328125,57.7819619431,44.6978577781,36.0984616594,49.9809690219,-0.913608000182,-5.24166120539,0.00803924072534,4.86154275372,0.521484375
149.896484375,138.446289062,107.077148438,39.8156767196,41.6682049366,48.6133793279,57.5713434207,-0.3188780882,18.6763749053,0.0238023288548,4.98931041275,0.66015625
212.823242188,187.3125,187.424804688,33.7947476335,42.6683476435,42.2740571529,77.9690117957,9.33188030365,3.6068373065,0.0172165669501,4.82779938205,0.591796875
115.478515625,109.901367188,65.08203125,35.3921326575,36.2652047596,25.0940245427,45.7170845496,-4.55754091194,25.7768581571,0.0356791391969,4.69115889193,0.74609375
145.584960938,133.697265625,95.7548828125,55.1014742919,53.5975140109,54.3170081881,55.31960181,-1.23085916271,22.3470793675,0.0325207188725,5.13893874684,0.76171875
143.797851562,110.168945312,98.2958984375,46.1275316386,63.9483874869,66.3008895259,49.1471097497,12.6892544334,13.213584573,0.0361138731241,5.03568504005,0.5712890625
126.026367188,131.25,79.87890625,26.7593494191,21.4314860369,27.7981877566,53.3133208877,-9.91943152657,26.7687627562,0.0147839458659,4.34932022763,0.4462890625
106.256835938,119.161132812,120.990234375,42.5667381809,30.0476576713,23.4520351251,49.1464006735,-2.65626895007,-2.68940978109,0.01402644068,4.55382960142,0.3984375
136.395507812,151.48046875,163.149414062,59.3852525633,58.3105707861,53.7822590301,61.2628896321,-2.0038140986,-7.93961993909,0.0101597923785,4.72009836359,0.3876953125
84.0107421875,81.6728515625,82.4345703125,39.7569382928,38.6248407824,40.1105846405,34.4225722083,1.09490909602,-0.0461659131774,0.0256898105145,4.63413937697,0.40234375
132.962890625,115.494140625,86.5615234375,76.4591942707,71.3283284146,57.646790586,48.0857974329,2.72444848821,18.0710750969,0.0495365411043,5.2578517304,0.7412109375
150.143554688,149.080078125,142.96875,53.7875404647,59.3541857727,65.006767977,60.9809107367,-0.1866935564,3.78688433175,0.0236306227744,5.00887519821,0.66796875
137.309570312,145.944335938,92.2890625,40.482597368,38.1736603802,29.6812565392,58.3829642987,-11.9413370765,27.2127444766,0.0230413265526,4.84124493874,0.697265625
129.461914062,103.956054688,73.82421875,33.1975107702,24.9552924947,20.3066905004,45.585962731,5.92507318743,20.7769628266,0.0120768295601,4.4938404994,0.4560546875
123.204101562,94.888671875,78.1982421875,65.7096206121,60.3599821885,52.8365954356,42.159138856,9.85466152961,14.5799351422,0.0363564155996,5.20253448172,0.6474609375
110.17578125,134.041992188,67.8115234375,56.3232713701,56.2144435741,42.6116023669,52.0204612785,-19.5745476264,32.2612785165,0.0337456539273,5.01043266735,0.703125
123.8828125,125.552734375,123.850585938,39.0653241167,44.4974010866,52.5008941483,51.9724929393,-0.644284977011,1.06278711439,0.0125190354884,4.60080671543,0.3359375
113.514648438,108.799804688,106.2734375,42.0005787287,41.2707566144,42.8971953927,45.7798417509,1.59083849403,2.13479568221,0.0464352741838,5.00506635816,0.783203125
108.3515625,102.752929688,101.616210938,62.0278056152,61.4999403837,63.1394643925,42.6252126135,2.26376867705,1.6568664256,0.0169094838202,4.70095077699,0.3720703125
130.583007812,114.123046875,114.630859375,57.6510324903,55.6882584132,58.1858255738,48.9478338847,7.54759655928,2.44503447404,0.0630834102631,5.17471332762,0.779296875
158.33203125,166.473632812,167.271484375,51.7501236919,53.5345727231,57.3569086345,67.0572310895,-2.66342163753,-1.24462571662,0.139872089028,5.18051240003,0.849609375
129.368164062,107.888671875,90.560546875,51.8450421982,47.033744832,47.1662022104,46.4999355608,5.95237820077,13.0242289475,0.0474469363689,5.13809342858,0.810546875
66.595703125,79.7744140625,46.5029296875,34.6828913196,38.3418893401,25.2654653909,31.478200013,-11.4070141628,17.5081425009,0.0272926893085,4.73598577397,0.6220703125
106.4609375,123.595703125,87.7919921875,68.447918995,53.290941394,64.9822894617,49.4552397486,-12.3317789191,18.3500731683,0.0510917752981,5.05779633326,0.6845703125
101.40625,120.661132812,101.49609375,29.6044067402,36.2714028019,28.2471303917,48.36551909,-10.7781009725,8.01957126716,0.0137905944139,4.73280914354,0.5966796875
93.318359375,79.4609375,80.6455078125,41.6940377984,42.7976301446,56.9202285767,34.975347517,7.88608731792,2.64164618612,0.016175204888,4.90607146845,0.55859375
65.294921875,74.400390625,64.142578125,38.3440547766,33.1924113575,29.5103461663,30.3159602051,-5.26991940665,5.22141540508,0.0235813371837,4.6844695759,0.60546875
112.137695312,110.654296875,116.8828125,54.2288948088,66.1161946309,75.8189528472,45.9442603024,2.96662836947,-2.48674650208,0.0128398258239,5.2307524103,0.59765625
51.40234375,52.2314453125,40.453125,33.0482045296,31.7923890795,24.7759836381,20.9153868987,-2.4487621541,6.82023214554,0.0228894166648,4.43356808786,0.4326171875
95.501953125,93.376953125,90.2021484375,56.1583106544,54.0755628736,56.8515160589,38.6248105254,0.299927634684,2.28541216789,0.0190213620663,5.08908651646,0.6396484375
151.732421875,114.029296875,104.2109375,54.8002113825,84.6073370663,75.1366881864,52.1041242491,13.5514120685,14.5926539097,0.0121451038867,5.06242533096,0.5517578125
93.0234375,90.669921875,83.8291015625,36.6757785457,37.605560198,41.550645546,38.0574645583,-0.391725676725,4.50159759492,0.0109709668905,4.57459157584,0.4248046875
103.592773438,111.0078125,83.3291015625,40.4115689959,34.6514161628,37.693486423,45.2899004798,-7.59808390123,14.4080914699,0.0280801020563,4.8151162755,0.5849609375
47.822265625,48.49609375,42.77734375,34.2309146805,36.6864084215,37.1791119003,19.2737981197,-1.18272378097,3.45887629461,0.0437827669084,4.43739374684,0.4384765625
124.411132812,106.999023438,115.02734375,40.6559246851,39.5335720541,38.0448855277,46.6013165156,8.47301970307,-1.98726985755,0.0335043743253,4.89432538601,0.5830078125
162.470703125,154.853515625,129.251953125,52.3910245576,51.9097965689,47.6080903799,63.3156968604,-1.25311731021,14.3414353804,0.02842015028,5.0217569113,0.66015625
101.3359375,85.2900390625,70.822265625,33.6309886265,29.9427327499,22.2110713776,37.1891191859,4.30561019923,10.8319591874,0.0243091452867,4.62700628891,0.65625
66.728515625,50.53515625,43.47265625,53.8791374512,52.9521889152,53.5976514102,22.4372884954,6.6393579751,7.41339876433,0.0418229810894,4.78356024142,0.5810546875
172.8203125,171.1640625,153.465820312,29.6336837467,41.8681248729,65.5783227132,69.6048491574,-1.22950545711,9.85514402063,0.0143316742033,4.70747881199,0.3671875
80.3525390625,92.0517578125,41.587890625,36.7320286283,31.0106184063,38.5049470473,37.0636454169,-12.4765760546,27.0006877043,0.0150968935341,4.51258538585,0.408203125
114.366210938,97.2119140625,67.9296875,62.2759081918,52.2019535996,37.2964912462,41.2129924821,2.43527756557,18.5365322225,0.0384980142117,5.09808614229,0.7783203125
198.57421875,200.887695312,185.430664062,79.377979517,76.0201972864,89.3209029743,79.1372904464,-3.62119184726,8.11149944509,0.0124242631719,3.66241391427,0.3310546875
165.3671875,151.862304688,139.8046875,42.7228753666,52.3855111857,61.6713420573,63.2814306923,4.00134236311,8.9687361455,0.0411769524217,4.78984055702,0.5830078125
120.525390625,121.634765625,121.15625,41.4106641497,42.2578742009,43.9532222048,50.4427437213,-0.355020175556,0.178008296994,0.0242579169571,4.9872847378,0.68359375
131.752929688,147.137695312,165.025390625,35.7026086014,49.2382162394,62.7956549229,59.9064606842,-0.549513143333,-10.6216116915,0.0446394905448,4.88612179064,0.546875
168.302734375,154.298828125,127.915039062,51.0815271346,49.7192563475,38.069293426,63.6787452778,1.07063163547,15.499914987,0.0266416445374,4.8313592302,0.587890625
113.580078125,109.598632812,109.052734375,42.268226394,53.2717278706,75.6508552932,46.2506630883,3.46588703896,2.40348388623,0.0182901360095,4.96852020178,0.48046875
129.142578125,131.775390625,99.716796875,76.5768939505,76.7766669105,92.4706344387,52.67711051,-5.74054572237,17.1249127081,0.0368003100157,4.87612274772,0.4326171875
133.890625,130.557617188,99.576171875,64.9280231746,60.9798778974,45.7198933832,53.0686383575,-3.87288498666,16.720126701,0.0515029765666,5.11159129679,0.7197265625
142.860351562,116.310546875,80.94140625,42.3380073398,42.1143259624,42.8247984659,50.2409442563,5.82277934241,23.5723025324,0.0342691317201,4.91941092589,0.6484375
115.055664062,113.693359375,79.3662109375,44.0658889117,43.0472092188,46.2706844677,46.7310140166,-5.04769763614,19.2210534117,0.0422221235931,4.98728636334,0.7783203125
105.793945312,119.283203125,64.3427734375,57.0258946326,62.9975187933,38.8302934068,46.905795414,-13.604075609,27.1286160423,0.0557604953647,5.00612052437,0.791015625
115.172851562,120.04296875,99.642578125,63.4331464429,58.2090463378,67.9637511351,48.5897445525,-5.60365044782,10.9731475162,0.0374645479023,5.201082377,0.69921875
143.413085938,134.581054688,129.36328125,62.4266934518,61.3867993404,55.3174861751,55.8527735771,2.74731649513,3.91504216207,0.0744664520025,5.16758171806,0.7724609375
133.258789062,109.513671875,72.228515625,51.3306570047,48.8747183555,48.8475239199,47.2833320451,5.14273074665,24.1700692899,0.0300398971885,5.04559480972,0.6748046875
126.587890625,141.532226562,160.5859375,83.4558973739,82.9525168708,79.0650347759,56.3578753565,-0.241030826496,-12.5019997022,0.0375334620476,4.75907799466,0.455078125
159.336914062,145.073242188,125.696289062,48.829850116,59.0069142105,67.2687339286,60.3863438973,3.03974390629,12.9252558271,0.0339739322662,4.95681068626,0.6083984375
138.962890625,137.987304688,138.443359375,56.992157748,55.9860023222,53.6084866296,56.6776212549,0.558123784753,-0.248936677505,0.0327883064747,5.02225814207,0.45703125
135.161132812,127.689453125,89.9169921875,42.5678045185,37.7484639342,31.7445852964,52.8424089055,-3.30434929709,21.5520763004,0.01604074426,4.88081751131,0.537109375
53.82421875,45.0546875,39.19921875,32.811820817,29.4376482464,26.2575390843,18.9557660114,2.77965140691,5.00334335224,0.0275149140507,4.58208156117,0.6005859375
105.758789062,104.283203125,49.2255859375,48.6651045742,55.2934807617,34.1407485645,42.289105548,-7.00382888887,29.5886257519,0.0508247353137,5.05278324282,0.802734375
123.389648438,87.7578125,63.44140625,40.1910176614,42.0840390791,41.2902796282,40.0278737805,12.0373165796,20.2766057478,0.0234866812825,4.69956829896,0.5048828125
151.17578125,151.995117188,153.930664062,56.5983170384,54.0985156009,54.8917442879,62.1070085154,0.225991315991,-1.08857899313,0.0223212279379,5.20119422392,0.6630859375
91.4140625,92.2880859375,69.251953125,23.4733566863,22.1856516538,20.3243954614,38.3579998105,-4.48084648957,13.0507396698,0.0144490972161,4.27720178715,0.4453125
111.720703125,108.888671875,106.876953125,34.3197015595,31.542804941,28.8944147409,45.8587758547,0.863671968194,1.43488264821,0.0216384679079,4.60956383911,0.4775390625
134.971679688,135.439453125,94.462890625,46.1946900982,51.0477549673,52.6990329704,54.8735040091,-6.61238786723,22.3047593275,0.0250203572214,5.03911400094,0.6416015625
91.6572265625,74.1318359375,59.193359375,65.4122196759,59.0361151561,58.8016869945,32.0480557671,5.29056617504,11.8315906895,0.0332932472229,5.10322375499,0.7236328125
143.549804688,134.015625,126.971679688,65.1032642768,66.7541237461,66.8428381973,55.4750479701,2.8605430036,5.27961245788,0.0281501784921,5.2298934153,0.6015625
145.037109375,111.75,96.6796875,66.9412682022,66.6509535519,64.0032266757,49.6077778736,11.3161528804,14.5911162947,0.0173535346985,5.28223891366,0.7177734375
133.762695312,126.612304688,113.962890625,41.4479546455,41.5575312462,43.014107763,52.8531364272,0.555276523047,8.01883410163,0.0731906667352,5.0202632616,0.84375
128.888671875,105.486328125,94.064453125,36.883861602,38.3955030808,41.4166820124,46.2459300999,8.02227019369,10.3058039646,0.021160742268,4.85540899411,0.556640625
153.484375,153.922851562,121.146484375,44.1408628312,55.0352595188,38.2059594724,62.2152513041,-5.16070743326,16.7990629614,0.026546984911,5.05784259359,0.6298828125
103.646484375,97.5390625,81.5634765625,24.487959959,21.6260485092,17.0900039892,41.3324189174,-0.397577098277,9.87766501303,0.0132754202932,4.33423839522,0.3671875
95.962890625,95.8203125,86.544921875,74.1252805502,67.2845007452,64.5312570641,38.8105532131,-1.78449763958,5.23801202958,0.029626486823,5.14611137363,0.70703125
146.0546875,125.267578125,109.751953125,54.545234037,54.7365020069,55.8748164505,53.2043025905,5.73038125883,11.6144314748,0.0538334101439,5.21704686667,0.7978515625
112.474609375,119.538085938,69.4462890625,62.9050727958,61.4841229716,62.0211267393,48.3671249966,-8.54307273881,27.1313507093,0.0507322885096,5.23856245379,0.751953125
131.255859375,118.727539062,97.2568359375,64.4798824371,58.8045373811,57.672884221,49.7033509974,2.06887334512,13.5412415777,0.0496760904789,5.07668072226,0.796875
116.969726562,106.51953125,89.630859375,36.4314432885,43.269883541,45.2569105657,45.5791620912,2.24543861637,11.9420122393,0.0352079495788,4.74724186754,0.5224609375
125.438476562,123.723632812,82.787109375,50.0980885912,55.5483389231,54.567113832,50.4924903497,-5.38234413446,22.6947894189,0.0495527982712,5.07698673202,0.802734375
111.052734375,109.442382812,100.497070312,42.7744716181,42.5975511944,46.3272158554,45.5235451146,-1.04520656492,5.45029963828,0.0188388098031,4.97126795838,0.5830078125
133.7890625,123.158203125,124.750976562,61.7390270291,68.5889617569,66.8338037468,51.5988617027,4.93238464174,0.787802487132,0.0538842752576,5.10897013397,0.6884765625
133.1796875,125.130859375,98.654296875,28.2805583047,26.442347089,30.6856481922,52.3644561869,-1.16697910298,15.3627153819,0.0188886206597,4.48516971295,0.521484375
76.9833984375,77.947265625,76.5400390625,61.8648249034,62.0474487063,62.4976590061,31.6430853624,-0.597685919257,0.700637707344,0.0521478652954,5.05405474891,0.6728515625
152.734375,133.716796875,126.353515625,55.2511466757,64.5787572638,66.3768392764,56.5518211668,6.70285669902,7.06656022585,0.0316546447575,4.85668836783,0.6171875
89.41015625,89.94921875,84.1240234375,54.6419608106,57.4197075218,56.8779982814,36.9406378003,-1.04648324518,3.39022599924,0.0683030039072,5.15561315329,0.7666015625
135.571289062,102.294921875,81.33203125,40.5063748346,25.6402571499,19.3659532653,45.9337941553,10.4993152454,16.8484596858,0.0200872849673,4.53875064322,0.5009765625
105.78515625,90.849609375,82.9287109375,28.714970752,25.2743315596,23.1350019734,39.5394924952,4.67099771164,6.78677267322,0.00802160613239,4.47788897751,0.4111328125
124.576171875,126.032226562,124.76953125,58.2300131566,57.3653308891,57.0725074174,51.5988120059,-0.760662868877,0.493813893935,0.0342494770885,5.15330102835,0.7041015625
115.708007812,116.76953125,114.057617188,87.9301019361,88.1170963287,87.3947670806,46.8076558656,-0.925623390108,1.36789260775,0.034768179059,5.0596443652,0.6083984375
98.1474609375,98.75390625,124.696289062,41.6881410815,38.458429063,54.8867490439,42.5644844942,7.9653027946,-13.6928135639,0.0235629305243,4.77102837812,0.6298828125
129.18359375,129.46484375,126.79296875,45.9540731623,46.4730972073,49.2143957337,53.4116132667,-0.581138020662,1.48996331858,0.0449243113399,5.09395212572,0.7353515625
127.012695312,100.487304688,87.068359375,56.4569183351,48.472445408,47.1881955127,44.0767817968,8.80865775165,11.6159685777,0.0194081980735,5.05095557205,0.591796875
187.030273438,173.05078125,143.055664062,42.1101613044,42.8357072066,55.8458207082,70.8435186094,0.558261596773,17.5868351561,0.013943079859,4.9299072734,0.53125
198.118164062,186.052734375,164.921875,46.4119914604,55.9012902386,71.3462600166,75.5350072947,1.33370273182,12.9401084338,0.029895465821,4.47904606633,0.583984375
113.970703125,104.7734375,88.0732421875,43.7280873818,42.7713469809,38.212086843,44.1016113208,0.778430163703,10.6208910665,0.0539764836431,5.00506904841,0.7001953125
113.24609375,113.491210938,106.797851562,64.52353907,62.9914577612,61.7108551539,46.319512772,-1.37750025807,3.66604338723,0.018384475261,5.18481666924,0.5673828125
75.5380859375,75.8271484375,80.8720703125,41.1597084093,40.43876067,27.9062717177,31.822966024,1.72805324247,-3.55889229067,0.0363330692053,4.68103904617,0.59375
60.18359375,62.0205078125,66.88671875,43.1434231976,34.9909386894,34.9820665464,25.6691303764,0.527451658612,-3.23302494226,0.0395045503974,4.51053856958,0.4033203125
68.232421875,80.75,58.328125,20.3330348988,27.1950061477,21.5794713555,32.5440463148,-9.03014185811,11.2005545694,0.0284192860126,4.38220623902,0.62109375
165.745117188,174.119140625,161.202148438,34.6402335001,38.4409483316,34.6421600539,69.989444594,-4.97593266151,5.49870810038,0.0472603216767,4.83099726596,0.7705078125
166.239257812,181.595703125,159.140625,49.1105694239,51.5666345037,42.8976997808,71.7572335222,-9.1385062741,9.412756255,0.0309813003987,4.96343211162,0.701171875
90.6240234375,78.6806640625,63.810546875,49.1864502054,35.687042701,37.3121760624,33.7588991595,2.13781593603,10.8158169254,0.102320224047,4.91350285837,0.7822265625
89.462890625,79.767578125,62.62890625,42.3347037136,37.0449563716,25.9028568415,33.8015052033,1.07376531401,11.2185371889,0.0134789766744,4.54682776022,0.4775390625
140.969726562,109.754882812,101.893554688,58.0474454171,71.8729311902,71.6607226953,48.9034877296,11.6221356938,11.0812858419,0.0449227914214,5.00714050795,0.7646484375
103.314453125,87.1357421875,71.740234375,56.0104861319,55.650837853,52.7679259228,37.2291167881,4.48502715017,11.492854568,0.0879152193666,4.97153033577,0.65234375
115.844726562,98.8203125,75.171875,58.0808494243,55.9437403773,44.6089535882,41.8399232508,3.31040088359,15.5251553853,0.0199656002223,5.13611551054,0.578125
126.73828125,121.520507812,99.9697265625,43.4601319119,40.0864735376,43.63590101,50.6907633966,-1.66289548123,13.0510219152,0.0114417597651,4.90528927615,0.6162109375
113.927734375,99.201171875,96.49609375,46.1254726892,43.0251851957,45.9260613349,42.7058792015,5.46221350812,3.79449288599,0.0207253210247,4.9368266527,0.5673828125
113.75,111.509765625,115.540039062,43.2739953306,50.2534387655,65.6816002821,46.8308590339,2.76206436376,-0.971510391886,0.0345537438989,4.63713185597,0.4521484375
130.561523438,129.659179688,92.2255859375,53.3517049211,55.4765932282,50.5771271493,52.8761989522,-5.42274363877,20.6926495236,0.0431833043694,5.12247842272,0.763671875
108.90234375,89.435546875,66.8046875,38.2892240977,30.1218188494,34.9222761093,39.1842497392,4.60474095339,16.2496419706,0.0153067298234,4.7806219002,0.55078125
121.374023438,119.264648438,114.172851562,46.2958361238,44.9703166018,44.0327293629,49.5786530414,-0.119323874985,3.07659085462,0.0256534963846,4.99742865951,0.693359375
141.922851562,106.939453125,78.7431640625,43.1079325972,39.4506248724,35.8592824365,47.5872553026,10.3271234315,21.1411996228,0.0529716834426,4.94427423792,0.7900390625
104.915039062,140.28515625,86.1201171875,27.8451284802,31.9930829679,18.663085682,54.4748913786,-22.1609128061,24.4246591035,0.0145640652627,4.42957913618,0.5615234375
108.010742188,140.587890625,132.733398438,43.1014075167,43.3718939117,48.8788583213,55.5842771555,-12.2948560484,0.389641959235,0.0332073606551,4.95003557985,0.65625
121.421875,116.741210938,98.345703125,35.5426645858,36.1228159604,34.9047199348,48.665952427,-1.42528321229,10.8626002378,0.011852321215,4.84955443997,0.646484375
74.9560546875,67.0380859375,58.12109375,62.3668035576,56.476812812,50.9266762309,28.0403394473,1.64267773342,6.17469266248,0.0266978368163,4.55674613433,0.53515625
149.146484375,146.109375,136.998046875,57.3583345498,61.1597529496,50.1657603532,59.7904016545,-0.217310688853,4.95875562976,0.0171960983425,5.02566781206,0.4990234375
201.544921875,193.81640625,184.182617188,62.8983549876,71.119627738,78.025554524,77.8186996137,1.52784112005,6.33179648566,0.0690080374479,3.92965716882,0.5419921875
135.877929688,121.916015625,132.750976562,45.8099178716,49.4829987508,54.6403144564,52.1456826837,7.92144843281,-3.58958055518,0.0327067226171,5.07765392918,0.6171875
156.669921875,152.62109375,146.658203125,39.3802629617,53.3248354023,67.5261116385,62.9558316781,1.59011329862,4.65052884104,0.0622879192233,4.98949981523,0.61328125
132.905273438,126.096679688,95.736328125,31.8454184352,33.7882224059,35.1412163494,52.4430180318,-2.2183582997,17.6781630337,0.0123604629189,4.79001394787,0.5068359375
73.6064453125,70.759765625,46.6337890625,23.9761111061,20.1984031688,21.4121951347,29.6334211907,-2.90825390218,15.1063618889,0.00622495729476,4.15616389596,0.33203125
136.157226562,141.791015625,109.21484375,36.9191696073,40.6821626365,37.0827139013,57.2362327739,-7.66977218118,16.7232192831,0.0304178968072,4.66595809036,0.59765625
109.6328125,90.3115234375,64.8076171875,53.5664556727,45.9728353048,38.6725675517,38.8391557291,3.94228911381,17.3511882021,0.0173550359905,4.98999599667,0.6083984375
156.40234375,137.34765625,119.223632812,43.2763900066,43.4618887735,41.2005597192,57.946141975,4.35938116236,12.4197788976,0.030959745869,4.966507772,0.69921875
146.49609375,130.043945312,126.80078125,54.027083634,56.1515894566,57.0883648885,55.0786898168,6.04816026994,4.35534905818,0.037005122751,5.19929086273,0.7626953125
88.0595703125,94.4658203125,88.455078125,14.6936611483,13.286315347,15.2009949559,39.3277793492,-3.76591192553,2.62082795103,0.00385336740874,3.87968284845,0.1171875
108.953125,110.315429688,103.026367188,52.1252974175,50.1510717363,48.2081899495,45.4476978896,-1.85122423503,3.76482266291,0.0484455265105,5.05813949157,0.703125
79.005859375,81.3095703125,74.380859375,56.8086663727,56.4174838728,59.5719223335,33.0275314994,-2.38030887161,4.00536926588,0.0192486252636,4.8774627647,0.390625
108.095703125,121.26171875,145.087890625,50.0671679812,44.6895744643,48.8911027845,50.343496044,2.27544349857,-14.239180185,0.0312408860773,4.87151371623,0.5185546875
131.233398438,121.581054688,82.2265625,47.1473879365,52.202049548,61.3741999494,50.5245866156,-1.14733743412,23.1588034078,0.0345076322556,5.15670672285,0.724609375
167.473632812,157.725585938,155.526367188,55.9962269244,67.9150714016,73.2778536532,64.8935735376,3.85590075434,2.99447985871,0.0632845833898,4.93465156802,0.5732421875
105.159179688,113.79296875,50.755859375,38.7030594432,40.6864212292,38.5478720843,45.5164960592,-12.7790274587,32.6748204745,0.0345783606172,4.83988224304,0.703125
107.4453125,128.887695312,100.462890625,68.677994519,70.7746484571,79.3074428909,50.3764636168,-12.606206425,12.8278346256,0.0428773462772,4.91864609604,0.515625
99.71875,114.424804688,125.982421875,45.5770402896,52.05529859,69.1626937491,46.5703507169,-2.565594067,-7.43741142566,0.0681522637606,5.19134792737,0.8515625
132.689453125,150.95703125,73.9287109375,37.6497432928,28.9723081245,34.1491986646,59.4611213226,-18.4827857741,37.7143782646,0.019414242357,4.64649061929,0.494140625
88.2626953125,82.376953125,67.84375,45.3952513236,43.1623988208,45.5475048198,34.5468997118,0.0673037804707,9.56207683689,0.0207859240472,4.92267540567,0.69140625
105.151367188,72.8046875,36.2353515625,66.9580204459,39.7121347941,16.8884286926,33.0407042249,9.70017902203,24.8001699069,0.0140532124788,4.5881419464,0.451171875
148.891601562,146.84765625,98.7548828125,28.8158039011,35.5661552709,32.7683255561,59.8040478175,-6.61800871038,25.9336273181,0.0310144200921,4.69793986178,0.6416015625
135.264648438,140.868164062,119.415039062,32.2406612004,26.7464075083,32.197944428,57.4549118795,-6.05377857163,10.9273595319,0.0156759694219,4.68541871817,0.5302734375
121.145507812,112.829101562,100.255859375,68.9068758428,71.5739011986,69.9785190593,46.4450218367,1.34910040325,8.30988360789,0.0468326359987,5.26433701516,0.7548828125
82.0537109375,58.4052734375,37.791015625,52.8911216363,37.096090537,33.3379545887,26.3429020197,7.48683294326,16.5133868723,0.0290667712688,4.81296411727,0.646484375
105.08203125,95.455078125,76.349609375,44.2374751582,43.6382493937,48.7480452317,40.3897335154,1.07065900031,12.6113694106,0.0323807410896,4.95638949921,0.7138671875
130.7578125,101.241210938,76.376953125,57.7409687329,46.1051937161,39.1656450233,44.810713567,8.49315158905,18.8291136019,0.0599332079291,5.07401273238,0.7978515625
104.049804688,99.4873046875,76.0400390625,46.6021900886,44.7112244166,37.4760256489,41.2817170058,-2.20831147582,13.7885060362,0.083581186831,5.01973175046,0.8515625
105.868164062,107.76953125,95.6884765625,52.3209857416,54.2996749222,54.8871678568,44.0434724902,-2.8756619953,6.69756339797,0.0701204389334,5.14156573818,0.7578125
119.021484375,96.3046875,82.216796875,45.8727171535,33.4807975734,26.437275987,42.3362702607,7.01425333099,11.2874182007,0.00731525570154,4.69836497636,0.44921875
97.765625,88.3828125,35.423828125,37.2781425518,34.7426916986,17.2306860454,37.1202255683,-3.09366587618,30.1839934866,0.024354595691,4.56429868118,0.634765625
184.19921875,152.831054688,143.87890625,35.9803190476,36.9891740452,39.3383632181,65.4147869926,10.4194773887,9.2536022017,0.0105619775131,4.65658929242,0.34375
108.684570312,115.819335938,110.282226562,43.7664825671,46.7011942051,48.1297830063,47.4471854224,-3.08483419994,2.32533114776,0.0197316668928,4.85081801074,0.6474609375
111.254882812,133.358398438,80.697265625,46.4671472864,55.4014597811,44.11211914,52.1760600565,-16.5399973091,25.1061877855,0.0183677840978,5.0488867208,0.7138671875
146.250976562,120.834960938,117.807617188,60.9041455112,47.2054302482,48.3493663975,52.5251649806,9.78704122978,5.4693396779,0.0129665313289,5.06142170611,0.4140625
204.823242188,200.323242188,190.96484375,38.5593471011,34.1930697993,40.5259698562,80.7259751567,0.303028737128,5.44949675305,0.033527970314,4.75795043311,0.6435546875
143.018554688,143.211914062,115.969726562,72.2801802738,75.8382518522,75.8813196344,57.2588061031,-4.49893257744,15.0513063789,0.0261019449681,4.30900981617,0.3251953125
85.2841796875,91.1640625,95.7001953125,27.4385731515,24.2425978857,26.6449998234,38.0898930882,-1.30417878007,-3.33155925456,0.00755181815475,4.11858169529,0.2392578125
50.4033203125,40.849609375,22.96875,53.7460975029,34.8686267676,17.4134298477,16.8744050867,1.78456550414,11.6969706228,0.0254664346576,4.4403295053,0.4462890625
165.813476562,132.344726562,93.6884765625,32.679273792,27.1044224857,22.9275272944,57.3439726172,7.56650867206,25.6807122921,0.0191467516124,4.52868870844,0.53515625
95.43359375,130.623046875,216.362304688,11.0791490348,12.258068775,17.1219370254,55.621278498,12.749703305,-47.7372212701,0.0028282685671,3.78590107164,0.0224609375
142.28125,122.583984375,83.8564453125,34.9678563335,30.8706787421,29.1564324998,52.1705100282,1.96616444219,23.9983515859,0.0385818332434,4.74489421836,0.69140625
142.895507812,145.854492188,148.859375,36.8903545804,46.7001041317,77.3343349699,60.0587713711,1.21717220644,-0.859046723539,0.0285599250346,4.75204164898,0.5146484375
94.9072265625,82.3486328125,82.7666015625,52.4429580976,42.1190942875,45.9495436782,35.7715499695,6.09478860727,2.12443737378,0.0404021292925,5.01519262341,0.69140625
67.3271484375,43.1015625,34.322265625,69.460374026,41.0486258608,29.7407688597,20.138064478,10.9843640459,8.12261773522,0.0341208353639,4.41442589783,0.4453125
208.489257812,174.54296875,121.712890625,49.5901944401,41.2145220227,30.4582448211,72.7575377302,5.23062378973,31.5228876409,0.0221988987178,4.53312039201,0.40234375
190.875,178.00390625,165.206054688,69.3590212454,79.9359483844,91.1048370315,72.1799985342,3.36184441344,9.18472606922,0.0421847850084,3.85239539947,0.5
186.5234375,188.943359375,163.82421875,63.612224263,61.601278355,80.5153345702,75.1169195445,-5.07948535596,13.1137905681,0.0629270151258,4.25622907703,0.599609375
155.086914062,143.116210938,140.282226562,20.2390321534,25.0321506333,30.8333701589,60.3085858136,4.18861148538,3.32254211093,0.00962455756962,4.4673416442,0.2373046875
144.676757812,128.971679688,142.602539062,26.3576662316,21.9729543166,44.2413395634,55.8681243446,9.92697495876,-4.61406332762,0.0156563818455,4.40476854127,0.40625
130.544921875,118.290039062,106.505859375,47.2732657419,48.9009168258,51.9623508241,49.8111305103,2.9372649725,8.52696415192,0.0213313419372,4.94884095565,0.5341796875
85.7724609375,109.1875,54.572265625,39.1643170984,31.0421840002,15.9463410632,42.9809796593,-18.2047407151,27.3873926696,0.0206638164818,4.47512907512,0.5869140625
103.741210938,87.5234375,92.748046875,69.5098240928,64.4029932878,56.1144982179,37.5409676685,8.04394818897,-1.08826916774,0.0257439948618,4.94785555068,0.5908203125
115.602539062,103.241210938,96.8525390625,85.1947632714,86.7539029027,89.28695802,42.5007128809,4.12787344364,5.87805883924,0.010012078099,4.81288049768,0.3720703125
124.750976562,123.717773438,110.15234375,38.4730716884,45.0987787014,39.3699926674,51.1365413987,-1.71686867834,7.54170272245,0.0239000245929,4.58628295861,0.5908203125
133.350585938,115.543945312,83.16015625,30.7949230363,30.3367174919,24.4215847786,49.275385112,2.09453204388,20.4179531495,0.0232013370842,4.64975883548,0.587890625
132.560546875,111.1640625,84.0439453125,59.5842713858,57.3466232037,51.900492818,47.34222639,4.69857700374,18.0380708731,0.089487656951,5.17694229361,0.796875
121.68359375,99.2578125,83.392578125,47.0939416508,45.2285638269,43.0717989732,43.2437668588,6.65690485495,12.5335245131,0.0505663789809,5.00862569853,0.625
113.94921875,140.512695312,101.09375,24.5514717484,20.6527236722,16.3010915566,55.4458341555,-17.0751141969,18.0379295659,0.00763532798737,4.2945991465,0.2998046875
85.25,52.099609375,49.986328125,27.8206799769,34.1672391952,35.4294221475,25.4447343216,15.1427608874,8.15880483489,0.0169514678419,4.47736391371,0.240234375
158.176757812,141.504882812,107.936523438,49.1801039432,47.504440331,37.9072273424,58.8549877048,1.16155161374,20.0419993369,0.0284228380769,4.76624693097,0.5263671875
117.435546875,128.982421875,113.966796875,50.3109058957,46.0338030053,49.8744211187,52.0883318355,-7.27085393833,6.96485079807,0.0474678575993,5.07914953025,0.5830078125
146.5625,114.991210938,106.741210938,30.3489471605,39.9543308737,38.812958191,51.290001335,11.6280070891,10.1164923201,0.00834066048265,4.81909367533,0.54296875
155.092773438,154.344726562,152.466796875,51.0517524885,49.3611463112,49.1376104112,63.1702805334,0.135599797989,1.01638070895,0.0351658836007,5.11494820009,0.7119140625
152.0234375,137.678710938,107.150390625,47.1919848603,43.3404412028,43.9429321838,57.5181349025,0.951497784037,18.3630387116,0.0390649065375,4.855297591,0.6669921875
131.13671875,126.666015625,95.5703125,44.0187599764,45.6272877995,49.9992474309,52.2916331348,-3.14664453812,17.7895506483,0.0395802184939,5.02356284154,0.7490234375
98.25390625,83.9033203125,79.4462890625,33.057537204,35.3307948835,37.4997792428,36.6654240013,5.67725496102,5.07995972477,0.0425543710589,4.81191037104,0.6435546875
132.567382812,125.112304688,124.2109375,69.9794986062,68.4398264799,61.2715876936,51.7154386049,3.15608638956,1.1751068377,0.0502838119864,5.24955396983,0.74609375
117.368164062,111.46484375,92.220703125,75.5317361522,64.1442826635,60.3100559827,45.8483407718,-0.987925411041,11.4383597253,0.0350427031517,5.11600669416,0.53515625
88.6328125,110.451171875,74.060546875,40.6188449364,29.2041500722,22.9312884576,44.0219931337,-14.47258789,17.8352341756,0.0109551828355,4.48193989879,0.34765625
111.22265625,106.419921875,111.184570312,41.5376715593,39.7164440911,37.634785327,45.0507811564,2.94916704016,-2.10153935638,0.0154543286189,4.86879051848,0.5087890625
138.561523438,134.188476562,129.573242188,50.2144825896,54.2847547086,67.9669504563,55.6935419435,2.03921267964,3.77925434657,0.030075956136,5.11265117572,0.73046875
94.3291015625,102.1875,86.6005859375,65.5680265543,47.864575399,38.7142935244,41.8803555745,-3.13685802211,7.38587053218,0.0136032737792,5.01809740874,0.5107421875
127.094726562,124.364257812,104.673828125,41.9814855435,41.7981703285,31.9579658404,51.4137140716,-2.35718623544,10.9179220614,0.0229276195168,4.8185377009,0.6494140625
142.982421875,140.092773438,130.52734375,31.8243728396,28.8716885703,30.7237444181,58.1102753679,-0.655889776373,5.56858876731,0.0263217836618,4.62400462968,0.6845703125
104.818359375,105.21484375,103.557617188,47.1435454933,66.7360467507,80.0945766673,43.6539105483,1.88784129402,2.53340800688,0.0437076166272,5.247382315,0.716796875
120.353515625,131.700195312,198.3046875,26.5143686603,34.1526181732,69.0834593302,56.6509052355,13.9356752434,-34.5428865854,0.00827703531832,4.57969708618,0.328125
121.028320312,124.909179688,128.844726562,31.0214482681,30.5285879359,34.3458727666,51.9633396902,-0.14360088696,-2.45283038583,0.026470573619,4.62015093643,0.640625
87.6123046875,82.326171875,60.365234375,22.4845668633,20.08305651,27.3791984927,34.838499194,-1.41182899353,13.8032271255,0.00956102181226,4.36977411762,0.4482421875
88.666015625,90.814453125,92.908203125,49.0453172274,49.3784487136,52.8845234765,37.5571395375,-0.41464904433,-1.35361065745,0.0119712455198,4.77068364829,0.32421875
54.9462890625,48.623046875,42.005859375,64.672130163,60.7839451209,54.1741437984,20.3512786678,1.56286776866,4.78619066672,0.044511873275,4.09543349162,0.54296875
106.444335938,105.447265625,85.34375,47.7196282167,41.7424108038,45.8037487378,43.6780874238,-3.27343778006,11.5615487657,0.0150395333767,4.31256924008,0.4453125
137.9140625,101.1015625,56.1708984375,78.1819194995,61.7430841071,39.3503282424,44.4460072935,9.62920872348,29.5452508085,0.0228598657995,4.9567475739,0.6064453125
128.994140625,119.94921875,108.709960938,77.8405569701,69.0205426803,59.4518652002,49.3686429632,1.45442538428,6.9156046976,0.0278487820178,4.83150886935,0.421875
141.177734375,143.92578125,112.333007812,25.3756090664,20.5818763042,16.9619128818,58.7407929893,-6.37428882798,16.5149734593,0.00950935389847,4.24218773125,0.4228515625
130.879882812,123.251953125,60.515625,37.5499436374,35.0421481166,22.6655745898,50.8172447137,-5.5594548312,34.0419779607,0.0245652496815,4.58374834912,0.6337890625
135.227539062,132.125,98.4716796875,58.7582605845,58.151422086,53.4645141761,53.7757305145,-4.4721304263,18.773607378,0.0387925878167,5.08274533173,0.703125
125.826171875,133.461914062,92.28515625,31.3619410478,25.2270261096,29.1616041168,54.1448854474,-9.7914208179,21.4919928377,0.0151416342705,4.54340694474,0.4619140625
119.538085938,143.2734375,91.85546875,35.8863836829,43.5583014196,24.5973950875,56.1645975242,-17.3928173801,24.297928199,0.00848977081478,4.55574025718,0.44140625
90.46484375,74.8154296875,58.13671875,41.8516811749,37.1147149607,32.1505379307,32.5097488228,4.07066862904,12.3217849198,0.0283472463489,4.50854776565,0.3505859375
122.563476562,105.553710938,92.794921875,49.9249815546,48.8062680671,49.8381455861,45.345359992,5.12744212959,9.9880048451,0.0264320652932,5.09585737784,0.7197265625
117.094726562,105.078125,97.3017578125,49.1425085244,39.1574065821,33.4123701836,44.8799507218,3.57150759108,5.93706534141,0.0301715545356,4.93912305253,0.6923828125
159.506835938,156.94921875,151.352539062,33.1859985558,39.0033472043,46.8547636881,64.458177406,0.140353759319,3.58667522244,0.0142199574038,4.46806898086,0.279296875
91.4453125,87.171875,89.6904296875,39.9891701343,38.8263329566,40.3755425928,36.9696756014,2.23141025508,-0.787619885172,0.0323289334774,4.68727867559,0.34375
85.677734375,101.26171875,83.9052734375,59.7584955089,47.557200955,54.2330025533,40.5342000809,-9.55114366466,8.48549236407,0.0508304685354,5.11873198543,0.658203125
111.8359375,115.46875,62.3447265625,30.5463984538,33.058438432,29.7262134346,47.033274616,-9.5106102495,28.8763882517,0.0280622802675,4.67134090799,0.658203125
164.90625,167.68359375,135.705078125,15.182258612,16.8941293305,21.402735423,67.7366321603,-6.40051004681,16.2680820665,0.00970718916506,3.8182519245,0.181640625
100.002929688,85.9462890625,66.9658203125,46.8866547096,45.3564662336,38.1472502146,36.7915688824,2.97653341828,13.2841373879,0.0657888501883,4.97011721172,0.783203125
142.5703125,152.399414062,142.336914062,61.9453115147,55.4436971562,54.5548996411,61.2949493291,-5.33992056352,4.14870805317,0.0748563036323,5.20016457171,0.7705078125
159.9375,178.333984375,188.727539062,44.8819197311,49.4939802343,51.8681563953,71.0108010574,-4.10656247933,-7.3615083776,0.0348081402481,3.54561085974,0.283203125
155.637695312,152.004882812,95.734375,58.8978076258,52.7507495465,38.6186249543,61.3113854968,-7.01387093616,29.5732481887,0.0264531895518,4.96197659973,0.615234375
80.033203125,88.8857421875,128.956054688,44.775098486,50.7155982523,75.5225353272,37.5045472436,6.98937836272,-22.4257277496,0.0205292515457,4.63162876046,0.443359375
83.5048828125,77.8232421875,79.9970703125,51.0472549877,54.1734681843,58.0308797041,32.6147133375,2.97861874808,-0.271287288095,0.0272304862738,4.93160811095,0.6103515625
147.9140625,145.721679688,164.337890625,43.8394001484,49.8000266565,58.6673212268,60.6146102853,5.07697212507,-9.04237800589,0.0415391921997,5.03380342609,0.8046875
133.766601562,110.810546875,63.9326171875,26.7354885028,21.5525168487,18.20065972,47.9766467965,2.7314537152,29.4969489041,0.0267631113529,4.35400502448,0.5029296875
141.221679688,121.966796875,119.572265625,21.7457493761,22.4907287994,25.3699319974,52.7672511666,7.13368827104,4.15512983212,0.0199080705643,4.32470707832,0.466796875
108.502929688,89.625,107.868164062,53.2538510126,59.8291512872,65.0091430029,39.5070751386,11.912184283,-7.12115720828,0.0275728181005,5.0483787689,0.6494140625
114.638671875,102.119140625,94.5185546875,35.2812404312,22.372020246,19.4407565465,44.1403891849,3.98404220142,6.08192590152,0.0112537033856,4.27298294877,0.3525390625
147.6875,123.491210938,118.326171875,55.3775218105,67.5142195736,60.2209883681,53.5254920637,10.1461937577,6.4934827688,0.10068885982,5.25340523883,0.8212890625
98.3515625,94.3671875,72.798828125,49.8017695224,49.5697695006,39.6843571417,38.9838342799,-2.08199066177,12.6282028474,0.0939779877663,5.04363133791,0.8662109375
70.95703125,68.775390625,60.9794921875,26.8568999619,28.1664337134,22.5105567538,28.8570145126,-0.450139271916,4.93327931469,0.0322765782475,4.44579835087,0.5517578125
200.432617188,187.640625,159.283203125,45.7880578405,51.2227609587,58.5221134678,76.0522622328,0.348808486102,16.3971968522,0.0669832825661,4.06782534166,0.572265625
100.9453125,99.6044921875,53.6328125,35.075016392,28.4366555392,29.0591385405,41.0899318431,-6.81167894004,26.085680091,0.0117475623265,4.63047664281,0.34765625
113.248046875,116.881835938,83.51171875,61.6789903269,57.8384122854,55.9716015062,47.3783760196,-6.64777672796,18.1580964655,0.0448815189302,5.19625564393,0.6396484375
146.614257812,126.913085938,100.27734375,18.7238002327,19.0222234507,18.0729650257,54.2083277466,3.39716600413,17.3121041651,0.00812001153827,4.1300791773,0.212890625
207.768554688,200.194335938,194.581054688,71.3362837438,74.8423364112,77.7312406558,80.0340524035,2.1797832504,3.9157670476,0.0388018414378,3.64008456718,0.443359375
138.231445312,140.344726562,90.5283203125,40.6038424168,42.1028469142,43.9763694836,56.8354820874,-8.30288792794,25.9566639332,0.077775940299,4.9480072934,0.7470703125
151.88671875,161.91015625,94.4814453125,74.058022408,61.8795116282,66.3901057395,63.6421762002,-13.8126554317,33.143841555,0.0681599751115,5.29490744528,0.7763671875
130.577148438,119.155273438,107.8203125,47.4223039033,47.7180062107,50.961448909,50.1412599923,2.67310416015,8.08474495228,0.0126957511529,4.9666303997,0.4951171875
66.60546875,55.4541015625,40.330078125,72.488769398,61.7689577647,45.9808302617,23.533426396,2.18311735066,9.89656180706,0.0188388936222,4.11025607953,0.4521484375
128.098632812,115.813476562,99.3056640625,28.4163904839,25.4638870745,31.1599221624,49.4202813578,2.06129485926,11.1555717916,0.0105408104137,4.42255397033,0.3193359375
156.4609375,142.837890625,133.801757812,65.634794191,68.8066037568,67.3070067747,59.2027312337,4.08088064036,6.91973063828,0.0827586054802,5.21692525856,0.7763671875
153.366210938,148.057617188,133.799804688,31.7942554341,32.0853597934,39.213432906,61.1842510418,-0.509890874065,8.41061131346,0.0190737992525,4.72724485641,0.5439453125
153.842773438,153.772460938,195.5,43.908948833,44.8284488638,49.7483707334,64.3884033202,9.05922400869,-21.452344898,0.0206573437899,4.77421445189,0.41015625
138.06640625,133.899414062,86.7138671875,69.1594588358,59.3648892678,43.385526045,54.5627605424,-5.48204637626,25.9320582447,0.0266789868474,5.00400848527,0.6376953125
111.88671875,124.883789062,74.7109375,44.0378128911,34.7918639872,42.001772162,49.9552519257,-13.6380905342,25.9131985886,0.0153790246695,4.39452028438,0.369140625
171.291015625,146.309570312,108.2109375,51.9188188175,49.2240460068,60.322217785,61.8674184444,5.45366034918,22.7946176325,0.0248551275581,5.03317873265,0.5947265625
171.186523438,148.817382812,132.693359375,70.1955372598,69.627726962,68.4818329214,62.0643475946,6.04836858538,11.7222907298,0.0517594777048,5.19332686344,0.76171875
125.3359375,137.708984375,80.58984375,49.7044039397,44.8595821066,39.1972143857,54.7537214877,-13.7454013943,28.8978246291,0.0232919454575,4.90968749781,0.5654296875
150.76171875,145.225585938,137.360351562,44.6970691172,39.3548173677,35.6169951296,60.0516308884,0.75820685632,4.80474499962,0.0100869908929,4.38316351534,0.2509765625
97.7451171875,94.2158203125,93.93359375,33.5440253445,51.1142380913,60.4026163255,39.8230095787,2.96281263324,1.84094842439,0.0256055779755,4.79545128673,0.552734375
117.604492188,118.5,113.374023438,51.6966892086,58.0458971149,50.2958993287,48.7993556054,-0.84186279516,2.51232624155,0.0409134104848,5.01305794116,0.6318359375
145.2890625,136.099609375,108.052734375,51.2714935636,60.7254470689,54.456217652,56.1315614335,-0.426637779,16.3863768284,0.0316240377724,5.16347722474,0.740234375
144.919921875,205.176757812,196.954101562,25.141114111,51.7223186725,75.3142948617,78.2386174362,-18.615813173,-1.13728730879,0.0266502033919,4.3481677761,0.2841796875
143.202148438,129.05078125,82.1650390625,36.6727924533,30.4113298585,28.0627976807,53.9710203858,-1.63518448771,27.3824457113,0.00603718683124,4.68368774171,0.5703125
119.170898438,128.41015625,121.181640625,43.669692955,43.6398136379,39.5398115092,52.2906161975,-4.75318340935,2.64907534975,0.0126654300839,4.86017779557,0.396484375
94.318359375,94.6044921875,93.9404296875,34.6611698329,35.6881679466,33.708993697,39.7269333677,-0.0727950205378,0.333876586666,0.0255297161639,4.66789940599,0.6083984375
110.65625,117.571289062,75.603515625,49.8287007061,56.231410087,47.523134039,47.0178707803,-9.4515970552,21.945725099,0.0391156375408,5.12111220074,0.7431640625
176.383789062,152.63671875,137.311523438,34.4489002639,29.9261600942,36.4933055722,64.7700574318,6.89267524764,11.6630612426,0.0169058553874,4.64032223825,0.54296875
122.982421875,113.90625,98.0927734375,70.7774604642,73.9901743371,78.2064836724,46.9219028933,1.38663256386,10.7482730697,0.0362008549273,4.84699161351,0.443359375
123.744140625,101.099609375,89.3505859375,63.5798968698,60.1103301997,51.9323209253,43.4653666596,7.59345722092,9.6955433983,0.105131626129,5.08360492865,0.7255859375
162.6953125,152.484375,135.526367188,67.4161294445,69.7207022222,57.5820176609,62.3053525392,1.26250901262,10.01611789,0.0515249446034,5.13266518345,0.73828125
120.30078125,130.448242188,121.669921875,68.9798951644,68.9912475826,71.4622690109,52.2858766645,-5.42106842332,3.67861403211,0.0396126322448,5.05960635301,0.599609375
108.125976562,102.708007812,91.658203125,22.7208937482,19.6680383554,18.6327681759,43.5570601223,0.1193256102,7.03868175268,0.00681136455387,4.22893414161,0.2529296875
132.362304688,123.1328125,133.23046875,75.3241730124,69.7775478859,71.9849947022,51.5014423173,5.8516630029,-3.80798422462,0.049439959228,5.27111868175,0.6982421875
95.216796875,110.88671875,65.7763671875,45.583370039,36.0772670612,37.7357406338,44.3124003224,-13.8996226448,23.3825396209,0.041670165956,4.5578010949,0.5908203125
102.021484375,84.6806640625,63.134765625,33.8768958093,34.380121453,30.5874355451,36.9135937778,4.19779949734,15.1235224929,0.0186553858221,4.37740585577,0.4501953125
125.198242188,144.118164062,87.7265625,23.6694513371,31.0637056819,36.3224147058,57.2230634935,-15.5544287031,26.9031084222,0.0259677134454,4.443839195,0.5791015625
166.401367188,145.1796875,119.135742188,20.8330894329,25.0492666415,35.8976699365,61.5078582224,4.56338840005,17.0062164265,0.0155534315854,4.43174927882,0.46875
97.953125,132.8515625,161.659179688,30.4358275657,50.9958201173,69.0342281903,53.3039087526,-4.00720192453,-18.3939864176,0.0201190374792,4.93061336107,0.556640625
160.560546875,154.081054688,158.838867188,42.2275764054,50.5689337731,43.2164385351,63.9299512942,3.83260220605,-1.53140683269,0.03878762573,4.64788564188,0.595703125
131.737304688,125.193359375,127.346679688,68.1741962199,67.2756668234,66.933414388,51.871138654,3.07408260377,-0.289582450699,0.0460354760289,5.2336837046,0.73828125
114.704101562,123.544921875,97.0625,61.0881418683,52.72535278,69.4636117645,49.7503136475,-8.26721504869,13.8572826205,0.0230111964047,5.02767808691,0.57421875
151.576171875,144.58203125,147.01171875,35.7603249212,41.1315665988,37.9684524085,60.3756342627,3.51393490212,-0.291999738847,0.0277469530702,4.88174933536,0.5546875
91.775390625,82.625,76.8056640625,75.3376795294,70.7234656514,64.3524712335,34.3277721828,2.87513100385,4.74357543197,0.0377530381083,5.09614403575,0.7021484375
104.452148438,106.838867188,75.5927734375,32.4891757106,32.7875561899,30.7694804041,43.8831932075,-6.29816936205,17.0458883847,0.00636222818866,4.22386038689,0.3310546875
214.565429688,205.609375,196.040039062,68.9769663789,74.1660388477,76.6085407384,81.9764649761,1.82118004625,6.05077978695,0.0538917183876,3.94176781243,0.4951171875
132.745117188,116.5390625,98.5625,50.2022518363,41.5796773421,36.4110645958,49.5011145199,3.30207236265,12.1102490019,0.0155921019614,4.9903375412,0.5615234375
110.17578125,113.14453125,87.7900390625,27.0099149795,26.9178910897,22.1720425557,46.6079368991,-5.64059965583,13.5777511184,0.00865680258721,4.3959456922,0.224609375
148.524414062,134.091796875,124.509765625,29.0854309677,33.0426359736,36.5137749898,56.7374580018,3.9590706048,7.32614749544,0.042399585247,4.77101869275,0.7294921875
108.745117188,105.547851562,89.001953125,39.8981427207,39.8963703421,40.3583314578,43.9283892905,-1.71496224557,9.88019905204,0.0495198667049,4.96657255959,0.822265625
152.310546875,122.618164062,99.435546875,42.8786583499,42.7559811942,39.3723429919,53.2761431956,8.3719996203,17.2133852738,0.0133224800229,4.9481543401,0.552734375
132.340820312,104.787109375,79.6923828125,73.1280184587,69.90534609,55.003374369,44.9946633409,7.77257638155,17.985165128,0.0411072075367,5.21646519496,0.7265625
97.1337890625,89.6982421875,77.7099609375,32.9362943164,31.5180652073,28.1881731211,38.1723032253,1.06206307793,8.09334934382,0.0239093508571,4.63413120092,0.55859375
184.82421875,170.314453125,159.469726562,63.2058915446,75.0410873529,83.2907244935,69.6397543734,4.24770768796,8.30576822006,0.0333779975772,4.55521142321,0.5927734375
147.8515625,115.8671875,83.685546875,59.1495013773,57.0348195587,51.5087100691,50.3036075553,8.69615146609,22.5330884963,0.03555444628,5.08967164151,0.6396484375
139.844726562,121.302734375,103.576171875,37.5184109951,32.4882213082,29.9883776086,51.8843331053,4.3894430487,12.3512944935,0.0136969145387,4.7432465006,0.5458984375
166.380859375,144.327148438,106.827148438,28.6266966071,24.7757009328,20.0844507368,60.8366410301,2.68027495476,22.9223520091,0.00799742154777,4.11419384284,0.2509765625
94.5361328125,94.83203125,83.349609375,47.3624721963,31.2766309866,31.3065245022,40.1157075842,-0.900346903771,7.22888031654,0.0288934260607,4.75762417855,0.740234375
145.055664062,125.603515625,104.014648438,33.1574697459,37.5139430764,36.7702800691,53.5476978603,4.28822083138,14.7011103256,0.0207704398781,4.83731193245,0.5439453125
145.340820312,123.514648438,80.8134765625,54.9810341386,50.8344988153,43.3486656146,52.3118517608,2.62001501321,26.1709048463,0.0980586186051,5.13588949337,0.8759765625
106.487304688,111.427734375,90.4716796875,44.3577853379,48.1151841891,65.4081922991,45.7384461595,-4.23219413483,11.6450386478,0.0359204076231,5.0330617256,0.671875
111.77734375,109.127929688,83.7919921875,60.8379895384,57.0331099115,58.154820092,44.9205185135,-3.33736161672,15.0903918777,0.040124155581,5.07105595992,0.76171875
134.262695312,122.862304688,118.916992188,57.0913496259,65.9777541889,69.5291919944,51.5415446744,4.35383691818,4.39340206455,0.0512061566114,5.03612223666,0.5830078125
71.8857421875,76.1513671875,48.15625,67.0963890363,53.9754314958,52.8610631012,30.4128960292,-6.986317579,15.9430387459,0.0310806967318,4.9199038857,0.697265625
156.424804688,137.735351562,129.2265625,69.2731248757,64.327373768,65.3003535169,57.7309181166,5.96200775104,7.35747049054,0.0482523813844,5.26105305017,0.7607421875
127.2578125,124.834960938,105.6875,38.9776320258,40.4775341383,42.7318126517,51.5282540822,-2.30970868563,10.8085474145,0.0115692093968,4.67506287732,0.28125
124.020507812,129.026367188,116.280273438,54.3026689295,63.0990222544,68.6813048952,52.1994829506,-3.66617278843,6.67512932901,0.0510095246136,5.08969379047,0.552734375
94.017578125,100.637695312,82.8740234375,35.1147906036,36.8146299384,31.9488536116,41.2523671564,-5.72655594627,9.19360347048,0.0251283813268,4.37807698282,0.5419921875
111.35546875,120.565429688,127.287109375,32.375431485,32.9969165257,35.2488030305,49.9150927136,-1.28090045064,-4.67858360381,0.0178376063704,4.60677751401,0.2109375
131.356445312,143.807617188,124.543945312,75.7803343853,68.1527688573,75.9087138241,57.1229439671,-7.96172451508,8.84406907623,0.0506388321519,5.31233414819,0.78515625
104.803710938,71.271484375,60.853515625,63.1843281373,63.961540319,67.6036099153,33.2621208516,13.3591124105,13.0304398551,0.0370644554496,5.1115452264,0.5654296875
129.766601562,131.9375,115.501953125,31.2875589569,25.4590664106,28.9531881761,54.4713808709,-3.75436642608,8.81003448774,0.0178597886115,4.59806578756,0.59765625
100.797851562,160.138671875,130.772460938,16.2159846894,18.185038187,19.6441482868,61.259663072,-25.8041039192,9.29495537783,0.0160644091666,4.08749338886,0.35546875
76.8720703125,62.4658203125,68.1376953125,43.8464811294,36.3805408649,33.137285236,27.6229625008,7.39575440837,-1.03990848749,0.0235022846609,4.8386251805,0.615234375
107.46484375,117.280273438,81.2587890625,53.8306511052,35.1253692363,33.1325819875,47.5621165389,-10.1415104913,19.0771847057,0.0332295373082,4.86288277197,0.783203125
102.276367188,92.6953125,75.5263671875,55.7073196009,53.2900463551,53.281289297,38.9256130764,1.70229206413,11.0893872614,0.0310465376824,5.14935681752,0.634765625
141.073242188,132.041992188,124.163085938,51.3107824282,53.6191284149,57.5060948252,55.0261451194,2.25345128656,5.87984287172,0.02693211101,5.17996422358,0.673828125
135.356445312,150.857421875,172.265625,18.1728059591,20.0653518123,22.2756556353,61.7585204899,-0.743254227537,-12.9908397776,0.0114781418815,2.21583882719,0.0810546875
65.5302734375,79.77734375,105.23828125,23.4714142447,20.8359766796,18.7578592741,33.5979760804,1.73358509385,-16.5603524334,0.0153604997322,4.04698613373,0.322265625
99.8759765625,74.498046875,74.974609375,59.3166592409,65.9006265092,59.9889421764,33.8311131679,10.67099454,4.62211698508,0.0286517869681,5.12528515658,0.5908203125
93.99609375,98.455078125,89.705078125,40.4452270483,41.5989259269,31.1740159602,40.6518865172,-3.04920917965,4.16668176847,0.0225206483155,4.87029966147,0.68359375
81.9931640625,99.5634765625,44.9599609375,32.4808379831,28.1232269237,26.4348284406,39.4337720439,-16.146047317,28.2550101223,0.0153813567013,4.58765821489,0.5244140625
112.421875,88.83984375,98.5029296875,44.9654788378,48.4894251355,45.3369329732,40.0978815713,11.8030459682,-1.28171097148,0.0207216776907,4.91049184165,0.546875
114.283203125,103.668945312,96.30859375,51.8700851502,48.8957833495,49.3462385018,43.9667144217,2.84053532106,5.69948637803,0.0277339909226,4.44681188599,0.49609375
105.771484375,125.461914062,122.655273438,41.1660904065,39.4290119958,40.7676499296,50.5862516101,-7.61374184659,-0.825046550936,0.0440432168543,4.93029099217,0.7216796875
158.653320312,144.595703125,122.950195312,47.1735692259,40.9491231245,38.5114185071,60.2672056275,1.69173905826,13.412270756,0.0284742005169,4.77264410416,0.5146484375
129.991210938,135.834960938,142.591796875,49.1793485234,42.578433008,41.4357957216,56.2412780772,0.856627711014,-4.01935974952,0.0122166890651,4.8658562892,0.654296875
122.534179688,124.66796875,116.184570312,45.4088716951,36.9217805672,52.3716261239,51.6930714253,-2.19469032409,5.06302606582,0.0284621845931,5.03478908077,0.74609375
133.408203125,129.0859375,150.716796875,58.0916518171,57.5355226338,53.4872746173,54.2564353384,6.6353877116,-11.2400834064,0.0362893454731,5.10330285783,0.6142578125
121.075195312,121.357421875,94.7529296875,57.0988145157,52.187922749,53.755999767,49.5377400827,-4.89659425606,14.6809994247,0.0399132296443,5.17095220248,0.658203125
169.629882812,130.3359375,89.0634765625,17.8750198204,19.1144894909,19.3408689803,57.3027398991,9.92675481616,28.1243449739,0.00821727141738,4.09829525346,0.2353515625
132.147460938,133.22265625,130.56640625,64.6206835886,65.0384744484,63.4235166575,54.2392993064,-0.857995468488,1.20606390007,0.0365264117718,5.15830168959,0.697265625
148.3359375,129.0859375,106.73828125,60.025226122,57.5496086737,63.0816362456,54.4115319153,4.1704246696,15.1052510382,0.0407508462667,5.25913487253,0.734375
161.438476562,148.194335938,150.317382812,41.9252278526,46.3084336013,51.2679832263,62.1001337394,5.55302801744,0.919727093333,0.047410544008,4.96030221726,0.4833984375
152.212890625,112.701171875,92.6259765625,23.309391336,34.3094340416,43.0123273235,51.1115409666,13.6801423547,17.9095812342,0.00848456379026,4.65137240284,0.5078125
119.59765625,101.28125,81.115234375,50.1702008867,46.9165128679,39.7912080322,43.4480665865,4.42684758255,13.997211348,0.0479868575931,4.92268396376,0.6484375
69.1396484375,65.333984375,61.5849609375,42.978953678,46.1173750615,45.4148693686,27.0384046536,1.28404305606,2.8255396319,0.0284949541092,4.72373988934,0.4951171875
86.7529296875,84.6015625,67.1484375,36.7835796205,28.8930787137,20.8260428324,35.458717012,-2.05645285278,10.2263475381,0.0295488201082,4.45642340324,0.5966796875
120.953125,130.1875,123.298828125,51.9619353432,59.3694405292,71.8986819585,52.7065549429,-4.52595394611,3.25963629486,0.0150997210294,4.36283783653,0.3271484375
114.521484375,109.23828125,111.260742188,35.4927304306,34.3430513375,35.0110387424,46.3046157577,2.62666677791,-0.331548270822,0.0382337272167,4.84976881325,0.705078125
106.935546875,105.095703125,97.1015625,51.9540601052,49.5002428685,55.8091005185,43.6431575246,-0.8584183464,5.09712133019,0.0378100462258,5.07723311448,0.734375
131.7890625,132.59765625,117.227539062,33.0299112415,30.7784775778,34.3942273414,54.7234696862,-3.05870895091,8.32859063699,0.0258069187403,4.71332139085,0.6142578125
73.19921875,72.345703125,76.931640625,36.6252314329,37.7118187124,33.2288938952,30.3950742021,1.73416438562,-2.77659286136,0.028188187629,4.79264434915,0.615234375
154.064453125,136.39453125,151.1328125,37.7230831461,30.3510806248,34.0205868496,58.9362675423,10.4967575873,-5.01542272777,0.0289149712771,4.64995203611,0.7392578125
134.654296875,78.083984375,65.8974609375,48.999378395,70.8222547985,60.464157072,40.721300357,21.1734583652,20.3681548589,0.0263314656913,5.05468583127,0.603515625
101.338867188,105.322265625,101.999023438,44.5656272251,50.7660039839,48.7491486206,43.3375589004,-1.66007040202,1.27031961811,0.0255046337843,5.0627528695,0.720703125
127.626953125,144.973632812,170.713867188,62.5427314554,56.3456850063,57.8876636649,59.2521006364,1.8344735036,-15.2124675219,0.0396571308374,5.21583419269,0.81640625
125.90625,149.717773438,88.8349609375,44.6285997323,33.6971727261,39.4744664853,58.7594908498,-18.6441508991,29.1960121415,0.0358771756291,4.78091950207,0.6630859375
96.5078125,80.6298828125,71.322265625,57.7184195434,53.980109958,52.7878238611,34.5708482379,5.17351121968,7.89662296087,0.0316440761089,5.03157520034,0.572265625
117.669921875,95.3583984375,72.3544921875,78.8453071189,70.9241140163,63.7822706261,40.4994283255,5.96807780042,16.0209562484,0.0330830551684,5.2235144347,0.681640625
57.224609375,53.658203125,52.4658203125,78.822761152,77.7872848898,67.2534037512,22.0693660508,1.86848893487,1.51002230573,0.0413208268583,4.37863411264,0.5009765625
113.615234375,81.2138671875,57.1875,42.6246151278,34.7687135297,24.9136007032,36.9838340194,10.6337039242,19.0033224555,0.014828234911,4.80271667596,0.5859375
105.051757812,104.66796875,101.436523438,69.6033562692,69.3883792657,70.4051880331,42.9516802497,0.474172918702,2.10947658535,0.0514761283994,5.27768316042,0.70703125
139.401367188,103.145507812,77.4580078125,58.2564377318,45.1010510303,37.4257623808,46.2523505228,11.5794438295,19.8067335862,0.0511013716459,4.96365916204,0.7255859375
90.5888671875,79.41796875,45.17578125,43.1969498648,39.7093088378,12.4463049618,33.6437161392,-0.169518326524,20.8692079575,0.027283238247,4.4661330766,0.521484375
140.127929688,133.46484375,106.876953125,29.5956513581,25.4017472635,27.7951226628,55.5509033151,-1.73751956485,15.4158026639,0.00749380933121,4.49518075377,0.466796875
156.31640625,158.203125,144.809570312,41.560402724,44.1858617757,42.069880786,64.2744924331,-3.04005342278,6.7981486844,0.0315282419324,4.96168359346,0.607421875
112.497070312,112.497070312,112.497070312,57.0135502604,57.0135502604,57.0135502604,46.5123741078,0.00416476174534,0.00190515894525,0.0368625335395,4.68475646571,0.5166015625
152.25390625,112.573242188,73.3642578125,51.7140385352,45.475080174,45.9361727257,50.213839814,11.4135145394,27.2238434873,0.0159285571426,4.9183448321,0.533203125
123.349609375,118.08203125,113.5078125,94.4500779587,94.3919123369,93.7856491466,47.5295305944,1.4178840871,3.36275585505,0.0221753120422,4.8190454027,0.501953125
78.884765625,66.6572265625,55.201171875,42.1695378699,43.510243569,45.7967716712,28.4530982539,3.65139664925,9.22695492637,0.00913621112704,4.71724612421,0.453125
140.720703125,140.772460938,140.446289062,53.4440979214,53.5381360811,53.0152270827,57.8700907493,-0.0705084010674,0.155691598135,0.0297667700797,4.90641055226,0.58984375
122.01953125,105.803710938,76.3935546875,41.4680506885,36.4380567322,30.15986697,45.092378864,1.81216973047,18.7877141496,0.0404224991798,4.83444721415,0.68359375
68.5703125,70.318359375,71.4384765625,34.9922834337,36.4684984841,42.6747570203,29.4799921308,0.993105262462,-0.496731621877,0.0304594021291,4.82607669445,0.7001953125
92.1259765625,74.71875,65.2763671875,40.0779361475,36.2740895173,29.5881031454,32.6270984966,5.80701260708,8.17323115902,0.0216140430421,4.70819634203,0.5419921875
143.680664062,142.219726562,136.9453125,60.4357757086,59.9506434488,61.0735415546,58.1378551774,-0.315180562836,3.10816724241,0.0212404783815,5.20277440419,0.6142578125
137.41015625,137.44140625,123.255859375,34.3154275615,31.7784150096,30.9132317197,56.6066054875,-2.66276335006,7.62304334331,0.0324977859855,4.68409172817,0.6044921875
54.1416015625,69.9521484375,63.9853515625,36.4021653794,30.0629329373,29.0174176592,28.0227780222,-7.09792994958,1.8109240474,0.0406717099249,4.53425820601,0.6416015625
134.129882812,131.525390625,59.5869140625,27.8759761178,21.4732150525,12.5768056237,53.7889058705,-9.14982340707,38.6102521919,0.0177531149238,4.01423630559,0.2978515625
142.700195312,133.390625,124.440429688,39.1288556402,42.0919026831,45.9616047112,55.7837065254,2.15172820973,6.31938648962,0.0234242603183,4.68863641334,0.388671875
130.435546875,130.373046875,82.9453125,38.4151579643,39.8653923586,53.3015168337,53.3077774792,-6.34413377663,25.156166419,0.0352193564177,4.73897211404,0.529296875
126.38671875,128.713867188,138.064453125,54.1074673842,53.2090801833,55.5973926056,53.2011610932,1.2130259605,-5.30584211885,0.0213881991804,5.06413281845,0.6845703125
154.590820312,152.759765625,138.301757812,67.8018248633,68.1438685334,79.9160555484,61.9319512909,-1.66172589899,8.37979844674,0.0242327749729,4.73604758169,0.49609375
89.2939453125,107.197265625,46.099609375,37.6727339759,36.9515909082,33.2844898635,42.263264235,-16.7480634511,30.8176465035,0.0502481088042,4.77018498104,0.8154296875
110.380859375,113.376953125,118.678710938,66.1986495039,66.3211181966,65.8937598992,46.2213806967,0.0392147102527,-3.46185362435,0.095075674355,5.18949065332,0.8251953125
193.8828125,159.28515625,137.916992188,50.8879545997,56.5276026184,62.1664061613,67.8603874514,10.7726243331,16.7765045155,0.0399118214846,4.97164295876,0.634765625
109.037109375,80.0546875,44.015625,54.6225738685,31.9320099473,18.9609423285,36.0034172564,7.25161908918,25.3798453705,0.0528916791081,4.77810910669,0.765625
144.603515625,157.025390625,117.124023438,30.5181654943,25.4365275429,33.8540244247,62.8822992272,-11.317992485,19.6656138685,0.0294811539352,4.59190665205,0.6435546875
118.07421875,141.626953125,104.07421875,46.3115338059,46.3840697846,43.5039550036,55.7890234315,-15.3509411036,17.2895412819,0.0213609915227,4.89759071828,0.5546875
147.3828125,131.35546875,121.021484375,66.656564532,71.6887029199,79.5132625002,54.9238759239,4.95171746313,8.7598487648,0.0296489614993,5.10558703791,0.6044921875
95.841796875,92.666015625,97.4296875,57.3149738007,45.0954475744,37.158141477,39.1353512795,3.16877026347,-2.59762245062,0.0234368182719,5.0258627983,0.6259765625
92.8603515625,92.197265625,87.845703125,37.6395713877,35.7983467935,35.6124926111,38.6933900495,-0.546290191187,2.56616259279,0.0191026926041,4.68039685362,0.5419921875
132.1640625,124.971679688,103.604492188,60.4396686974,55.9301686773,54.5009570169,51.6349219671,-0.750412103212,12.6435106073,0.0518450886011,5.20518747459,0.80859375
126.943359375,103.041992188,81.9169921875,60.298887023,56.3668681283,50.9661532173,44.6156336831,6.80998988876,15.4069257435,0.028394151479,5.14199049534,0.62109375
174.59375,174.036132812,172.096679688,52.8287234697,53.4344997612,52.9947431494,70.4069590012,-0.120115366433,1.06701898415,0.0197417642921,4.99464848513,0.734375
161.872070312,151.860351562,129.732421875,59.1059384014,63.9874333844,64.1010454435,62.3194738474,0.793324297316,12.9148529314,0.0581729821861,4.95838860935,0.708984375
136.2578125,114.314453125,96.5029296875,49.2478181772,46.6617518743,43.8346278733,49.1810453766,5.99108659742,13.1342146242,0.0201908480376,5.02380976701,0.5927734375
97.361328125,83.880859375,52.9697265625,49.5472106441,45.7345587932,34.2550187576,35.4419989146,1.07190063729,19.528829098,0.0531988143921,4.8997191756,0.7197265625
67.1123046875,63.4296875,43.947265625,43.8680559516,40.8645454126,41.7798727375,26.0336470199,-1.99937529329,12.691272698,0.0350868999958,4.17866901889,0.2548828125
127.487304688,113.677734375,98.8544921875,30.8537666575,29.6155650249,30.1535996137,48.5392652926,3.02118825039,10.2838032844,0.0225693862885,4.61321997662,0.5439453125
82.6376953125,115.879882812,56.6376953125,48.0561864449,60.1633049888,44.6954165296,44.3969870672,-21.163777569,26.3888434718,0.0290445275605,4.86583178488,0.53515625
176.09765625,148.5,138.701171875,57.6555490673,51.7742055407,44.3859422974,63.0297065182,8.81482107357,8.79757586989,0.0272822901607,4.81955486361,0.5712890625
68.4521484375,97.4931640625,41.3095703125,50.0819997065,46.9043861237,47.8279271089,37.449373457,-20.1784998866,26.7888613763,0.0356494933367,4.79791156043,0.64453125
90.2392578125,89.9267578125,87.287109375,50.174873702,54.2264989675,55.1668420234,37.2524417701,-0.285581693861,1.69802273399,0.00758607592434,3.20920066476,0.2236328125
185.594726562,172.055664062,88.95703125,27.398762723,19.226239068,32.224737401,69.9809927554,-6.0007326968,43.8273763178,0.0066252280958,4.45336856549,0.287109375
95.0029296875,99.3017578125,94.2529296875,50.618855638,50.1093507058,50.0747243503,40.7010011402,-2.63322761409,2.41872715683,0.0337818935513,5.10498459511,0.7890625
175.96484375,170.556640625,164.842773438,41.8622267643,43.5460056072,45.712306092,69.6773826964,1.03707019959,3.689716453,0.0189264919609,4.93127326245,0.4951171875
126.903320312,144.798828125,161.81640625,34.6784817769,40.7986260706,46.283048627,58.7565705987,-2.4270029324,-10.9305499329,0.0310178846121,4.24216022728,0.447265625
101.931640625,99.3037109375,132.43359375,56.8544538339,45.8625296604,28.6678085395,43.1356126322,10.5752184453,-18.5103343688,0.0281435139477,4.75774587676,0.5712890625
114.208984375,101.669921875,72.697265625,47.9892899565,33.4915514299,26.3915482806,43.5516719025,0.291481708025,18.6143278982,0.0309961829334,4.75995416242,0.7373046875
101.034179688,96.02734375,82.607421875,34.0253783346,37.4820690774,32.0644520543,40.5512070981,-0.0230383356271,8.53020470772,0.0238711629063,4.70876423781,0.5390625
106.953125,144.502929688,95.232421875,21.8981518109,26.1330727512,19.0003773501,56.096694473,-22.4096031473,22.0895896078,0.0165956914425,3.98719416005,0.3310546875
127.51953125,158.205078125,121.270507812,28.8457916628,38.4801964793,28.9565958412,61.8821587478,-17.4773492337,15.9147493796,0.00949359871447,4.69488621965,0.3916015625
189.6953125,189.6953125,189.6953125,67.7169469181,67.7169469181,67.7169469181,75.9260615741,0.00612438977255,0.00280158546223,0.0687265023589,4.4283934109,0.6103515625
160.323242188,154.329101562,156.1328125,41.9429021162,44.2390312674,46.9629792852,63.9585411943,2.94228891001,0.114923136244,0.0282515361905,5.00373365628,0.64453125
110.154296875,115.34765625,108.145507812,35.6894923521,40.8287466989,45.154804468,47.4929773546,-3.27623385355,3.54552668676,0.0187771562487,4.70356366802,0.5263671875
142.578125,117.776367188,45.3583984375,70.9923641773,61.3707975592,25.4093338337,49.4429171299,1.70374961592,39.9719323081,0.0320331528783,4.98432308818,0.666015625
117.713867188,136.14453125,101.95703125,48.8742123806,55.9005343062,35.6109910693,53.8704876785,-12.2256653292,15.5592965703,0.043908894062,4.91859875721,0.6826171875
155.131835938,133.678710938,102.00390625,56.4061651847,52.3127547774,45.1684562263,56.255505772,3.39827818913,20.0815158215,0.024134401232,5.04558168977,0.65625
176.71875,166.31640625,135.43359375,55.210065814,66.5753470904,81.2911283187,67.8867306694,-0.0240549795418,18.443904827,0.0408893823624,4.74748536161,0.5986328125
152.750976562,149.536132812,149.1953125,33.9673484506,30.848778451,32.3349314291,61.9554975823,1.16744127429,0.653531877183,0.02929052338,4.69000775599,0.5810546875
104.112304688,90.63671875,85.3681640625,30.344121473,28.8732558215,28.2672824996,39.3556767223,4.63805301556,5.05411967511,0.0074996384792,4.48551155589,0.447265625
137.233398438,137.348632812,100.001953125,34.2876905096,29.1394568815,44.0689046331,56.2708715506,-6.12860527463,20.2832465586,0.021535564214,4.63372873846,0.443359375
100.686523438,103.2421875,92.025390625,70.2898461702,70.7383212638,72.355077001,41.782379976,-2.86544581379,6.06669415234,0.0931686758995,5.27491306883,0.82421875
110.192382812,101.458007812,110.610351562,59.3008509091,66.6095358632,68.4348282175,43.3185672257,7.35250396044,-2.90346287952,0.0391643643379,4.69851147219,0.6630859375
126.796875,119.765625,89.94140625,30.2679077611,25.6882175614,27.6516501184,50.2709825572,-2.07093495076,17.6647814132,0.00898341089487,4.51547862111,0.455078125
88.337890625,111.7734375,82.998046875,17.3457794377,11.8521753302,10.6477695404,44.5837556613,-14.6484677471,13.2808521381,0.00475853821263,3.56285645904,0.1357421875
114.84375,107.623046875,72.412109375,50.2310579193,39.1850639207,26.8149053744,44.7592977139,-2.96673051946,20.4181459789,0.0238999538124,4.84688031023,0.6796875
138.827148438,110.5625,97.4306640625,43.8667015531,40.2699387726,39.3168851532,48.6081377082,9.46528956287,11.5989449463,0.0113257346675,4.95275122261,0.6435546875
112.638671875,101.3515625,60.8662109375,96.4462098535,85.1133059005,48.7445176294,40.9818824864,-1.04076654995,22.5436122649,0.0326949097216,5.05426075872,0.5791015625
145.754882812,139.329101562,132.356445312,40.6151607747,41.90045976,42.3752177523,58.0621854875,1.3883252464,4.89741669671,0.035024613142,4.96106162604,0.7294921875
114.856445312,100.685546875,67.5869140625,45.0974844419,37.7600197031,28.7058809688,42.7339070688,0.65026915804,20.5612910717,0.04940931499,4.87545936838,0.7763671875
113.819335938,97.130859375,91.4853515625,58.4392009875,50.4217221376,38.7466452715,42.5217794482,7.50226403721,5.99192827743,0.0175651162863,4.73470506656,0.5224609375
136.306640625,123.657226562,113.887695312,33.5030565718,34.7430114168,30.2770424863,52.3847090467,3.22352384491,7.03104324089,0.0220436044037,4.73868286294,0.5693359375
128.537109375,113.1875,84.357421875,34.2477558264,33.0766156068,31.752509491,48.1667032171,1.67431855256,18.1378269362,0.0210021082312,4.58719965158,0.55078125
142.020507812,122.13671875,118.752929688,67.4449759044,57.0329782219,56.1096729769,53.3780908475,7.57620753723,6.42415516064,0.0718941837549,5.05552444015,0.75390625
135.71484375,129.818359375,138.0625,68.6023039539,65.1008248589,67.2046635054,53.7410839646,4.14564297069,-3.52064335176,0.0268986858428,5.00954060189,0.568359375
75.4755859375,57.2119140625,42.3876953125,55.4199819916,43.3770601844,31.4968234534,24.8805013789,5.59257966738,11.5281869912,0.0123954936862,4.82091025065,0.3720703125
151.850585938,139.08984375,98.75,59.8726524498,55.9675873551,50.9421393593,57.3174241972,-1.40157630564,23.4274317195,0.0268368069082,4.95101641271,0.53125
104.997070312,98.5234375,91.7060546875,44.3369003608,42.1550272884,64.9306911317,41.8618089168,2.7387307243,5.15752484386,0.0248626619577,5.0401089026,0.724609375
176.654296875,164.155273438,158.974609375,37.0171732355,50.8487177921,60.6393132253,68.0050090517,4.42469868453,4.97641065285,0.0387198254466,4.9221896137,0.58203125
208.630859375,159.247070312,70.0859375,59.1613794069,63.3998540639,37.8416524695,68.0651952341,9.83334731319,51.8967423562,0.0213431399316,4.79089341352,0.4306640625
130.236328125,115.416015625,112.4296875,32.2313234528,35.7804827612,40.9289463571,49.5900879453,5.69138319491,4.03864203598,0.0449821203947,4.86280231663,0.7646484375
118.69921875,121.455078125,117.852539062,49.5957620041,40.4618591333,51.5469553595,50.3514372342,-1.45728154058,2.14880987611,0.0336506292224,5.04224044599,0.73828125
181.475585938,180.465820312,162.665039062,27.067107533,26.9956377355,30.0523649171,72.9958959712,-2.70320471814,9.27068489603,0.0210955906659,4.55301033552,0.369140625
91.306640625,127.455078125,81.275390625,25.2359125856,17.8383566059,11.7421990329,49.8823299103,-21.4675315721,21.475957119,0.00687513267621,3.95073290838,0.2041015625
77.74609375,81.193359375,62.39453125,18.3617082128,17.8352298738,13.2057267915,33.6078233914,-5.0274945857,10.5554112083,0.00900952704251,4.1153147811,0.265625
87.50390625,89.55078125,71.8515625,21.6039905253,20.9033153624,15.7721643865,37.2371187008,-4.09745770215,9.82402780594,0.00678023230284,4.20741996456,0.203125
150.607421875,139.291015625,133.091796875,16.8898714446,17.936772561,17.7141851233,58.7142733582,3.18332338232,4.84493151337,0.00722792791203,3.97122574667,0.25390625
103.1875,84.697265625,66.9833984375,48.6490942876,46.3367235101,43.1936129648,36.6445651824,4.93551191971,13.1756887168,0.119728654623,4.93807061689,0.7275390625
83.2890625,90.5009765625,58.318359375,49.6245320103,49.0670180944,49.2067963147,36.2510528229,-8.58877292035,17.4121121795,0.0450164601207,4.77294725321,0.54296875
99.8212890625,101.663085938,65.08203125,37.1185586781,36.6016185585,46.1243554047,41.6592175037,-6.68073354708,20.5166397919,0.0224862396717,4.84746055027,0.54296875
114.333007812,104.262695312,96.73828125,52.8156937305,45.6154563537,39.8017285686,44.1475143224,2.88147883615,5.49010546058,0.0519412793219,5.04538844468,0.7119140625
141.924804688,156.575195312,104.341796875,23.295218334,23.5587739503,53.0086627934,62.4770382082,-12.2249356924,25.0530206827,0.0129517102614,4.52321229088,0.4345703125
110.538085938,106.651367188,97.9140625,48.2075034949,52.6246338512,54.4808455939,44.4052936221,0.202303600585,5.73068362367,0.0285216253251,5.07073434978,0.5986328125
102.451171875,84.0185546875,69.53515625,55.7827604714,51.6110438863,44.4200116604,36.204133753,5.46944861496,11.1568488364,0.0297805033624,4.93834842745,0.5966796875
117.418945312,108.98828125,58.7255859375,51.2171128519,46.7346007744,51.2118559428,45.0698389155,-3.64373117902,28.4102690767,0.0338983684778,5.03555299863,0.7607421875
141.513671875,134.165039062,128.719726562,41.2600580611,39.6856681221,39.4602074277,56.0469888959,1.85246356031,3.96966943569,0.0717075541615,4.95801653658,0.8515625
148.833984375,112.443359375,82.779296875,77.3733704477,69.2139650917,53.5077400313,49.1081224615,10.6284156952,21.7173970966,0.0577929988503,5.31352119936,0.7373046875
75.802734375,69.86328125,69.8486328125,50.0995898064,50.4211061819,49.792886843,29.4304251219,2.5221583243,1.01730146939,0.0167852975428,4.97755393078,0.5458984375
122.79296875,137.575195312,106.109375,58.1470565458,59.0110242776,56.078486346,54.6071454964,-11.0676644784,15.0962999014,0.0470126233995,5.14757506524,0.7255859375
159.096679688,131.31640625,115.397460938,39.2875197451,45.941320891,47.0452661154,56.6878965544,8.7723733673,13.1347797624,0.0357661321759,4.98044089951,0.748046875
168.786132812,156.899414062,138.348632812,56.9936448202,46.4921935615,40.628539967,64.8359911663,1.89519943939,11.2349133354,0.0402102284133,4.94299540955,0.646484375
150.294921875,129.93359375,112.498046875,53.8125992086,59.7885391888,64.9726504668,55.0170404638,5.62197577784,12.8969512367,0.0209989100695,4.97777049645,0.5966796875
112.111328125,105.764648438,89.365234375,53.9821233122,46.227298908,46.4713180438,44.9615818781,1.86113929259,11.2694038425,0.0471463277936,4.95871005212,0.625
174.633789062,174.604492188,172.857421875,38.2770236302,43.3997004973,52.0573900515,71.0490952641,0.638162072548,1.3580803504,0.0184074956924,3.76197073562,0.3076171875
112.22265625,118.75,109.930664062,39.0003159339,34.433614799,38.9534988844,48.8839331818,-4.06637971655,4.22398592491,0.0458084903657,4.74466141145,0.5341796875
130.091796875,122.072265625,105.99609375,66.3651812056,59.6440012663,50.6586499313,50.5041360404,0.270067241024,9.65498219552,0.0327463410795,4.90426442998,0.4912109375
106.885742188,109.80078125,73.0390625,51.1968057765,49.6576301666,58.5232028429,44.582159577,-7.2571408963,20.3149984391,0.0428024604917,5.033065028,0.6953125
166.0625,179.918945312,178.34765625,49.2545207316,58.9980325452,66.5941696548,71.4412911016,-4.62387496938,-0.49914782964,0.0366704538465,4.1383315849,0.4033203125
86.013671875,95.18359375,109.056640625,57.4645084809,67.454654071,89.6812210065,38.8733087545,1.95676700686,-7.1658594516,0.0417878590524,5.01382796807,0.46484375
129.115234375,118.278320312,106.556640625,45.3751549836,41.6544762224,39.4335466873,49.9393542667,2.15779197743,8.03158719051,0.0153425540775,4.88920646249,0.48828125
159.5625,141.556640625,131.49609375,68.595565181,73.8031106092,82.55364014,58.9183788159,5.79869032275,8.63351680984,0.0117017012089,5.19930540715,0.5380859375
94.802734375,90.5087890625,83.3837890625,58.7679174169,54.1098593223,54.7904581795,37.4847431943,0.187292239645,4.75819868156,0.0218510255218,5.08508261253,0.611328125
100.034179688,85.1328125,72.55078125,60.8301281916,49.4886936415,48.509315304,36.8713271513,4.69772587926,9.66146453172,0.0847083181143,4.97447804656,0.87890625
163.584960938,141.052734375,116.6953125,63.4666082264,55.733138849,56.1421617127,59.563318164,5.51124817518,16.2285863335,0.0310972873122,5.05075727166,0.580078125
120.877929688,109.034179688,105.604492188,42.0861020012,43.3480171353,45.1831647658,46.4632663443,4.39556437473,3.78865232937,0.0177430361509,4.99412306627,0.51171875
73.1240234375,80.4951171875,79.9794921875,36.13277448,50.0055267999,63.0230191804,33.1731234798,-0.738159364338,0.502837663293,0.00510652502999,4.9811559927,0.3818359375
135.71484375,95.9970703125,63.6689453125,30.4255420295,33.19042759,33.5543049303,43.9528344459,12.6090710712,24.9431522959,0.026785582304,4.61960199444,0.638671875
119.866210938,102.7734375,95.5458984375,47.9289500086,43.0826948009,40.8176662452,44.3167638488,5.62525073698,6.58171367549,0.0164649188519,4.90902014417,0.57421875
105.188476562,105.188476562,105.188476562,71.1742650122,71.1742650122,71.1742650122,42.9325378894,0.00382779413486,0.00175101292903,0.0257416032255,5.12972379976,0.6328125
106.403320312,106.119140625,94.04296875,64.4450803973,62.0643210398,58.5482415721,43.3635092908,-2.02527645148,6.72640618034,0.0547550320625,5.2097902796,0.7197265625
161.719726562,125.623046875,105.928710938,52.9873083411,50.4194176084,47.1874771927,54.9601925124,11.4227780792,16.2520922393,0.0144960116595,5.13575535207,0.6669921875
134.77734375,124.681640625,94.626953125,78.7149428067,76.8366279668,67.2316678668,50.8367074698,-0.649129618662,17.3941103301,0.0562151037157,5.36159010128,0.7880859375
87.1572265625,73.7939453125,61.1689453125,46.2021679023,39.7175762324,34.2341399818,31.8774437478,3.57511425172,9.38842402859,0.0426068603992,4.84991279667,0.7646484375
130.393554688,127.954101562,90.6396484375,47.3913271406,46.0647773646,39.8549865317,52.6204648407,-4.69474966585,20.7250668843,0.0459034852684,5.00927637314,0.732421875
124.538085938,128.084960938,103.46484375,39.670721289,39.9867117625,42.709190298,52.5846826274,-5.45481930169,13.3115893737,0.00921512022614,4.62471069482,0.400390625
153.46875,145.975585938,109.376953125,54.1311431993,52.3005548419,55.2296386415,59.7008130891,-3.02339017417,20.6508647978,0.0331222042441,5.14995562571,0.7490234375
234.482421875,228.95703125,226.7578125,44.5245464647,56.5370981408,61.4673434757,90.8801024295,2.04473816665,2.17195216398,0.0262568797916,2.5183274061,0.240234375
181.590820312,174.444335938,173.541992188,31.5027211391,38.078670969,47.3308273859,71.5501265232,2.67336114677,1.72066848436,0.0123363398015,3.87868671737,0.2978515625
90.0146484375,75.228515625,64.1533203125,68.0805243314,68.1470042398,61.6326292241,31.6071257809,4.61728610295,8.36437761434,0.0501212589443,4.92306620248,0.662109375
117.025390625,118.962890625,103.229492188,30.310685188,32.2062231625,28.4812004425,49.167140323,-3.52383570472,8.36652259682,0.0260897725821,4.64024554999,0.5078125
106.110351562,109.751953125,82.181640625,22.9326146508,24.0815467656,19.6318711808,45.2395634993,-6.2221860305,14.9550609257,0.021218335256,4.28758931605,0.470703125
128.668945312,104.521484375,77.6923828125,49.8189571221,46.9941145682,47.4123173089,45.2108570817,5.92124338043,18.7244411737,0.0275555085391,5.02637635602,0.701171875
123.8984375,123.064453125,97.712890625,34.4581868093,33.0990131865,25.6906094119,50.8833375803,-3.80898626603,14.0273396407,0.00880408007652,4.63154701514,0.375
128.844726562,89.982421875,67.3681640625,64.2088443662,51.7830103389,42.1893541508,40.8821772108,13.3820092804,18.128359236,0.0143852178007,4.9801038956,0.5478515625
119.448242188,124.522460938,76.7158203125,48.9561871333,39.0342583333,33.9200332542,50.4611828383,-9.79583027724,25.430463458,0.0519202873111,4.92546995616,0.794921875
201.735351562,203.19140625,208.321289062,67.0534802901,65.4157563294,58.8475527839,80.994721258,0.585289720028,-2.99005407808,0.0279710181057,3.52117243007,0.40625
94.859375,80.828125,69.7939453125,74.7093048061,68.2091492185,64.4292059592,33.7882465025,3.88312714179,8.13851282746,0.0173952877522,4.90766653895,0.6123046875
89.408203125,120.0,84.5634765625,26.5480359718,38.5678683459,25.1100677414,46.915465237,-18.0121292162,15.7607764015,0.0207736156881,4.67320914594,0.68359375
96.134765625,103.19140625,89.05078125,43.8060734671,46.2883549194,39.8468180115,41.9911776871,-5.22439083237,6.83489594988,0.0302641354501,4.97798001126,0.7470703125
94.4912109375,95.2021484375,31.18359375,50.3775387164,54.2227678201,21.3573914216,38.3225734666,-8.66540368924,32.8899766726,0.0434073209763,4.83532865096,0.70703125
100.859375,129.462890625,105.565429688,59.4538271969,37.5490121094,29.9864815931,51.6237451101,-11.9449056256,9.82596226078,0.0546414852142,4.81488075919,0.6611328125
149.432617188,148.723632812,111.787109375,60.6651876351,61.9631221291,54.5669348663,59.854527884,-5.63533157704,19.5592330817,0.0318050906062,5.17456129108,0.5888671875
112.630859375,110.11328125,93.8876953125,61.7038863814,64.513994813,53.0250906573,45.0844423023,-1.63315189023,9.24016282898,0.0516950599849,5.10784781327,0.7568359375
107.18359375,114.426757812,130.337890625,62.0715744591,55.2580815183,57.4481176415,47.5762742684,2.37532367699,-9.2344535978,0.0554647743702,5.15241481483,0.65625
109.936523438,85.7216796875,47.470703125,48.22508742,42.3243345561,34.2305647568,37.4666025612,5.18083844727,25.2048644184,0.041941896081,4.93291574422,0.7509765625
78.8642578125,72.607421875,68.337890625,39.0828213621,41.1455849839,37.9135927792,30.6772520932,1.99236230278,3.42297114009,0.0363392159343,4.93581497446,0.7177734375
155.817382812,132.022460938,116.380859375,39.278314461,36.0206983059,33.3374300601,56.631998487,6.6932624189,11.8464152886,0.0604556500912,4.85583191561,0.80859375
136.174804688,143.202148438,138.713867188,58.8675329491,56.237161341,60.5150836947,58.4055655598,-1.74811739681,2.13735637346,0.0719891637564,5.16122830431,0.7412109375
160.8828125,142.7421875,136.219726562,53.5354177586,53.5836263899,55.0985229208,60.2280874724,6.0366704634,6.42863869496,0.0528742782772,5.19009571464,0.7978515625
94.7314453125,100.90234375,63.52734375,54.4802425076,56.1779767581,32.8624505868,40.2961705317,-8.43146406446,19.3354056967,0.0174628905952,4.95389484875,0.61328125
193.95703125,172.78125,136.815429688,39.9505322704,39.2697875082,39.8223854021,71.382236544,2.41608828792,21.45685225,0.024240039289,4.81413847227,0.65234375
142.452148438,112.442382812,79.298828125,34.8809310491,33.9463702811,25.5811850757,49.2572310719,7.45665959015,22.781895822,0.017460366711,4.7034535789,0.646484375
88.7587890625,78.310546875,70.62109375,50.8702337765,50.0436454634,50.2235528231,33.2945557555,3.09313038707,6.47658891065,0.044625505805,4.85052393109,0.611328125
100.735351562,107.043945312,111.3515625,44.4951638905,54.9123682425,60.7388544102,44.1742512487,-0.493467958947,-2.89185516792,0.00510750571266,4.63609946404,0.380859375
104.306640625,115.887695312,63.5234375,41.0763831511,34.2332030687,30.4519575119,46.4830000009,-13.205137878,27.4206546373,0.0362450070679,4.83830470402,0.7041015625
142.813476562,125.094726562,112.94140625,36.271402276,30.3389673677,32.2227732147,53.5136576075,4.86136898578,9.31606895294,0.0248046647757,4.74915891367,0.63671875
125.8984375,122.060546875,94.283203125,44.4233169778,41.1908696233,39.9403347866,50.4993812058,-2.74633455272,15.4310165332,0.0499466359615,4.73104886256,0.6103515625
118.8359375,125.188476562,112.7578125,34.5273956771,38.2939471803,36.298081495,51.3267163006,-4.38882599001,5.97721109193,0.0397340543568,4.83842947529,0.759765625
116.546875,106.194335938,78.8056640625,33.1594124022,29.5160894807,29.8224290192,45.0595316771,-0.200669907169,17.087247469,0.0503875538707,4.60731935337,0.6142578125
116.514648438,100.016601562,85.173828125,44.5808800221,42.257727633,35.4219137157,43.168543049,4.22714773354,11.0521604161,0.0278416313231,4.86318250204,0.736328125
106.176757812,103.59765625,97.763671875,43.9129666441,43.8842831434,55.1583375012,43.4864564295,1.21664411583,3.87008487761,0.0260866358876,5.01596783759,0.662109375
119.529296875,118.234375,113.727539062,86.3521876594,86.3467513842,88.8002882581,47.5933289107,-0.191993617288,2.69634492728,0.0429383218288,5.11050929764,0.6845703125
186.545898438,156.111328125,113.926757812,15.8783781708,15.2446618665,17.4192755021,66.132673726,5.43305833598,26.3243469414,0.0101798884571,3.63867657643,0.2158203125
140.26171875,117.90234375,110.25,43.8564314716,35.8481257461,42.5658726637,51.2678110264,8.0539860465,7.76758369477,0.0341937541962,4.77088654669,0.6767578125
123.901367188,144.893554688,87.142578125,39.7413148689,51.0240005324,49.5967841659,56.9848700154,-16.5147487518,28.0070978653,0.02147064358,5.01160746955,0.6162109375
154.252929688,148.401367188,134.622070312,34.9692595362,35.9934352479,37.9601808902,61.2899462118,-0.174566550876,8.14188306679,0.0482420548797,4.8269221881,0.654296875
159.883789062,176.75,134.600585938,39.4133638863,34.9883630208,32.3287501397,69.7467391608,-13.1181433592,19.6535826313,0.020219873637,4.65588141325,0.5380859375
154.26953125,173.846679688,152.158203125,44.0250240605,55.4147970769,83.9566036706,68.6170612432,-9.31729480807,9.5422892623,0.0478545501828,4.9655876731,0.55078125
129.333007812,131.896484375,128.251953125,44.1095431977,46.2147355777,55.8389407213,54.2546084939,-1.34103547631,2.02397393779,0.0365152880549,4.76084840085,0.625
182.739257812,182.208984375,172.686523438,55.6307000401,55.8635097014,60.2648157842,73.2901178204,-1.54743250168,5.10503383767,0.0511037781835,4.92014296822,0.7021484375
161.5078125,157.015625,160.677734375,80.1847228761,82.1506794303,82.1577991268,63.4483859391,2.52891236088,-1.279664241,0.123777493834,5.08386265994,0.5673828125
96.732421875,102.770507812,102.840820312,59.3315193063,49.7528566758,69.1436532085,43.6278031316,5.68733189282,-0.73949140984,0.0666801184416,4.99374334013,0.734375
157.333007812,118.048828125,88.5458984375,40.6554146284,41.9946234304,46.7928847712,52.6918721964,12.3700820927,22.5515044844,0.0347790084779,4.89404921246,0.6064453125
114.194335938,106.810546875,99.390625,79.8938646978,77.4935937756,74.1962383623,44.0960857188,1.50019878015,4.94503377733,0.0326891317964,4.8277731941,0.69921875
124.889648438,107.087890625,70.55859375,32.4282039045,33.9499299556,29.6752027882,45.8038525231,1.92469845785,22.9689445206,0.0356952026486,4.71949160034,0.796875
136.500976562,123.673828125,116.060546875,88.0624778157,91.9298149543,92.2008372031,50.5844158365,4.2737923096,6.40869697212,0.0578780472279,4.71154287713,0.5263671875
78.3466796875,51.025390625,28.2265625,54.6836420846,41.8655229463,29.7040321978,23.5365090387,9.14565679771,17.5038368182,0.0390773415565,4.59140476487,0.5341796875
124.391601562,90.1591796875,84.7607421875,79.1210255702,72.8860750436,69.5207813877,40.7517524814,14.1168635483,8.89907796109,0.0502413585782,5.25746821067,0.7333984375
131.611328125,135.754882812,125.64453125,29.2741504966,37.4765743966,41.6842508265,55.8005968818,-2.90428290959,5.21665049881,0.01008273568,4.79372965486,0.509765625
151.344726562,147.311523438,150.774414062,85.6140692813,86.0459294597,86.1115900847,59.6474002148,2.1975358622,-1.24567237601,0.0444017648697,4.48183065094,0.53515625
111.538085938,141.068359375,85.658203125,28.0744426607,34.762155232,24.6456205521,55.0268507661,-20.2323346591,25.8341190358,0.00950699485838,4.47828033793,0.2939453125
158.305664062,138.985351562,115.946289062,46.8758263172,45.2505695349,46.2684723024,58.5110020481,3.87731007188,15.1408728229,0.112550809979,5.06653408623,0.83203125
150.26953125,143.629882812,119.154296875,50.8836909938,46.134216618,41.4728782456,59.0672146935,-1.67109104666,13.8512118167,0.0386963449419,5.03036132787,0.640625
137.083984375,71.6953125,71.974609375,69.377299915,45.3192121914,38.9286373823,39.5031721557,25.0258715813,14.6216455802,0.0241564475,4.99536610137,0.4833984375
97.826171875,73.7724609375,64.455078125,32.6701534188,29.2845346243,27.5623216688,33.2590073342,8.85322950901,9.52751543509,0.0148541387171,4.65774291831,0.4248046875
116.380859375,122.999023438,100.475585938,39.7445390417,46.2257854583,61.2930284898,50.1276550715,-5.55335409531,11.9653629056,0.0115180574358,4.57855079589,0.4306640625
118.337890625,109.51171875,102.76171875,56.9143158226,58.1196894363,57.0208454497,45.7356077399,2.41129339536,5.12123562232,0.0208143405616,5.19489724472,0.375
230.711914062,220.915039062,219.83984375,34.4501169981,48.0797637273,48.6207796045,88.5597033785,3.50517762102,1.9739721251,0.013086036779,3.83894041923,0.4091796875
82.08203125,100.77734375,80.7451171875,49.8184507637,35.2053578461,28.6537873053,40.4735777794,-10.6965232802,9.23536297089,0.0299551524222,4.81146946154,0.5791015625
99.11328125,124.05078125,81.755859375,31.6177866554,30.9908529753,31.3879605459,48.9637127461,-16.9658257031,20.173962973,0.0367060080171,4.46012001265,0.310546875
97.482421875,84.958984375,62.3212890625,52.4439775833,53.9338994068,47.2842891445,35.8364472724,2.03066178877,14.5491584187,0.0243840403855,4.90803298176,0.5859375
117.079101562,103.932617188,65.5849609375,46.24878158,32.1366459707,25.4519808367,44.1881457938,-0.402565232231,23.5461248521,0.0242654364556,4.71419202522,0.4765625
116.337890625,106.715820312,88.3076171875,67.3874574656,64.9545537017,55.9041110248,44.2139080512,1.16059849406,11.2140005057,0.0484163425863,5.24120235649,0.7783203125
217.53515625,201.426757812,138.516601562,37.3946532564,45.1141619044,73.7686927964,80.983872177,-2.0591868135,32.9045771297,0.0210227146745,4.66621628414,0.5576171875
174.610351562,165.807617188,156.38671875,37.2280179775,47.835789881,52.8283709453,68.1611840066,2.03058070927,6.34184980815,0.0141112720594,5.03279637876,0.51171875
99.529296875,115.678710938,61.552734375,57.131590849,46.6429809486,43.5673996566,45.7880242663,-15.1649100052,27.7086892046,0.0373729914427,5.05816378763,0.69921875
120.456054688,107.145507812,95.853515625,54.0842082722,62.4536650069,67.0534274745,45.4478703133,4.22614047353,9.16223226359,0.0240734945983,4.67712433767,0.46875
151.158203125,170.637695312,128.278320312,56.4910838088,32.8397592866,27.5812308575,67.4514113999,-13.7006239646,19.8322020102,0.0137597238645,4.6934116051,0.4697265625
105.692382812,99.8486328125,61.3203125,65.7859195239,57.4894312475,38.2869885686,40.6970123028,-3.87928105907,21.7059373837,0.0172807406634,4.91207112533,0.5341796875
165.748046875,160.2265625,107.62890625,46.6020909295,44.9063852371,34.084926453,65.2287347393,-5.66299462111,28.5267912302,0.0553935468197,4.78909584549,0.638671875
182.904296875,171.904296875,170.450195312,28.1047604448,30.5760230354,32.4457398609,71.007805849,3.77685929473,2.24070898438,0.00812288187444,4.63036927232,0.4365234375
103.8515625,98.9541015625,92.1044921875,72.3183300204,69.9945229636,68.1198092872,40.6302378152,0.699116848277,4.52376301133,0.0207125581801,5.14716197076,0.509765625
115.161132812,106.939453125,53.4501953125,26.8134544754,23.5551680837,24.1184710231,44.7140531103,-4.43378299451,30.6463522365,0.0163562856615,4.43517051435,0.4482421875
185.666015625,164.326171875,129.08984375,65.1232738596,66.5231328611,80.9331667178,67.7480938679,4.07273659807,20.9873625581,0.0435203611851,4.92704689726,0.685546875
99.203125,97.4248046875,87.2548828125,34.1776115441,33.4499131451,35.2037661613,40.7390879482,-1.30769681446,6.19392729688,0.00561687536538,4.6021575127,0.296875
138.396484375,131.59375,120.28125,63.8547777687,63.7083580295,64.8867778928,54.1186499175,0.670200460488,7.15055731434,0.0366300009191,5.1936680885,0.6533203125
155.522460938,133.354492188,116.383789062,48.969392978,58.9424235693,67.4532402485,56.7674032176,6.66612786435,13.1654333995,0.0218371059746,4.91678807408,0.4033203125
145.436523438,125.139648438,110.290039062,39.5079337615,42.1634541458,50.2238821506,53.796156376,6.65216627298,11.3392085275,0.061891131103,4.87490848095,0.724609375
137.323242188,108.37890625,90.818359375,43.5967181655,45.9462468753,48.2138608875,47.734377497,9.18727970913,14.7146277071,0.0218924693763,4.97859841646,0.560546875
132.696289062,108.829101562,65.8349609375,20.8639226292,19.9897213034,17.8453947468,47.2228978144,3.6809191554,27.3101221259,0.0120371468365,4.05359807321,0.3310546875
45.9208984375,45.0888671875,45.8095703125,39.9602658213,39.3924181847,39.085866339,18.1882171801,0.539404360631,-0.27630025069,0.0160199925303,4.64205413391,0.462890625
106.504882812,140.262695312,85.716796875,35.1014430513,28.0945379297,19.8352558369,54.5458218495,-21.7250223037,25.2940164897,0.0252924952656,4.42036563645,0.4501953125
88.96484375,88.7265625,76.4423828125,44.8241435185,36.1104998675,41.3804117565,36.9321801916,-2.55516543594,7.50573320243,0.0363305322826,4.87024735454,0.677734375
114.655273438,97.9609375,91.8505859375,47.2250813873,44.4647687683,43.0902275986,42.3135635755,5.72092110781,5.96175900915,0.0432467907667,4.91830324538,0.7119140625
118.856445312,98.748046875,65.421875,50.5961520571,52.3619930531,43.5825786537,42.3348075531,3.69270821827,21.9110412009,0.0567648038268,5.10781400193,0.751953125
132.78125,153.329101562,163.357421875,55.2121529732,68.9556731257,81.9299623702,61.2200377178,-3.33458349742,-6.5707840988,0.0221673324704,5.11343003311,0.544921875
108.118164062,118.099609375,102.059570312,53.8358934176,50.9285252815,56.2487965688,47.6960526307,-6.96242265867,7.81983235719,0.0433168932796,5.18992655483,0.7607421875
152.798828125,96.0732421875,74.509765625,29.4490184238,24.5655911469,26.1664575054,46.404265012,20.8097306232,22.0321336442,0.0124648557976,4.56176199047,0.5390625
127.3671875,121.659179688,114.607421875,49.5294650457,46.4339043623,42.5704400587,50.7178953955,1.03439821172,4.49634389424,0.0142679000273,4.78885106542,0.458984375
77.1591796875,101.03125,49.1845703125,39.1090853928,42.9909488112,32.23709947,39.1719787979,-18.4629816498,25.9671594417,0.0270792413503,4.89227881073,0.701171875
116.310546875,115.016601562,105.579101562,32.7589629627,34.4470369872,34.3330083403,47.9583088822,-1.09492984921,5.51275815453,0.0216437336057,4.79118243609,0.751953125
147.985351562,131.741210938,109.75,30.7602685515,51.3592435245,66.2120321628,55.7545821346,4.32709861071,15.2883501076,0.0131603274494,4.45534215029,0.4091796875
142.28515625,139.493164062,129.954101562,33.2356456089,36.4748408601,41.0001529481,57.7067261044,-0.568780358632,5.63624510913,0.0274139493704,4.87481638763,0.7470703125
126.51953125,128.645507812,125.209960938,48.4460840113,50.9762536565,47.5628681244,52.8147861968,-1.33096821442,1.50090649629,0.0196175388992,5.13809677898,0.69140625
106.235351562,102.958007812,82.36328125,37.6058438604,33.276029437,34.0149160091,43.046369181,-2.38680504784,12.2947054757,0.034455768764,4.80995709199,0.7451171875
115.26953125,112.446289062,78.4130859375,57.7796326282,41.0317979531,42.6892645207,46.4475081768,-4.91963436535,19.6553505115,0.0143666844815,4.95480498165,0.6123046875
142.946289062,143.747070312,135.408203125,65.7786003467,66.3533354711,69.6066190609,58.3217862444,-1.62231599705,4.40163250238,0.0306070446968,5.13602052036,0.75
123.153320312,112.877929688,105.69921875,34.3506579823,31.6735937991,27.6087933119,48.0055861376,2.83940638812,5.32414074594,0.0297472290695,4.70545840449,0.6572265625
109.309570312,106.720703125,103.381835938,44.7383764824,48.5173748788,51.0339549014,44.5672660591,0.611368243167,2.49789960437,0.0236169286072,4.89086436141,0.5849609375
138.50390625,120.506835938,96.8330078125,38.9058105444,36.4258926644,31.881991334,51.2437688047,3.20543751885,15.464103487,0.0371500849724,4.66466120305,0.619140625
135.345703125,132.950195312,131.352539062,45.5657751426,47.1751480104,53.8226410795,55.1276194326,1.01705449657,1.49482207049,0.0368507876992,4.85569252243,0.5244140625
129.858398438,117.200195312,94.998046875,33.7780333195,35.2471735342,30.6707565718,49.6118680087,1.3995782987,13.9813439432,0.0278463233262,4.68774976919,0.6318359375
173.5234375,178.985351562,166.252929688,38.730885375,39.4093448957,43.0509950525,71.8516628329,-4.24876764262,5.98773188798,0.0320638120174,4.7240961844,0.3955078125
115.098632812,110.295898438,82.7548828125,32.2742919366,38.0090365331,26.7741106949,46.1477684116,-2.34737048781,15.9286374536,0.0275049190968,4.62790244496,0.595703125
98.4931640625,92.47265625,82.6982421875,39.4121842299,36.2944398179,30.5256001175,39.0978028975,0.636827484122,6.31074514111,0.0117627149448,4.60243455571,0.47265625
86.9453125,95.4697265625,73.720703125,31.9680158991,35.3462927567,28.7689156709,38.7917861704,-7.38668785077,11.2153671157,0.0333636142313,4.68024435074,0.666015625
168.586914062,169.508789062,168.79296875,61.7654670078,60.6048607085,58.3293460173,68.5979030322,-0.367729068075,0.14039995121,0.024721538648,4.79910201835,0.65234375
144.032226562,140.963867188,137.362304688,34.7364229396,38.0570047229,42.3693832118,58.3607455569,0.603507817419,2.53110429989,0.0136143378913,4.28999569742,0.294921875
131.966796875,124.946289062,88.498046875,69.4733457705,69.9827688467,62.2551610255,50.8949695218,-2.47319823072,19.9812816061,0.047563187778,5.34376188128,0.8154296875
132.647460938,113.826171875,92.7568359375,25.9979666685,24.7739203101,20.2367446042,48.9822903224,4.01675235399,14.3617845273,0.0117987254634,4.30181864851,0.3857421875
142.251953125,133.890625,103.198242188,32.1576165297,32.0660595916,32.4770465344,55.649677635,-1.84503992505,17.7770277851,0.0151273896918,4.60623883903,0.58203125
138.959960938,126.216796875,130.81640625,59.9228129685,52.0336229854,55.2119803821,53.377274779,5.55537567319,-0.61726825574,0.0142866345122,5.08570667167,0.5361328125
95.580078125,89.38671875,79.076171875,25.2133752326,18.5105770908,14.5392806638,38.4189220352,0.618936850493,7.18556057843,0.00432551046833,4.05989556885,0.185546875
145.243164062,128.078125,112.494140625,60.6018516708,68.3577714098,73.1246391874,53.8046833899,4.90639136644,11.5963679825,0.047949578613,4.97864664999,0.63671875
110.8984375,110.439453125,107.82421875,45.4852250812,42.4809268564,46.7900100283,46.008665321,-0.0620945801601,1.68482243872,0.0400477983057,5.04561040343,0.7783203125
135.518554688,167.762695312,203.927734375,16.0474652235,12.4994271338,19.3054359133,67.6415870982,-2.07509384982,-21.8893167744,0.00532605592161,3.55359848579,0.130859375
132.640625,152.017578125,182.514648438,48.299013217,66.3773516797,86.2494213085,61.4502646394,1.15304881694,-16.9630791512,0.0124643277377,4.69776388348,0.3310546875
140.571289062,129.517578125,99.453125,42.2688659328,32.8705689087,35.8989433112,54.3303874515,-0.635720199676,18.1251272618,0.0389730408788,4.84334329332,0.7158203125
134.122070312,164.0859375,154.8828125,67.6333155499,48.1132944114,58.436028871,65.222503011,-9.24602235531,2.69735387131,0.0257866233587,5.02420098681,0.5673828125
93.4638671875,91.9990234375,89.1279296875,64.15930691,66.2902368894,71.5584895247,37.7234991906,0.883740118093,2.40740472197,0.0488798096776,5.03554971606,0.6474609375
86.9970703125,82.419921875,79.6865234375,70.1703771356,67.0464320918,67.0415156331,33.9175410194,1.12182173238,2.72280922936,0.0502992831171,4.92987266849,0.48828125
211.975585938,203.635742188,179.46875,61.0568253956,61.5171401089,42.0014299422,81.3934410343,-0.168975088913,12.3113441305,0.062164273113,4.50684122236,0.4736328125
116.654296875,115.669921875,102.291015625,60.2457987797,58.2945982837,50.0362298168,47.3032577905,-1.98791189754,7.24368093864,0.0263355802745,5.09911211087,0.5185546875
136.217773438,127.446289062,126.373046875,50.0202345436,52.0872263265,52.9115518616,53.3137270564,3.46912342287,1.96596753893,0.0189738161862,4.99255166349,0.4130859375
122.151367188,111.43359375,94.6748046875,51.8283255582,55.9120707246,61.6564536074,46.9325999537,1.84844462041,11.554497897,0.0363863110542,4.62289216297,0.6650390625
140.038085938,148.505859375,75.8544921875,20.7666422966,15.4032376886,19.9819087937,59.3623367289,-14.1951465015,36.992767223,0.0130321700126,4.20329143839,0.3583984375
169.24609375,147.94140625,130.637695312,52.0533829087,65.537013072,68.9449125163,62.0712898198,6.1108927314,12.7039440883,0.0304566584527,4.86510059241,0.5859375
137.854492188,156.848632812,117.821289062,44.2706003352,35.9032382615,55.394415825,62.1675300558,-13.6671571975,18.4558209136,0.0352147445083,4.93497885612,0.6982421875
125.189453125,120.145507812,87.5791015625,50.5580889425,56.9955566331,61.9589833514,49.4635431902,-2.56621554869,19.023702042,0.0382653959095,4.9576560507,0.6044921875
177.072265625,152.716796875,110.6953125,25.4575061903,28.5256167613,51.336369082,64.352681331,4.15185350336,25.0316630466,0.0102414619178,4.72803437812,0.375
113.775390625,108.90234375,102.045898438,47.8787973755,44.1019795914,41.6557558435,45.6244779459,0.750180216739,4.42000156921,0.0292277894914,4.92263295748,0.5576171875
163.674804688,139.154296875,112.239257812,43.3132520448,40.2544837018,45.8850080815,59.1833276432,5.52681007497,18.0939663283,0.0261140577495,5.0228131371,0.7080078125
114.125,110.603515625,78.67578125,86.6945292752,64.6145499541,63.4169175306,45.1443632741,-4.76201667859,18.9424084153,0.0221802406013,4.97380478656,0.4306640625
78.7705078125,85.1748046875,57.7939453125,41.1771737498,38.4938320694,40.252032199,34.6265046038,-7.42588726662,15.2752045157,0.0197066143155,4.82476086607,0.5908203125
159.969726562,157.650390625,103.475585938,62.8784950377,57.623210722,41.5995064298,63.521926929,-7.12774985014,28.3918646155,0.0566219985485,5.12134449937,0.7880859375
141.267578125,119.103515625,97.8916015625,41.9016319649,43.871316478,42.0236048783,51.1236966697,5.56664424205,14.9702742582,0.0374814383686,4.90840349566,0.6953125
183.943359375,159.21484375,151.5625,54.527056741,62.1993293898,60.7551277414,66.900311409,8.3743671375,7.78751111594,0.0213099755347,4.9970086642,0.634765625
121.244140625,128.188476562,96.6318359375,33.5304340075,34.6500730522,43.3393698461,52.1206031574,-7.92847839284,16.3295144906,0.00943850819021,4.70319679571,0.4814453125
112.000976562,109.346679688,106.684570312,84.0173612489,84.9040699982,85.6595340727,44.1315311958,0.715338888322,1.85414925041,0.0248412117362,5.06774873469,0.513671875
124.0625,115.731445312,114.173828125,69.5181378086,57.7107986153,44.3959134103,48.5242460024,3.53577715287,1.39208014055,0.0693885684013,5.13736627897,0.728515625
139.005859375,124.66796875,93.56640625,32.1844350004,39.5380195461,38.9883732215,52.5834260288,1.12030023642,19.2988021299,0.0525774471462,4.82081642034,0.71484375
138.48046875,132.30078125,117.192382812,56.8223280259,62.2719069084,66.9169049534,54.5039394579,0.150628160055,9.50640576883,0.0526944100857,5.17613602259,0.5791015625
154.462890625,136.684570312,123.8828125,56.0186090544,59.5644929839,63.5594727762,57.4972774278,5.12028944153,9.78044603722,0.0337419509888,5.11260371471,0.7666015625
137.922851562,135.33984375,78.462890625,31.5296689593,36.2996122565,28.1455582822,55.5028757638,-7.24650051372,31.1949875517,0.0197089575231,4.54021108597,0.568359375
138.825195312,119.918945312,104.423828125,66.5424390982,62.2421734574,57.7901144042,50.6153997906,5.08575842599,11.082882136,0.0283474326134,5.15054402556,0.73828125
109.665039062,105.622070312,89.0546875,57.0989248168,50.0501968849,44.1088733976,43.6363803252,-1.27663186538,9.63072315668,0.0110233807936,4.5090411256,0.3095703125
117.380859375,117.813476562,111.393554688,44.3621621487,42.3468446058,46.8635444071,48.8890573333,-1.22576705933,3.677183464,0.0415368489921,4.96242321548,0.6845703125
88.267578125,100.005859375,78.82421875,41.2967855371,38.35697822,47.386916783,41.2725841167,-4.92911470729,11.4351937178,0.0152190299705,4.75281846051,0.501953125
119.076171875,113.760742188,101.172851562,39.3784231969,38.8856042339,41.2574378388,47.6777108652,0.0825258348051,7.76778798482,0.0409449413419,4.8444535945,0.7490234375
124.502929688,95.783203125,82.806640625,55.3741534149,38.3489308732,41.164562501,42.6281908432,9.3508952216,12.033243803,0.0234914794564,5.01909885998,0.6728515625
177.368164062,156.799804688,148.236328125,47.3559720419,66.234181189,63.8850500334,65.9822630825,6.81825927891,8.46290846111,0.0474753193557,5.10240795222,0.7685546875
129.899414062,138.818359375,82.185546875,41.018581913,43.0922001041,26.440616433,55.8043988431,-11.8059837509,29.3395907708,0.0166646391153,4.53710099425,0.46484375
117.671875,112.782226562,119.677734375,49.8112624337,47.2127254235,47.4652592152,47.4196109375,3.31177772256,-3.22795904858,0.0224136505276,4.91388863275,0.4912109375
170.578125,128.817382812,108.203125,59.1917381501,80.4481396578,82.7301580606,56.9691949473,15.2840828383,18.9566068413,0.0202004909515,5.19240336619,0.6123046875
49.7685546875,35.103515625,33.1865234375,58.7754611339,42.3234271727,38.7559644354,16.0392368175,5.86566360526,3.74935251223,0.0312880128622,3.87850651718,0.4677734375
77.244140625,81.6728515625,100.610351562,74.0863026416,78.2895105751,76.0362368013,33.2150129023,3.91584258846,-11.5059397698,0.0278620831668,4.87159183009,0.421875
126.510742188,108.81640625,73.90625,28.6066036997,26.2029616567,24.8949943199,46.6053029412,1.7899387531,22.0860837938,0.00904348120093,4.54838375876,0.3525390625
163.2734375,138.2421875,132.333007812,58.7698722832,56.0618897812,55.0198955877,58.8696315125,8.89674149593,6.84966797561,0.0472281202674,5.04265386529,0.640625
183.616210938,187.133789062,200.15625,33.206564835,39.9446476255,57.034263619,75.8210373868,1.92274531361,-6.47324078352,0.0286465026438,4.11438488724,0.4853515625
145.770507812,124.275390625,64.05078125,40.2873597642,37.5650781645,24.9262458819,52.5520383986,0.72755851675,34.9121080301,0.0554639771581,4.7568298351,0.6875
102.348632812,100.40625,101.420898438,27.0874693212,28.0871446629,31.7483327683,42.4926136284,1.1787147426,-0.19575026703,0.016025999561,4.12959277044,0.376953125
101.287109375,90.337890625,84.333984375,57.4184849326,53.4136559545,54.5476585033,38.7356840089,3.91249365001,5.93628258216,0.0393865853548,5.09669466058,0.75
135.1640625,131.370117188,132.307617188,86.9699258673,88.7846583162,87.8034587238,53.0881238109,1.87588074604,0.00725960759072,0.0344988889992,4.94330790296,0.53125
139.176757812,138.569335938,94.67578125,28.3710247566,33.1945184014,27.6560621352,56.5842097211,-6.63141327751,23.4030372918,0.0211086571217,4.56987306864,0.4736328125
102.8984375,150.141601562,104.202148438,27.72633136,27.4394302384,27.3805137725,57.8357948529,-24.6033820575,19.5618459877,0.027713932097,4.23627248714,0.26953125
95.921875,114.735351562,77.8486328125,50.0744733458,48.7983262099,38.778940026,45.5350247866,-13.2200917812,17.9516530068,0.0246129985899,4.98838931886,0.6201171875
140.668945312,121.6328125,94.953125,42.2264030404,45.9766408241,44.703228766,51.9278991082,3.84250829827,17.5769521527,0.0468519926071,5.03487136568,0.7705078125
213.22265625,202.702148438,186.198242188,73.4486376818,77.9293935945,90.2952771036,80.9205368291,2.07916995441,9.79919636811,0.0576311871409,3.65555204869,0.4130859375
159.076171875,160.627929688,150.650390625,64.1264776465,63.2086330357,70.8430045164,64.9049147262,-2.42330077824,5.39903462529,0.0157589800656,4.78662421242,0.4873046875
101.125,135.221679688,176.471679688,26.5579775562,26.8130222616,70.6306495162,55.9835121226,3.14814381083,-23.5597586782,0.0150138456374,4.14666110415,0.3583984375
121.938476562,102.172851562,74.271484375,35.0788609893,26.655689569,21.1364273674,44.2663902554,3.64318181991,18.5926958688,0.0243903510273,4.54745107996,0.517578125
126.561523438,132.603515625,81.759765625,32.7595722536,33.1563976691,27.402399643,53.6765178281,-10.4060820768,26.9194260188,0.010484338738,4.46929213639,0.30859375
107.709960938,104.141601562,104.411132812,39.311218908,39.4391153068,42.9764869521,43.8447024744,1.61513480012,0.551224660045,0.0139881167561,4.84842336434,0.4140625
37.00390625,35.68359375,35.845703125,54.6537930442,58.6319749014,58.1776275618,14.6314096695,0.48126888999,0.157745238016,0.0361292809248,3.68060017549,0.41015625
122.483398438,125.474609375,129.015625,62.6770283329,61.5789900174,57.921179521,51.4643122718,-0.263426531345,-2.52091215634,0.045904494822,4.73785376575,0.5283203125
157.76171875,157.76171875,157.76171875,47.1782054109,47.1782054109,47.1782054109,64.5064784543,0.00536358291465,0.0024535564321,0.0383376255631,5.10110349877,0.7529296875
68.7783203125,84.099609375,86.5322265625,33.2013665521,28.2365468493,28.9803431583,34.3568022692,-5.0985968331,-3.28179965679,0.0197877399623,4.60012583272,0.5986328125
192.420898438,196.251953125,176.940429688,74.0342086838,62.7266592865,80.3137485689,77.7641175429,-5.01617189806,9.98082910788,0.0149051006883,4.508732691,0.4521484375
139.329101562,110.678710938,101.6875,58.1896321841,58.6077507931,61.3298905001,48.8829670958,10.7830540731,10.2585516815,0.0322537273169,5.06624964292,0.642578125
81.125,68.6005859375,60.4072265625,44.7272550438,39.7938491396,33.9255156459,29.48497366,3.89393971404,6.79378127559,0.0252819079906,4.76596153855,0.5947265625
149.002929688,143.05859375,140.34375,65.8289909242,68.9560582764,72.612069901,58.6316664224,1.997391288,2.59770263275,0.0332105904818,5.30165036654,0.6982421875
98.4208984375,92.3291015625,94.2646484375,51.9193672541,49.7648581453,52.27172545,38.9878029157,2.86032422804,-0.118138146692,0.0466424897313,4.85313412177,0.6982421875
129.391601562,115.038085938,88.880859375,40.9404336708,33.4398000764,29.1233815411,48.7909421303,1.41288627765,16.4023412937,0.0298124533147,4.55497457218,0.4970703125
116.325195312,135.3125,155.118164062,37.6018241272,44.8056131389,53.589428599,55.0307452612,-1.98812392583,-12.5994686908,0.0228240322322,4.39862982756,0.478515625
188.640625,172.434570312,159.85546875,31.3112797604,31.4847063601,29.7737334654,71.3590556773,3.842964192,8.57763806089,0.0124297654256,4.48266617884,0.451171875
141.34765625,137.961914062,142.555664062,56.5812489159,50.6167963516,55.2745175658,57.2238794286,2.063033811,-1.89016003252,0.0208354052156,4.95461180227,0.4716796875
25.0673828125,24.9140625,20.111328125,37.808578704,37.5868582303,31.432021587,9.84453421664,-0.82409299556,2.82281934328,0.0183213427663,3.35620392869,0.408203125
114.623046875,121.25390625,123.310546875,66.5611391887,79.7399336342,89.2171313672,48.7830774571,-0.931430538697,-1.21494223197,0.0324319042265,5.15312748866,0.466796875
119.005859375,108.21875,92.185546875,60.169357053,56.1345081729,50.2899284199,45.2945944511,1.75788497678,10.4460484255,0.0354595966637,5.03340105911,0.671875
92.1669921875,94.912109375,71.9833984375,44.0421544821,56.2927449554,27.4192834917,38.7752406241,-4.16544426821,11.9817867426,0.0374058224261,4.80835435482,0.6923828125
189.606445312,167.03125,163.71875,42.3295801644,78.4383279339,92.0766123349,70.485393587,10.0831607825,7.60219040526,0.0127892438322,4.22081609004,0.296875
137.139648438,138.081054688,70.1845703125,51.7160122979,43.9686086581,37.5182783085,55.9397050765,-9.66296781172,35.7651171309,0.0410360880196,4.99006633893,0.787109375
142.956054688,137.708007812,141.342773438,35.7121606791,36.0473551162,39.0054419095,57.5603738511,2.70830719796,-1.14080710491,0.0248183459044,4.85996192987,0.5751953125
97.4736328125,97.4736328125,97.4736328125,42.1216533362,42.1216533362,42.1216533362,40.6117481687,0.00375520911585,0.0017178093506,0.00927521847188,4.87950495713,0.423828125
100.249023438,96.412109375,63.984375,69.6859970341,71.7849850046,45.7274721473,39.2875783768,-3.36479976394,18.0296863966,0.0569997951388,5.05321989169,0.7265625
96.556640625,113.05078125,86.1630859375,49.8983998487,44.6778547215,55.6594325017,45.1326767455,-11.527639551,13.3391656146,0.0149651300162,4.72291578843,0.419921875
133.25390625,112.47265625,65.3984375,39.2731567883,36.740236192,31.5230173454,47.9653420094,2.02642097532,28.4243565009,0.0325425490737,4.80942064104,0.7294921875
98.7099609375,88.294921875,73.05859375,66.9002351512,67.6157495232,72.4638547046,36.9406194013,2.2166987087,10.9363589787,0.0364442132413,4.88704237327,0.451171875
123.536132812,120.19921875,110.76953125,40.7965448221,52.5790639717,51.4993515715,50.075578574,0.299169498105,6.10414790113,0.0286484286189,4.8054597651,0.6044921875
138.227539062,129.557617188,112.16015625,46.7432939646,45.0961061471,50.6842798605,53.9128224015,0.413034712957,10.7199317527,0.0433716326952,4.90267254034,0.5390625
121.905273438,105.514648438,76.6884765625,66.2312312117,55.4769428833,42.9288522044,44.4148005936,1.87397729491,18.2380208736,0.0199309103191,4.95904833489,0.533203125
179.274414062,168.438476562,162.205078125,64.3340273863,74.2657556675,80.2075854959,68.6700578103,3.57551558816,5.3500130835,0.0481858178973,4.77911471788,0.640625
114.396484375,96.43359375,67.439453125,50.9797660856,46.9065673329,45.1725883731,41.216302903,3.10791258697,19.1314695318,0.0320879593492,5.01093537126,0.7060546875
142.06640625,135.981445312,119.62890625,49.029063889,43.3186396201,42.6594090448,56.3302605809,-0.163474905536,9.58508999175,0.0446193404496,4.96819419067,0.6748046875
143.206054688,117.063476562,93.765625,38.7364835608,34.3406486603,29.6117743091,50.8666421367,6.87712688592,16.67756896,0.0228023119271,4.74439684475,0.6337890625
172.091796875,155.1875,124.8515625,46.9569218628,42.8668678512,37.2361477691,64.272574115,1.57466951231,18.0157624026,0.0182650499046,4.54788935591,0.443359375
119.623046875,116.239257812,97.619140625,54.9104784237,57.4078097726,61.2720262121,48.0148327982,-1.70202063357,11.3962082709,0.032093308866,5.00138227632,0.6328125
172.794921875,140.571289062,119.4765625,47.3846763452,65.9513966095,59.8060785273,60.9427679402,9.56685889695,17.3029285753,0.0149160716683,5.037016447,0.6328125
178.629882812,169.21875,140.620117188,77.0437979485,76.4251638144,76.8057057206,68.1313697397,-0.845309835332,15.9534245085,0.0638919845223,4.7916540932,0.59375
160.212890625,153.758789062,153.787109375,81.981786217,76.7566379261,77.3458117771,62.5212891147,2.50843568102,0.955917298712,0.0669568553567,5.22167969691,0.7373046875
80.8388671875,77.859375,40.609375,48.3827353018,46.2443804652,37.8391402797,31.7073078385,-4.66915540388,21.8257213806,0.0443765670061,4.72057042511,0.6923828125
79.2060546875,80.4404296875,35.6943359375,56.9083309139,45.6788462885,24.2265376017,32.4157032229,-7.28342886189,24.3320196661,0.086039185524,4.90300138974,0.759765625
109.796875,100.568359375,59.9111328125,96.6886198525,84.624026114,47.672189067,40.404151216,-2.08043323906,22.3050261809,0.0305062755942,5.00581903052,0.5751953125
130.06640625,149.8671875,79.0810546875,31.0582159454,31.7229513458,34.7145766008,58.8813322636,-18.4392808246,34.5516780919,0.0295912772417,4.72627085538,0.6064453125
102.772460938,116.831054688,53.5830078125,49.9155730901,43.2653487539,25.1842612747,46.2873227809,-15.3028070854,32.2288038078,0.0153903961182,4.72939193357,0.423828125
92.9736328125,83.2177734375,66.6826171875,83.0839201129,74.4330684326,60.2235569127,34.5818257675,1.43562809047,10.5810589463,0.0332198664546,4.82273359955,0.5029296875
117.819335938,110.873046875,102.224609375,49.3743826815,45.0131436544,40.0870919531,46.501979749,1.14307284063,5.60140441815,0.0227110385895,5.03409742875,0.724609375
121.037109375,121.950195312,86.8466796875,67.3634802148,50.6888530565,53.5466441007,49.680985236,-6.54186040672,19.4281163742,0.0171177126467,5.14768798801,0.640625
135.881835938,106.368164062,92.8330078125,75.6222797945,78.9366228805,77.9437550388,46.0738665997,10.6767376071,12.8198079366,0.0466173999012,5.16204375237,0.6494140625
78.8388671875,91.7763671875,73.0703125,63.8921547191,58.6333265349,67.2806108996,36.2406334132,-9.22097141428,9.73022755628,0.0197250135243,4.82255428017,0.5693359375
159.703125,148.81640625,139.626953125,47.4574002025,44.0174579665,44.8123201715,61.9152812767,2.51233513079,6.37914065759,0.0383236333728,5.05071326682,0.7744140625
112.313476562,105.736328125,105.584960938,25.1754463641,22.0014383539,23.2323229255,45.1573547513,2.6279105737,1.06365946028,0.00892055593431,4.42125602435,0.3701171875
158.545898438,146.28515625,137.188476562,72.3778729107,79.1575067408,84.0126631081,60.1314705957,3.75010016072,7.07260549921,0.0576985031366,4.86283950542,0.6708984375
157.409179688,133.236328125,93.4423828125,40.4933872122,36.3880830289,33.0666437707,56.5918065262,3.75474355189,24.5912720677,0.0290626157075,4.80181170887,0.609375
148.241210938,126.61328125,119.762695312,46.8516339773,41.8357658945,41.4239388509,54.319642601,7.23598867386,6.86429646903,0.0295169670135,4.90845967019,0.6279296875
140.185546875,143.270507812,105.634765625,58.3415886224,59.6799084614,57.3452861029,57.6743760956,-6.7307784691,19.8147723178,0.0233095139265,5.23762273752,0.7236328125
134.795898438,128.029296875,103.71484375,57.9855378553,51.1145229284,42.3800782168,52.9020753319,-1.4218765796,13.8983962524,0.0305236764252,5.10548273842,0.611328125
132.051757812,118.63671875,91.2490234375,35.1823411077,34.1052320745,34.6617232353,50.1448657003,0.870704639086,17.0537003964,0.0312910340726,4.79220549129,0.6123046875
112.583007812,135.467773438,154.284179688,24.6551794828,23.8123551612,24.4112371607,55.2267443952,-3.60905016045,-12.7240414929,0.00667090155184,3.85112822443,0.275390625
124.6015625,114.543945312,81.54296875,79.6373704916,82.4444179626,76.3757806666,46.8673842409,0.0699661540716,19.5974928493,0.0887510627508,5.26877947441,0.74609375
141.642578125,132.021484375,123.19140625,61.0537927485,56.2476000125,61.3081395332,55.1155417414,3.40104559191,6.5499722569,0.0704142451286,5.01312862676,0.6572265625
30.4443359375,26.3134765625,12.0224609375,39.9381703185,30.4830635293,15.1295345539,10.5307875441,-0.294684459718,8.80657689008,0.0162258185446,3.95308413218,0.41796875
109.584960938,85.8583984375,68.041015625,50.4511541346,52.4363683185,43.9675425978,37.7076559733,7.56675781948,14.1727416192,0.0328931473196,5.06132904307,0.7294921875
114.448242188,136.728515625,122.78515625,66.253738521,55.7727017902,58.9988805374,54.2602545728,-9.82925086225,5.13257921516,0.0446431450546,5.26218920116,0.7958984375
118.725585938,123.354492188,101.064453125,53.9720331374,51.2437717189,52.1745281979,50.1288218837,-5.8814359502,11.7789326348,0.0593360885978,5.06908714271,0.8095703125
101.513671875,90.08984375,70.693359375,48.0012390851,41.8850703187,38.7524156863,38.3209271675,1.35436705034,12.9904860355,0.0820395201445,4.91608775273,0.708984375
132.186523438,134.15234375,128.166015625,74.17342283,71.0436309215,68.8104264088,54.3208843208,-1.88089842353,2.8967575574,0.0194697789848,5.01891178769,0.56640625
122.048828125,107.58203125,97.9443359375,63.8832366769,60.0626390914,56.9277727965,45.3294528855,4.10708349964,7.46376543986,0.0178810488433,5.0719080382,0.572265625
119.590820312,124.22265625,146.442382812,48.0945678304,60.0058854078,86.4289956533,51.5896778786,4.52877038004,-11.0850221035,0.0254434440285,5.09317495517,0.580078125
92.7236328125,96.85546875,79.5302734375,41.1659986092,36.279602802,31.0139689659,39.7875547577,-4.96586748076,9.18696234783,0.0179697573185,4.81032213989,0.533203125
122.82421875,125.528320312,112.822265625,64.2562949811,65.3884664273,63.252498502,50.7527884905,-3.33781328832,6.57795402649,0.0339505597949,5.26267920795,0.5595703125
70.7685546875,66.326171875,59.4697265625,48.8363632796,48.9269730316,51.5246173484,27.3996804252,0.729267411703,4.98415795499,0.0271527934819,4.86871501836,0.4873046875
124.5390625,127.623046875,122.508789062,40.5916021071,42.9660169141,43.3591911133,52.5151840932,-1.99586653125,2.48045232353,0.0430385768414,5.01488158387,0.7138671875
142.4921875,116.34765625,95.935546875,40.603262664,42.1698369781,41.5507237322,50.6260363194,7.48636411946,15.5368404026,0.0342493131757,4.88451347969,0.732421875
127.0234375,127.54296875,90.6767578125,76.7942502572,81.0214098668,82.4298826491,50.7160460729,-5.03481448018,19.0457589516,0.0203096084297,4.85483260225,0.4931640625
105.49609375,124.231445312,77.0869140625,33.0160647506,41.8229871408,44.7929183229,49.245957484,-14.4756227145,23.1856837596,0.0656858533621,4.80813414941,0.55859375
117.153320312,138.122070312,98.7705078125,29.6447212956,41.8376669077,16.6008126841,54.75841299,-13.864905252,17.8815953952,0.00911348219961,4.40640091153,0.3134765625
146.775390625,119.522460938,121.375976562,54.8166362807,65.7718111058,86.1645084058,52.0659865206,12.2071666363,4.54799312515,0.0332884192467,4.79960504535,0.5517578125
105.197265625,95.6806640625,93.044921875,69.3640063949,65.2166355158,67.4274489555,40.1994110995,4.39604019779,3.2005444261,0.0236959401518,5.17729994396,0.5048828125
121.3984375,124.2734375,86.5341796875,57.169920774,59.162658441,43.0562722695,49.9549845812,-7.17550121766,19.6126198622,0.03026368469,5.06270298525,0.5947265625
128.767578125,120.315429688,132.146484375,66.5400246943,62.5817833373,59.4926468289,50.5369585046,6.06864909197,-5.53363258861,0.014640217647,5.28868672024,0.666015625
101.352539062,102.93359375,99.583984375,61.1647663765,61.2733651574,57.5220472113,41.971269102,-1.09824322247,1.48707166692,0.0231435708702,4.96904871947,0.4951171875
91.7216796875,82.3876953125,92.2939453125,56.7434061312,46.9046685793,33.5286800399,35.6266921321,6.90839556964,-4.88889409723,0.0432506091893,4.99379217049,0.755859375
138.963867188,129.567382812,126.979492188,81.5038082836,80.9903142754,82.2563433708,53.1720078285,3.53494834373,3.03740021462,0.0183310713619,5.21070593966,0.673828125
151.338867188,145.743164062,108.256835938,40.1460397171,42.187817732,29.7376131669,59.6638078512,-3.73562651698,20.3247390679,0.0336143672466,4.79439848941,0.634765625
137.291015625,73.884765625,65.0341796875,60.3703679427,29.8228559441,31.6509559324,39.9926034499,24.373243178,18.4197938414,0.0292446911335,4.67011983414,0.576171875
4.2109375,65.166015625,108.025390625,11.2395106264,19.639419895,33.6326858642,26.4705831914,0.548317791391,-29.1436439493,0.00504571571946,3.03708516363,0.177734375
111.717773438,98.064453125,75.80859375,52.7873778685,48.908034573,44.8737430662,41.5631374986,1.94545221555,14.7645258094,0.0454716831446,5.08583520705,0.7041015625
173.501953125,173.58984375,129.426757812,40.7668197182,38.2159485683,41.7088647796,69.8444869528,-6.98648305459,23.1600802658,0.0351559147239,4.92534536175,0.76171875
118.63671875,93.9208984375,87.810546875,54.0896505106,52.508003415,50.424421768,41.6116200719,9.54537460219,8.05234507582,0.0299761351198,5.09333938731,0.5576171875
135.453125,116.956054688,103.672851562,31.6178930688,30.1925303531,27.1028027926,50.3524168906,5.00921162285,10.0062431316,0.0275429785252,4.66359939452,0.5634765625
146.349609375,153.133789062,133.590820312,57.1871656398,54.9616936106,51.8466748131,61.5787503235,-5.46893017148,9.12069590794,0.0296542290598,5.06009302452,0.5947265625
122.109375,106.284179688,103.807617188,45.4789373253,50.0766239411,55.5936806192,46.1366145695,7.51199152982,4.84319450351,0.0438315272331,5.042429111,0.654296875
83.669921875,110.638671875,76.1611328125,33.9802969334,33.4547313748,27.5424461678,43.7559465771,-16.3659799661,16.4726937588,0.0176771245897,4.59848171547,0.5810546875
99.6298828125,109.07421875,81.49609375,30.2646969331,24.204620059,24.6748382161,44.5868169615,-8.53673743853,14.4528395774,0.0105100292712,4.48730614701,0.4345703125
128.66796875,118.004882812,74.2822265625,43.3610062686,55.335702898,33.8536521254,49.1335849248,-1.77858041444,25.373014708,0.0260466132313,5.0098211792,0.650390625
133.315429688,105.703125,92.8603515625,55.5900093265,52.5602124019,62.3164572956,46.5295453579,9.96209754399,12.0804806242,0.0573721602559,5.22443702304,0.8291015625
89.314453125,110.198242188,88.62109375,37.2363222856,39.6020087681,34.8433293749,43.867199818,-12.1288240854,9.46095738142,0.0617034807801,4.82052697029,0.8037109375
223.75390625,196.846679688,172.443359375,46.7296076887,49.0605187569,53.0376553553,80.6846118965,6.08963186357,16.0090800921,0.0357749015093,4.68520367845,0.44921875
205.462890625,201.708007812,199.05078125,64.2129680323,70.3373684795,74.4246640865,80.5097102614,1.15138983918,2.14523193452,0.0635144561529,3.93966523058,0.552734375
131.27734375,153.00390625,100.887695312,43.7034935225,50.1663831701,42.058809331,59.8357520267,-16.6691009789,24.7325522219,0.0195489637554,4.90212064666,0.505859375
120.69140625,120.124023438,102.482421875,48.4102593197,48.9577230029,49.6439046524,49.4765749136,-2.60622445205,9.99206526878,0.0558240152895,5.11503668353,0.8193359375
140.884765625,128.103515625,108.21875,39.4235861245,33.4246328535,28.904999973,54.0413653808,1.75153539644,12.5714916872,0.0548251979053,4.7865338619,0.8203125
184.248046875,172.140625,164.9296875,63.6733070858,70.9574706883,76.7884353673,70.2979927198,3.5336525756,5.8140030696,0.009317711927,4.06198127338,0.37890625
203.724609375,173.108398438,168.29296875,74.7402555564,77.0391981686,74.6078557396,72.2745009169,10.7432144435,7.07076565874,0.0401963107288,4.71342414868,0.4970703125
122.09375,133.77734375,135.537109375,60.3000715822,56.2273151686,52.4926575022,54.0629587765,-3.72426647637,-2.63495726262,0.0223334692419,5.11273321373,0.599609375
122.706054688,113.205078125,93.857421875,59.5372825229,59.8353121792,60.3121695554,46.9915341437,0.693781546244,12.2485849589,0.0359050258994,5.17643581627,0.7490234375
116.86328125,112.270507812,92.5263671875,60.2819292615,63.6422808474,69.0725903834,46.2264183389,-0.844780316328,11.8532883206,0.044195920229,5.1960744597,0.7080078125
133.0,97.4599609375,84.4658203125,40.7665083509,29.9427572106,19.1586918231,44.4404104833,12.5620022154,12.9370197053,0.0390674956143,4.65911751854,0.7060546875
136.8046875,167.856445312,99.876953125,38.9563424702,49.8827913074,36.6679368637,64.7701413346,-21.7608136997,31.1864993616,0.0283779222518,4.8480814359,0.681640625
173.776367188,164.4296875,147.491210938,28.0256193496,27.732344776,27.4752715683,67.6947995314,0.476396033474,10.0314463504,0.0182053670287,4.2989813585,0.2666015625
112.731445312,93.2275390625,68.4404296875,42.6996133465,43.5755672586,43.657987687,40.3002181974,4.46421648993,17.3548000422,0.0315546840429,4.95093765679,0.6943359375
107.321289062,133.345703125,97.783203125,25.1479469197,29.4931404415,24.3353818876,52.6666576879,-16.1528655404,16.0266116183,0.00810966361314,4.46400820393,0.4072265625
93.1103515625,95.9755859375,90.7197265625,53.948403177,50.677253026,48.7083612392,39.4575045065,-1.89944132961,2.44145495578,0.0222017131746,4.99796310298,0.56640625
120.571289062,123.048828125,43.779296875,44.5183950294,48.0015010202,25.4996576473,49.4629781519,-11.3824152403,40.4652966693,0.0441857390106,4.90214167248,0.72265625
151.983398438,145.352539062,140.866210938,46.7680730208,45.223098588,38.9891895937,60.3146356631,1.84454306499,3.11793871143,0.0208751838654,4.87104256425,0.6494140625
116.15234375,89.46484375,82.7236328125,67.2661910863,47.6802371433,51.7325679057,40.3465826522,10.653884355,8.71755110804,0.0289889797568,5.0357992943,0.748046875
198.444335938,179.250976562,122.7265625,55.4348825054,40.9807321702,39.5640728052,73.2955045372,-0.18971027843,31.1504062953,0.0490293353796,4.6002814804,0.6640625
189.536132812,146.630859375,85.8203125,29.4460686688,34.9679047156,35.7040643681,63.5077776946,9.50406324022,37.9348790659,0.0182482171804,4.62679547548,0.4765625
150.401367188,113.635742188,163.006835938,50.9455902134,60.0868441481,54.2255214805,52.5806196924,24.2740189621,-20.8376321646,0.029705170542,4.96148899846,0.5966796875
97.12890625,142.336914062,97.12890625,63.6075997233,34.5747430374,60.4137022076,55.2593442011,-23.0428729702,20.06689375,0.00771337933838,5.02565486277,0.43359375
121.301757812,133.862304688,96.05078125,28.7150561559,29.6740690829,25.7923907629,53.7977438127,-11.4059375333,18.8068744879,0.0152583830059,4.57396404149,0.505859375
147.514648438,134.938476562,110.986328125,34.5841616719,43.0110714765,52.5194700559,56.5438099028,1.74762720387,15.1996329427,0.02770639956,4.82005058349,0.4921875
74.8984375,68.4892578125,64.9912109375,51.0027135987,52.7050486218,56.9927603073,28.7763839407,2.57661967084,3.27086911653,0.0151055958122,4.98189959633,0.669921875
131.602539062,121.213867188,117.056640625,56.6075721094,59.4540933979,63.701610885,50.7669380806,3.47338518193,4.03729493564,0.0216634944081,5.21179919133,0.69921875
132.51953125,148.161132812,174.396484375,24.5099949593,30.1367069623,42.1588679152,60.7552219132,0.526564562853,-15.2624381906,0.00965330190957,2.15489677431,0.2197265625
49.4609375,42.849609375,33.2734375,50.1608198609,38.5236438134,26.7023055663,17.4477264668,1.24877465194,6.59466191861,0.0239690467715,4.41711311492,0.50390625
100.443359375,106.556640625,89.373046875,31.8234680694,37.2103227608,33.2160819733,43.7062465493,-5.28518769595,8.70689971552,0.0123001970351,4.76678830408,0.4345703125
138.627929688,109.237304688,82.3427734375,59.1363232518,60.8997586247,57.611277231,47.7858841641,8.44446814225,19.9689563963,0.0657493323088,5.23076972714,0.78125
190.484375,183.451171875,171.404296875,35.9526021257,41.1937537764,45.9128401189,74.5756080907,0.603861899791,7.20117686221,0.0212428048253,4.90151831626,0.638671875
94.955078125,87.21484375,75.4677734375,74.9913402136,69.1737701935,66.0812483487,35.6646040144,0.946054140217,7.6749321713,0.0438803210855,5.00613984582,0.666015625
82.3896484375,103.571289062,79.4345703125,43.4485319879,49.3621897533,31.5407972447,40.8545595567,-12.0936456818,10.4606748076,0.0353627055883,4.88967604514,0.6748046875
55.43359375,46.1220703125,39.625,70.7556692487,57.8173793651,49.974348889,19.2871895652,2.6549948688,4.95648858073,0.0153756123036,4.13194978653,0.333984375
125.751953125,79.54296875,98.357421875,37.8203374638,32.2744291768,39.7831178812,39.6988769983,22.8735700298,-2.48925233521,0.0060488563031,4.57676238747,0.4033203125
113.765625,106.973632812,77.4912109375,46.7070088716,40.0245077276,38.3065849953,44.6181444099,-2.3067032403,17.4486613924,0.0270682927221,4.92820060159,0.6328125
70.0859375,65.3935546875,68.328125,54.6159749901,43.5708429675,39.3531158183,27.5591223828,2.81221601425,-1.15338033497,0.0131940115243,4.7838786041,0.45703125
86.2314453125,85.41015625,76.6083984375,47.9335696264,49.5837727674,49.3323190505,35.3693181683,-0.999124818571,5.38952823325,0.0300995092839,5.0573619752,0.7353515625
147.79296875,139.4453125,124.141601562,90.0706109148,86.6836299239,85.4193039544,56.538692198,1.78588268174,8.88606273896,0.0231037139893,4.90139197697,0.5693359375
111.623046875,96.7919921875,80.939453125,57.0953363909,57.3098306897,51.1451313331,41.0448060967,3.55780680692,11.2329193327,0.0399260111153,5.04377617677,0.7314453125
85.1689453125,103.323242188,72.6259765625,33.337288099,36.0489305986,30.1825136446,41.1031245397,-12.6442932645,14.7940373066,0.0270441491157,4.38531650336,0.501953125
98.0791015625,95.8017578125,96.546875,37.1851442633,37.6030713303,41.4039474596,40.4009624592,1.2165250773,0.0682518388666,0.023550985381,4.87975374389,0.6435546875
54.302734375,64.06640625,68.5107421875,32.6717240902,38.2910253383,38.7676860072,25.8230307938,-2.63220091854,-4.01285233085,0.0218750610948,4.4207406449,0.4248046875
131.16015625,150.482421875,121.435546875,45.7915595727,43.2426574737,44.5226169932,59.6006533193,-12.3618480396,13.0920489204,0.0222886241972,4.70390549788,0.4541015625
133.640625,107.265625,79.5595703125,47.0294512737,41.2524590886,36.8667677015,46.7275405622,6.52227409435,19.3362410022,0.0334825739264,4.8821639574,0.7021484375
118.768554688,109.493164062,105.611328125,53.5435364937,51.497249928,56.9559289313,46.1296771729,3.12980247328,3.93168380354,0.0184092186391,4.97132721887,0.4814453125
144.126953125,127.286132812,113.362304688,24.7876035379,25.0448652712,28.2733342679,54.3019428439,4.2280277374,10.0131460401,0.0149105330929,4.54867153531,0.447265625
106.500976562,101.481445312,103.549804688,72.5398866507,69.5461686766,54.3474738154,42.0609732658,3.497564934,-1.24420153277,0.0299422759563,4.60622639577,0.4443359375
103.685546875,80.9130859375,65.4609375,57.8830038514,52.2348892684,47.9384415396,35.3944322653,7.65977899923,12.5348754631,0.0380262359977,4.9818733002,0.56640625
131.486328125,123.71484375,95.5927734375,40.2217948609,35.5692098016,36.3294547676,51.5843639587,-1.70194895768,16.5341660407,0.0360439866781,4.9018064166,0.6943359375
124.637695312,107.311523438,92.3564453125,56.6694826053,60.0610661251,58.5438278786,46.1396471672,5.72226270099,11.3629035479,0.0723889917135,5.18439024289,0.8056640625
108.544921875,100.803710938,108.25390625,29.7886424061,32.75515146,45.0243205153,43.301115877,4.90855538236,-2.60433992001,0.0153858046979,4.61549754094,0.341796875
124.510742188,135.263671875,100.6171875,55.1308624455,59.1940565979,40.7929453716,53.7606309986,-9.90561528552,16.8010870052,0.0360040105879,4.80180771991,0.5947265625
83.9248046875,81.5498046875,47.4775390625,35.9391196641,35.3589221961,32.1579579751,33.7608738653,-4.22627228755,19.4437675249,0.0152895767242,4.63196027811,0.50390625
157.806640625,132.524414062,31.5771484375,52.2952080408,51.6679923667,26.8073622932,56.1221543001,-0.332765700734,51.7223525704,0.0395300537348,4.75647112813,0.6953125
140.197265625,141.514648438,153.41015625,33.4569766924,59.9538215873,94.2526614676,59.114502509,5.92522414341,-3.91389892966,0.0124899931252,4.94768726485,0.40234375
117.293945312,101.997070312,88.357421875,41.5649731696,37.0575327512,35.0001281191,43.7650839227,3.77490497129,9.94296205173,0.0329872742295,4.90648745783,0.4755859375
65.9326171875,107.5625,144.493164062,47.264737601,34.5429137541,30.8374637741,43.9828198987,-1.3078717876,-24.4246687053,0.022833943367,2.75747435769,0.271484375
77.763671875,129.337890625,170.165039062,29.0888457298,42.7333562475,43.4884268504,51.7486023858,-4.73252272168,-27.0121194675,0.0200503859669,4.88548705285,0.6064453125
92.5283203125,79.640625,64.380859375,65.5245002687,46.0054105811,44.4402190717,33.8851521551,2.32267088495,10.937793868,0.0385260358453,5.0283640222,0.701171875
120.66015625,103.975585938,83.2607421875,46.3875881497,46.2334470975,42.0584993203,44.3893575065,3.57469607671,14.2824134935,0.0253537856042,4.92434439726,0.6298828125
117.020507812,154.71484375,86.3408203125,63.1611790609,69.2560546652,50.3671486371,58.6710983015,-24.5475088297,30.8504974979,0.0698218941689,5.14333071875,0.7724609375
138.076171875,138.185546875,103.936523438,20.7144852934,13.4535785382,20.739146117,56.7482563256,-5.90026862298,18.5336156186,0.00763694243506,4.18345300684,0.2685546875
130.60546875,124.99609375,95.6484375,48.9365482165,53.137222715,50.7189082474,51.4611920156,-2.14982531507,16.6202024201,0.0697975605726,5.16247569674,0.87109375
114.100585938,85.6357421875,41.3125,46.2712223232,41.1259870208,26.5250471253,38.1042679341,6.68442120288,29.2014555806,0.035305518657,4.81164342251,0.740234375
159.579101562,153.37109375,154.357421875,62.9499087257,69.3599151982,79.6115274095,62.8682105248,3.10319891315,1.03905424465,0.0492521524429,4.96173621344,0.6044921875
146.233398438,133.16796875,117.86328125,21.6593661578,22.1562083342,24.3128385937,56.2209748232,2.37092719363,10.1079679903,0.0239677019417,4.33786375688,0.552734375
177.203125,182.104492188,159.784179688,52.8793747267,50.3330685764,63.9890379384,72.7323345875,-5.6203818499,11.163197985,0.0164162069559,4.85894263159,0.689453125
151.778320312,126.275390625,109.672851562,55.7562065519,63.8735501597,67.1548278502,53.9986747121,8.04605398716,13.387095959,0.0244434867054,5.20902043379,0.681640625
111.911132812,105.125976562,98.96484375,54.6758104747,56.187941018,48.9469253213,43.9746250132,1.87855839826,4.09245009098,0.0508635640144,5.07636955548,0.671875
153.149414062,135.897460938,120.638671875,70.424633777,78.1373254865,76.5033975233,56.7342566425,4.61047132528,11.3313168771,0.0226735696197,5.12725322345,0.6572265625
124.009765625,114.145507812,101.485351562,44.4483977313,50.7208710213,51.7964369351,48.0291883972,2.01578201039,8.77492340476,0.0355058312416,5.04901693886,0.67578125
119.65234375,121.1953125,84.5986328125,44.0451011125,36.8380765551,48.6572438692,49.5829983797,-6.97869801141,20.2648009256,0.0126036312431,4.44567316356,0.359375
136.66015625,130.029296875,83.9794921875,61.3687762117,66.4091037703,41.155485582,52.9454920929,-4.0667032905,25.231519494,0.0839786231518,5.05637285406,0.6806640625
67.5859375,55.2607421875,30.4375,37.9721119589,35.3159757946,27.2241491488,23.4319833934,1.84227546397,16.6727500098,0.0279988069087,4.63272645003,0.564453125
199.1171875,183.368164062,177.73046875,36.8076707558,38.2171044483,38.7554382446,75.5263803933,4.75769695814,5.10990971409,0.0236482471228,4.7241896789,0.6064453125
107.875,109.3515625,94.9228515625,61.9114002779,57.5800855119,59.2320557716,44.5944796655,-3.21082576691,7.96555135147,0.0457069054246,5.18995813258,0.634765625
129.649414062,122.224609375,113.024414062,73.4806332083,75.9978048861,80.0523290137,50.1911938468,1.47648645745,6.39664208818,0.0277506783605,5.1804169455,0.658203125
127.518554688,123.618164062,98.7861328125,44.4869368056,39.1332821474,36.967682295,51.4326866154,-2.33879506263,14.5375303517,0.0229869633913,4.8934023142,0.5478515625
194.106445312,178.758789062,159.325195312,29.770630279,40.4973887673,43.0894861691,73.4804586103,2.71640443132,12.2627087537,0.0183895230293,4.83629510535,0.5927734375
88.5966796875,90.6201171875,89.068359375,61.1955787305,60.8470099408,60.4356839086,37.2891235379,-0.336954193044,0.757698830832,0.0283594001085,5.0963770808,0.677734375
31.583984375,31.2529296875,37.1552734375,34.7729069248,39.1423869515,48.5131497106,12.9134497759,2.92077007953,-2.93122140598,0.00787639990449,4.20817680005,0.35546875
73.1201171875,72.9951171875,69.7333984375,42.1468116935,42.5822156932,47.5348784136,30.2963898128,-0.238627737774,2.31297279,0.0172167345881,4.58112926611,0.4638671875
93.0810546875,108.1171875,85.419921875,61.2673785332,67.7357135645,46.4758782528,42.6003055431,-9.1453817069,9.83019316555,0.0309476666152,5.0667220758,0.6005859375
106.634765625,145.673828125,195.0859375,14.7009712936,25.1481364749,43.1056618496,59.3335896248,0.340967335692,-29.3151642211,0.00472893938422,2.16758785336,0.13671875
81.455078125,74.3701171875,67.4384765625,31.7318158679,30.9284823598,32.4866878389,31.7163213583,1.89833980414,5.28640446486,0.0198255218565,4.7073143016,0.6318359375
196.108398438,142.701171875,83.740234375,43.775382902,54.6679836479,45.5691749906,63.0133936879,14.4503062608,39.3756323133,0.0243155676872,4.83489135361,0.5927734375
129.453125,127.92578125,119.354492188,60.9472888772,56.4656141853,45.8837517126,52.5610289929,-0.791228508683,4.43108000949,0.0259808376431,5.10861080034,0.689453125
142.337890625,160.448242188,138.455078125,21.1801953172,23.4775752555,17.9831174515,64.020110263,-10.5666551222,9.29840004603,0.00745993293822,4.24022296736,0.3251953125
162.399414062,146.108398438,138.700195312,51.1966151039,50.4349729054,51.7601039348,61.1674444917,4.94709537798,6.2675255348,0.0261657331139,5.11013750625,0.693359375
163.7265625,131.870117188,62.4482421875,49.1882885648,42.7764415393,22.1588119295,56.275613408,4.28071799364,40.535700633,0.0312192197889,4.72945051877,0.4462890625
117.07421875,102.038085938,88.8115234375,37.7949385792,30.3686579453,24.0805253919,43.9966762908,3.89270406781,9.58086171822,0.0213079284877,4.6710477926,0.603515625
154.463867188,144.9453125,145.387695312,66.4177612309,67.2767208292,67.3129721211,59.9085283678,3.75499797904,1.22147108152,0.0277890078723,5.17059988559,0.6591796875
197.975585938,188.270507812,180.65625,73.954129507,82.9239230912,90.3596924709,75.5848083498,2.79534463872,5.81345313243,0.0475893616676,3.61539711357,0.4658203125
85.0283203125,70.3212890625,64.6025390625,30.7113606752,24.9746218045,25.8250429838,30.9100601786,5.16664292427,5.86935554596,0.00653141038492,4.3494230745,0.3828125
205.149414062,172.137695312,168.588867188,40.6703609693,48.9675592644,46.6575781907,72.9066868862,11.9941618515,6.51012406765,0.0206419080496,4.85130433225,0.6767578125
118.21484375,116.163085938,107.737304688,28.0847756518,26.7572596138,25.8566951965,48.6426522486,-0.820418291651,4.92587822816,0.0144836753607,4.43666658596,0.3916015625
121.186523438,84.619140625,77.07421875,65.822614474,43.5986832429,41.4232672504,39.3146470078,14.8100751441,10.4520390936,0.0117621216923,4.83214431113,0.5341796875
117.944335938,115.470703125,96.1982421875,42.9266251143,42.1880453795,36.9512024716,48.1996493252,-1.90298397527,11.26613273,0.0330517441034,4.92220100491,0.6806640625
84.9716796875,81.8935546875,79.0166015625,50.1914321575,45.2341067291,37.0195883243,34.3409090434,1.47758209736,1.64400892387,0.0373769402504,4.36878384634,0.583984375
90.056640625,56.2177734375,49.8994140625,59.585471656,41.4396732618,50.2130484439,28.100330347,12.1020874867,11.1551747651,0.0152706215158,4.83777859793,0.560546875
178.415039062,154.934570312,143.061523438,41.2134853584,36.5345862491,31.4296884558,65.3539166684,6.78253987481,9.31244967008,0.0254931375384,4.60678836313,0.5224609375
125.366210938,148.576171875,123.7109375,22.0520440631,39.1124937404,58.2212445579,59.0549263787,-11.8081397233,11.0639213683,0.0185153391212,4.88621978353,0.5810546875
137.436523438,130.510742188,118.412109375,66.0277364927,65.9583192979,62.8372470672,54.1795383556,2.32193752695,7.75286500222,0.0373414158821,5.26979190866,0.677734375
106.016601562,101.633789062,103.576171875,45.9152445853,45.2869288936,45.9390737251,42.7825407429,2.20280844846,-0.417581022121,0.0272423364222,5.08449335035,0.755859375
125.303710938,122.208984375,105.958984375,56.9792532307,57.5343416244,57.071315356,50.351538131,-1.26235573388,9.48576096465,0.0613866001368,5.2008185943,0.7392578125
112.721679688,105.01953125,97.275390625,86.2100659291,86.2836981802,84.5412502163,43.1549037506,1.94870701439,5.49870803908,0.0245077740401,4.98375651579,0.6572265625
106.704101562,102.926757812,102.885742188,52.744606348,56.0713439481,58.7125348613,43.0589583704,1.88659541213,0.887872347597,0.0480000376701,5.03504787295,0.693359375
39.953125,55.57421875,47.927734375,31.7293201292,28.2517345875,19.714382746,21.9197198941,-7.00580529081,3.03955400377,0.0390823148191,4.44213573895,0.46875
116.609375,92.634765625,71.2607421875,63.6160030936,59.7150247591,59.6559912075,40.4778848199,7.83633158599,16.2330662736,0.035766094923,5.22881165037,0.79296875
180.189453125,196.416992188,200.469726562,42.5779988082,50.3590908534,57.2874217686,77.7142517551,-4.57357034556,-3.64313876483,0.0277577452362,3.63693955005,0.3251953125
174.313476562,152.693359375,140.844726562,57.979272748,47.0093461747,46.4385126858,64.3198371477,6.72754947515,9.22687088293,0.0280365459621,5.04869845119,0.6884765625
108.724609375,106.830078125,86.1376953125,45.4174252835,40.3951965932,37.8201901395,44.3503866521,-2.69052188598,11.953678988,0.0384178720415,4.95649917088,0.740234375
145.108398438,165.1015625,164.487304688,48.2789640213,64.4712526591,84.7623621778,65.6230444961,-5.20153332349,-1.08909919819,0.0668630450964,4.83849521111,0.6181640625
117.421875,103.666992188,84.2919921875,48.9705921598,44.0894581134,28.3381798264,44.1576174196,2.4799886995,12.4437248086,0.0158864278346,4.81945648863,0.5263671875
159.844726562,105.934570312,64.7373046875,38.9715480091,46.3048093333,45.419123852,49.4046965873,17.8237794068,32.1148800928,0.0147784408182,4.62220331062,0.3125
126.400390625,112.75390625,98.3173828125,58.8372510339,46.0748582512,24.5000767415,47.8778299579,3.392554296,9.18097431337,0.0355587787926,4.70549260225,0.6103515625
101.944335938,98.5888671875,90.7431640625,53.0044388172,49.1285971278,45.198536128,40.9340009152,-0.190733144572,4.78565516729,0.033379662782,5.09350825844,0.5986328125
155.104492188,135.766601562,113.862304688,70.6608303699,70.5072110797,73.4844104492,56.679574004,4.38394111098,14.9919271573,0.0526625365019,5.24643371632,0.6962890625
131.923828125,94.638671875,85.6728515625,46.5621021228,42.9516478306,36.532164302,43.281909846,14.1042683994,11.1730683994,0.0250377319753,4.93379731564,0.59375
165.963867188,165.963867188,165.963867188,97.7464516574,97.7464516574,97.7464516574,65.6996845072,0.00543408772384,0.00248580808892,0.0641397833824,3.51092976311,0.421875
146.107421875,150.850585938,53.1943359375,44.9937732627,31.8529050206,22.9928726887,60.2845865323,-14.4832975038,48.6881245318,0.0346918255091,4.72590467321,0.73828125
104.114257812,115.103515625,66.818359375,30.1467056113,28.8203796733,23.3332308722,46.313557447,-12.4445207092,25.2698684779,0.00854747369885,4.43788430554,0.3046875
169.448242188,147.8828125,128.05078125,40.1415130648,49.6908011629,65.427913572,62.6576861299,6.24351254356,14.2714425664,0.0170329250395,4.97327673377,0.462890625
101.2109375,79.755859375,41.0029296875,56.8895794972,37.3593582032,23.6088939646,34.8318455653,3.7525190164,25.2366531291,0.0363089069724,4.84955024286,0.7294921875
156.944335938,129.884765625,118.884765625,64.4230996514,63.4941280684,64.3168001656,55.6171539241,9.05868317572,10.2517531343,0.0396217256784,5.19510479846,0.6279296875
136.786132812,100.330078125,92.140625,33.2288490511,41.3448534621,47.7188395341,45.7849813746,14.2704063177,11.1857233289,0.0308293364942,4.97385704529,0.712890625
103.3515625,104.85546875,100.521484375,71.4973190979,75.8878091624,75.1061327659,42.5553627851,-0.823120573236,2.49538594538,0.0304840970784,5.21778907869,0.6650390625
129.640625,126.216796875,125.922851562,44.3269739012,51.3169139306,57.7356660484,52.5383237468,1.83824164719,1.15308010738,0.0123807154596,5.07592634335,0.53515625
113.091796875,115.3515625,93.560546875,23.2568322264,21.2877293161,19.4490582118,47.7539864292,-4.69616763166,11.8132992431,0.0188509058207,4.28967078757,0.478515625
140.184570312,121.961914062,108.293945312,44.6049731433,51.6682392568,54.7067334255,51.9849944346,5.15960125363,10.4711812956,0.015491980128,4.16903172501,0.3095703125
162.711914062,151.483398438,138.115234375,62.4398148865,66.0414148424,64.1238151872,62.3198212509,2.56827142637,8.31952091019,0.045527651906,4.75637297389,0.5703125
79.9130859375,153.12890625,141.581054688,42.7905197299,47.1194147094,46.3390956916,58.3213165021,-24.2938157963,-0.516391509239,0.0471738837659,5.02172346267,0.798828125
59.8369140625,52.6103515625,54.38671875,64.2837624437,60.5155707806,61.8954421675,22.5423822114,3.17603485686,0.160613302126,0.0365711599588,3.70141970142,0.4736328125
85.552734375,103.430664062,106.744140625,35.2753005439,40.5273475033,46.0884739019,42.1447930725,-4.98864688184,-4.08401874519,0.0152319883928,4.86645337777,0.54296875
143.51953125,140.325195312,140.986328125,41.6909154497,42.7306323768,48.0539634872,58.2085927953,1.40578648437,0.274837891475,0.0272401031107,5.06201537618,0.6484375
122.35546875,87.669921875,74.5556640625,47.0665317141,39.7985949225,36.6419386378,40.1064323526,12.5554107676,13.3459427372,0.043484095484,4.97871062209,0.7236328125
130.8671875,104.743164062,104.251953125,33.5402035096,30.2161718805,27.9014202864,46.7618701875,10.4307319957,4.39288939063,0.0364519506693,4.67961884477,0.7080078125
142.896484375,131.974609375,131.461914062,38.5660835468,40.9863418066,45.6256048189,55.6909966659,4.5019430237,2.05255097471,0.0089390585199,4.88972742367,0.5087890625
94.8583984375,99.931640625,67.1005859375,44.4034951179,33.8382701999,35.8861948949,40.8739709656,-7.90053540999,18.1125776255,0.0327793508768,4.77514444694,0.6982421875
83.6240234375,59.650390625,39.38671875,65.8035239088,52.0494697815,36.6551558257,26.1229807328,7.74164631385,15.2656635079,0.0267465226352,4.72941941063,0.4423828125
137.891601562,150.099609375,98.6669921875,43.0888091776,37.2043795705,36.830315144,60.0130244322,-12.5621543269,25.7782452443,0.0561903566122,4.86529807474,0.806640625
68.0439453125,81.5146484375,77.05078125,25.5731759197,35.6900691429,32.5942647277,33.1549555032,-5.18525103747,0.613441225743,0.0172601155937,4.61631582977,0.5302734375
105.38671875,101.384765625,99.2509765625,62.2356978689,54.9192447125,56.2542923625,42.1444857051,1.07308640535,1.86951039,0.0268380809575,5.0374680705,0.6015625
128.12890625,105.685546875,95.2646484375,46.0960590987,41.6376757409,38.1715044276,45.9464516174,7.29696793006,9.13489270224,0.0609960779548,4.99676396908,0.7998046875
88.55859375,99.76953125,74.90234375,50.0365538684,59.268585638,40.069303176,39.8739798473,-8.08715371267,11.8927239984,0.0218884907663,4.99432770555,0.513671875
126.944335938,117.116210938,109.28515625,66.6924921042,69.4448351415,73.1260599174,48.8141143769,3.32407142271,6.11493491924,0.0678004100919,5.34755442489,0.8173828125
87.42578125,82.9599609375,78.36328125,23.6211215272,25.5426909494,27.821783201,35.3313021948,1.18286703146,3.51796325601,0.0169930830598,4.45220245032,0.501953125
98.71484375,87.552734375,89.271484375,43.6761959443,40.1560572994,41.0621495341,37.6459260568,4.94132809774,0.670851869885,0.0237084347755,4.90128643786,0.5947265625
107.827148438,103.184570312,57.9990234375,42.7686865829,33.5518214537,26.3845694841,42.7749836199,-5.31588472223,25.9388001635,0.0448513701558,4.71681348506,0.603515625
134.905273438,129.153320312,54.587890625,26.0486663587,33.7706668308,24.6656962625,53.3623927467,-7.14380580415,39.330567493,0.0187046863139,4.35022943238,0.4482421875
143.458007812,144.500976562,139.918945312,90.7650437037,85.2556930778,91.5444215966,57.7339032605,-1.48565214149,2.68678681298,0.0458766818047,4.79077277324,0.5
140.147460938,117.239257812,102.984375,58.6687331332,51.4939542666,48.8632873394,50.3068893259,6.80503670326,11.1151939842,0.0498178564012,5.12888208828,0.7265625
102.12890625,75.7646484375,67.7607421875,34.0449924097,25.2447062882,22.3150467261,34.698713985,10.5677700687,8.69970240833,0.0138862235472,4.31793385689,0.4609375
120.170898438,140.158203125,165.290039062,33.3584212799,33.4018848161,58.1653661783,57.608228893,0.615248085029,-14.631395976,0.0291533451527,4.26717923792,0.4365234375
151.672851562,139.587890625,116.483398438,47.2236968503,46.4741621117,47.1311513493,58.0087952839,0.794931233942,14.1329704762,0.0755131393671,5.11357464927,0.8759765625
94.8828125,105.166992188,74.4169921875,52.8426313592,55.4814373196,38.6042994733,42.0287414699,-9.38721640544,15.5838258772,0.0333931073546,4.6537604795,0.533203125
99.90625,76.49609375,42.1865234375,54.3157633513,31.8586046127,16.8926809579,33.9150487653,4.96375163442,23.6092496762,0.0490433312953,4.77155605679,0.7919921875
118.3359375,145.03125,79.541015625,71.3994077514,40.5753903824,56.8338130174,57.1236801226,-19.7686176633,31.9171346494,0.0223237201571,5.05604292077,0.4853515625
97.9873046875,105.247070312,71.78515625,26.6865638551,26.5077835564,28.6250466425,43.0886560949,-8.26868178448,18.0824469945,0.0110892318189,4.46767428661,0.44921875
117.0,90.458984375,65.8125,49.2096320919,38.4418477895,31.6839556696,39.9841305988,7.28476017133,18.2376807964,0.0490041300654,4.94554879373,0.7998046875
67.7138671875,92.1787109375,53.2705078125,29.2240329964,37.3215846339,23.2151130508,35.9447507452,-16.5050624602,19.1290055592,0.0289887841791,4.66985577529,0.638671875
124.729492188,121.576171875,119.169921875,49.5175559672,50.8319464114,50.2159636127,50.4109053986,0.918997031408,1.79680746952,0.0369313620031,5.02187877232,0.650390625
89.6845703125,97.4111328125,85.419921875,56.4456589843,63.7536144279,71.1616052113,39.1403397954,-4.34969015755,6.1772140368,0.0636059716344,5.21167950256,0.673828125
127.543945312,119.49609375,59.9482421875,56.6964920382,58.4978296904,28.795179461,48.8403301775,-4.7268925397,32.1997432002,0.0338221564889,4.97365069798,0.689453125
132.334960938,125.642578125,97.494140625,39.7422126363,39.7839033826,37.5513706064,52.1342959311,-2.13035864073,16.3685411921,0.044268168509,4.93532732256,0.7763671875
66.7685546875,39.77734375,38.4853515625,59.8024755466,47.544030111,45.379473999,18.7002797693,11.3077862004,5.90960993176,0.0298230573535,4.33853262205,0.4697265625
99.6015625,82.0048828125,57.6962890625,54.2542610429,47.4654991438,46.2960132798,35.856986023,4.12199010858,17.3369751928,0.0446405336261,4.82651342382,0.677734375
126.833984375,119.8984375,95.232421875,38.5207403721,28.2401710898,37.5592329537,50.2952275859,-1.49925617991,14.9002129792,0.0289589762688,4.79401548239,0.6337890625
115.8046875,120.72265625,105.810546875,33.4883511915,34.1027462119,32.574842402,49.5583746514,-4.65922173652,7.55095284068,0.0157201755792,4.63763344753,0.513671875
107.799804688,89.388671875,68.2890625,46.8211770158,33.5979112044,30.3705699814,38.83104359,3.98397550903,15.0194177574,0.014818245545,4.89635164427,0.5654296875
74.064453125,39.427734375,38.8671875,63.5190343188,41.4761162017,45.9184052311,21.4097631452,14.3981495162,8.19481254731,0.024366999045,4.73484313637,0.595703125
111.491210938,126.559570312,112.306640625,43.355001704,58.584143931,40.8145543468,50.7734325475,-7.53694691412,5.55113955592,0.0303504429758,5.07030644947,0.65234375
126.956054688,126.956054688,126.956054688,63.8788298636,63.8788298636,63.8788298636,51.8567030702,0.00451033446798,0.00206323930335,0.0261188615113,5.21428430179,0.7099609375
121.293945312,117.328125,79.84765625,33.8715767767,34.0391799473,27.4736065526,48.5031286479,-4.55608709071,21.1272935278,0.0295819155872,4.75106403513,0.755859375
131.383789062,126.625,121.758789062,59.2424026882,63.2159925869,65.9349778909,52.2405167044,1.17557157175,3.64430417053,0.0210628658533,5.17166557704,0.5498046875
158.2421875,134.76953125,113.4296875,46.8484293183,44.4338695046,45.6223130362,57.3179266511,5.80167624363,14.9806954133,0.0310787204653,4.99475049914,0.6357421875
203.591796875,189.044921875,182.379882812,51.0497743772,59.7529413305,62.6810442338,77.0518872352,4.4806655708,5.52743018279,0.0278524458408,4.73251984536,0.533203125
147.893554688,144.846679688,141.120117188,34.6112252251,35.8838040252,38.4084268299,59.9713598809,0.552290562055,2.47914381119,0.00859428197145,4.81585831123,0.2958984375
70.330078125,103.850585938,70.6884765625,47.3588407632,44.6843327073,33.663947356,40.1275335099,-18.7084011582,14.9653026293,0.0350104570389,4.92869813744,0.6787109375
147.921875,151.63671875,136.908203125,53.6869884107,55.8586460562,62.5301128324,61.4519176307,-3.8775451856,7.7456672217,0.0316318944097,4.91287353801,0.6142578125
141.088867188,128.859375,119.795898438,48.4814006005,42.3426054965,44.9914959713,54.4924750382,3.08941813629,6.96029167635,0.0327265709639,4.99735915137,0.73828125
100.001953125,88.7236328125,76.921875,47.8087824953,46.6933018911,39.1536156087,37.5401390422,2.64204308356,8.28805829452,0.0349934101105,4.79814030184,0.6025390625
119.482421875,120.849609375,110.1015625,82.3744409337,76.933367323,72.1568078523,48.3725275749,-2.75001889443,5.54347033172,0.0321952775121,4.92571886608,0.5595703125
123.3671875,106.62109375,75.0888671875,42.6867214595,45.6219282396,36.301780274,45.3492817885,2.08831870699,20.114715416,0.0472810715437,4.86200569264,0.720703125
186.662109375,169.966796875,163.243164062,45.4144014733,50.0274228616,52.7506706503,70.3347889089,5.24702003657,5.98090719939,0.0349850617349,4.89522641972,0.529296875
150.0625,126.11328125,109.750976562,43.4636162497,42.8383687742,43.1440118761,54.1418786687,6.98097761378,12.4134892351,0.0347261801362,5.00248323413,0.66015625
145.39453125,121.546875,93.916015625,79.6376842415,76.727817374,66.2886589546,50.8872524625,5.46661086597,18.1397304288,0.0310825183988,5.24004593524,0.6298828125
172.483398438,169.016601562,102.24609375,26.9333254772,28.6904055884,24.2247771608,68.2388060331,-8.39576254153,34.9263250592,0.0205506570637,4.4392928279,0.5244140625
110.986328125,107.430664062,105.349609375,48.5639660392,52.1861066164,54.0204030451,44.8512221855,1.3451054802,1.88222698668,0.0397778153419,5.11558056006,0.7177734375
105.134765625,108.45703125,93.4951171875,40.3489346294,40.0011243662,37.6117342632,44.6678796174,-4.03406637002,7.93526898047,0.0380714274943,4.81795148305,0.5595703125
152.174804688,134.737304688,114.66015625,51.360910001,56.7735215482,59.0364173094,56.5630149702,4.01680567643,13.6363736649,0.0254336949438,5.1061253154,0.62890625
117.114257812,128.767578125,81.0625,41.5983354891,30.9898339492,27.5145558069,51.6930030219,-12.6728097358,24.577943219,0.0346010625362,4.75827037187,0.6015625
129.291992188,134.903320312,130.546875,70.2481489854,72.5433156481,78.6139931062,54.3050114817,-2.78512880728,2.02110160184,0.0278880484402,5.16221065077,0.59765625
99.0341796875,76.26171875,56.4609375,26.802223477,20.8601149067,21.9092240648,34.2409524433,7.08626228763,15.4170110082,0.0132881402969,4.12464952,0.40625
107.389648438,98.2763671875,90.4794921875,32.2974083814,31.5150755729,34.7211487883,41.9402080351,2.28845483383,5.88779909032,0.0416965484619,4.78809057356,0.6787109375
94.0830078125,68.8388671875,58.7431640625,53.7427679031,43.6788306523,41.5364280555,31.4150193016,9.60888747911,10.7654853337,0.0262005701661,4.6994816788,0.4560546875
130.102539062,136.072265625,117.806640625,32.7075140897,30.8922119968,33.8819140033,55.5769167332,-5.48151368287,9.07279620161,0.0134167699143,4.70038315338,0.345703125
93.09765625,87.3984375,82.2890625,37.635150136,35.5355433518,39.2060915515,37.0752744242,1.45486440005,3.90388025872,0.0152182206511,4.84441346207,0.490234375
154.051757812,116.48046875,73.35546875,73.6711194741,51.731537405,22.7113040019,51.1065686957,9.78007578447,28.2525323612,0.0251271445304,4.93276354691,0.640625
92.2021484375,124.595703125,152.801757812,101.805704746,80.2134397656,62.6477375517,50.3302755682,2.59084293365,-18.5798966936,0.0534088164568,4.67833387387,0.4619140625
167.375,145.990234375,115.833007812,35.7749312106,51.9099458944,65.8351727056,61.511464578,4.93519758361,19.7953726351,0.0655094385147,4.72373559994,0.6103515625
113.028320312,89.9990234375,80.2705078125,54.9551857439,55.005690393,57.2344758337,39.3656864051,8.42305857655,9.52085743773,0.0310574993491,5.14151820301,0.7001953125
113.817382812,116.8828125,106.55078125,60.7397179006,58.9146457669,66.3282362291,47.7991640996,-3.13960213796,5.89280038082,0.0201236139983,5.06416698985,0.6123046875
174.33984375,158.1484375,133.15234375,43.2022150037,45.6129204632,53.1029939199,65.6801058185,2.7546239713,15.5714066148,0.0137347839773,4.94824452669,0.6533203125
85.998046875,79.8662109375,85.6796875,33.7326343647,32.401362802,35.7210456598,34.3329074621,3.92363503221,-2.39198391835,0.0211142189801,4.80971042889,0.5830078125
128.465820312,114.505859375,101.697265625,45.2719517251,40.993687167,35.607508759,48.5889964828,3.32580375506,8.86586692541,0.0360529571772,4.52187555735,0.6572265625
123.251953125,126.94140625,134.65625,31.6375808118,37.6295481623,42.6034700941,52.6891272866,0.558420765607,-4.36684505731,0.0460695996881,3.38129065023,0.39453125
120.109375,116.74609375,106.961914062,27.4884164169,27.4149961881,25.7379658365,48.9291417791,-0.462275349647,5.83766788969,0.0259576123208,4.53289710264,0.5546875
171.416992188,161.717773438,163.418945312,38.2618055762,55.0037590736,48.5919038281,67.3344165182,3.99939907186,1.27377371129,0.0223029851913,4.77836013393,0.6142578125
114.450195312,101.623046875,93.037109375,59.9474986769,56.3624266752,56.9693293121,43.0166824601,3.75858765941,6.90137496453,0.0290052164346,5.18777156122,0.7353515625
102.479492188,89.4638671875,75.990234375,64.172006782,56.1375322093,50.7441104798,37.664965781,2.88086430509,9.35619231386,0.0220247581601,5.01052419792,0.5185546875
121.161132812,119.663085938,105.374023438,44.7330669461,50.4648389027,53.2694153739,49.4988819319,-1.37789366822,8.36440077083,0.093372695148,5.12666944659,0.83984375
168.756835938,168.796875,155.75,87.2965964632,86.9928480694,88.5641760604,66.8734175918,-2.30140758802,6.78928219258,0.0583764240146,4.78511238398,0.568359375
119.639648438,129.8359375,90.5390625,55.8976816229,61.5338641958,40.7084292069,51.4885264929,-10.1605510894,19.2573866484,0.0352855920792,4.96429749786,0.623046875
109.905273438,106.120117188,83.7861328125,69.0099334132,59.2095905316,55.2644756479,43.5213983412,-2.73539392035,13.1167808371,0.0376718118787,5.11304884565,0.7548828125
77.83984375,74.533203125,74.79296875,52.2330053699,53.1839642543,54.6919115129,31.0378529789,1.58646124182,0.495417899322,0.0233082845807,4.93569308628,0.4521484375
182.26953125,170.905273438,140.874023438,21.7226752158,28.1857990674,40.9418980107,70.0978436743,-0.390671441178,17.2108691652,0.00605445262045,4.58617276721,0.2578125
139.043945312,126.436523438,108.416015625,35.0615672567,25.7004201469,27.6790826889,53.5868761161,2.05782170319,11.7097765631,0.0121094817296,4.59049146075,0.431640625
77.8701171875,103.2421875,88.623046875,61.6348062493,37.921175667,21.0804007781,41.3210417537,-10.4928201262,5.24555224238,0.0192891731858,3.88751961498,0.4267578125
107.590820312,106.97265625,98.693359375,24.5097547886,24.4168957731,24.5585977109,44.8281359144,-1.3637700467,4.74116660606,0.026592053473,4.50248652448,0.6572265625
117.8125,104.155273438,100.884765625,40.7941909544,39.356423092,45.7267529985,44.8954182051,5.48266917661,4.25026265203,0.0113231474534,4.95405897541,0.6416015625
129.66796875,136.092773438,121.994140625,58.9221804501,52.628193439,55.0737783289,55.3107815125,-4.96049368279,7.05174280129,0.0547981970012,5.13437876988,0.689453125
150.524414062,148.206054688,147.140625,69.1322992137,64.2306598024,62.1873567052,60.4852236685,0.754502825763,0.726488034568,0.0432139746845,5.09080569342,0.59375
112.34765625,104.926757812,95.1220703125,37.9570871282,37.7393081252,44.4249910006,44.4654211893,2.05064179207,6.57669438228,0.0157946199179,4.88752921343,0.6318359375
127.213867188,127.241210938,112.130859375,43.4848680924,45.5203146282,53.6600306695,52.2831288277,-2.58497372128,8.64497064348,0.028694614768,4.71623620551,0.4921875
216.337890625,207.618164062,188.311523438,45.4922629265,55.3806933281,76.1803192372,83.1600412277,0.535180232583,11.4135896058,0.0559631809592,3.81199870206,0.5537109375
88.6337890625,80.7333984375,75.92578125,69.4043692824,70.1245837344,70.0877544205,33.2232441426,2.40923860785,3.740991364,0.0151745062321,4.71893548385,0.435546875
75.2890625,117.05078125,134.209960938,49.8889434369,40.7914541757,58.9870703722,46.9332407849,-6.93185027553,-12.8598903513,0.0226920675486,5.0423520725,0.6796875
115.84375,125.881835938,74.2958984375,50.6408057888,57.2288332711,36.587883053,49.8761591932,-11.8555636152,25.9535796085,0.0309308841825,5.02093634162,0.6533203125
125.419921875,130.833007812,128.639648438,69.7495620057,70.1776237231,70.4713346967,52.8363801867,-2.42920963127,0.51323847748,0.0349000841379,5.23783315538,0.6484375
103.88671875,90.0126953125,92.0927734375,65.4629611058,62.1961271886,65.3885635616,38.1935569069,6.23201980313,1.02261403133,0.0360981523991,5.134810794,0.58984375
119.2265625,120.211914062,124.736328125,85.6304710701,74.630725117,69.0567362456,48.8928377287,1.16407355247,-2.95205934194,0.0391514599323,5.23595255275,0.6298828125
80.97265625,85.4677734375,80.076171875,31.3827373797,37.9629617054,34.6972685934,35.3655823751,-2.61320841142,2.57327462645,0.0325461402535,4.62704646943,0.5517578125
81.177734375,103.123046875,51.0,45.2284959731,45.1354352556,46.0852852397,40.1941607998,-17.4549117624,26.175584358,0.0187925249338,4.82512252146,0.55859375
171.478515625,158.22265625,139.71875,51.1302863188,56.5613711418,61.930096997,65.1433272978,2.25609182988,11.9003842479,0.0273516476154,4.94334686061,0.4990234375
120.260742188,95.6904296875,89.4140625,48.8984257103,51.6072615013,55.6092888407,42.5427350605,9.82247824024,8.22985235597,0.016751807183,4.98814904105,0.6240234375
119.538085938,128.512695312,110.381835938,54.0649431768,44.2798036435,52.4900818584,52.1177173718,-7.07927626632,9.09418986469,0.0191987454891,4.72081404452,0.5068359375
214.260742188,184.708007812,143.673828125,25.1716253835,25.101039849,38.319395008,76.6443906911,5.23379589492,24.8935481489,0.0125846918672,4.4416893375,0.5126953125
138.047851562,155.650390625,116.59375,37.1835693205,38.871393018,37.0541332251,61.7943793692,-13.0113346075,18.734482418,0.0173277296126,4.72522046086,0.5380859375
144.950195312,139.15625,137.517578125,51.6528985978,48.6065095788,52.4261169446,57.793285771,2.02027917256,1.78818233996,0.0422000959516,5.02418569393,0.689453125
106.541992188,103.578125,85.7978515625,33.6091707969,36.0539925786,36.1309893834,43.2250170498,-1.98234691797,10.5787935183,0.0401905402541,4.81941767215,0.775390625
124.008789062,117.796875,106.1875,15.7722722266,20.8325201664,11.507385536,49.7402135417,0.439943101451,7.16506225512,0.00564657803625,4.01235889941,0.2578125
104.798828125,133.330078125,95.76171875,20.6231191991,26.7936711568,20.5452021509,52.4818832817,-17.4735742076,16.8716771509,0.00693671405315,4.30653541356,0.375
112.540039062,101.89453125,94.37890625,48.2874324359,57.8946427366,66.9640979513,43.1158662205,4.05694326228,6.67690346972,0.025383008644,5.00476760717,0.5224609375
162.303710938,141.931640625,116.990234375,42.8032214615,44.084560245,50.0710423262,59.7643511728,3.94456466588,16.4374425227,0.0213363990188,5.07392346616,0.55859375
76.978515625,96.0390625,57.2138671875,40.3478469955,46.0573101459,40.7376342804,37.747588586,-14.199671153,19.5533289414,0.0261430218816,4.87490458124,0.5927734375
152.82421875,133.12890625,93.1806640625,26.8640304534,22.3111647091,22.0438478421,56.3484090058,1.6385592636,24.2674779365,0.0112752616405,4.21732566273,0.341796875
86.1923828125,67.095703125,43.8544921875,37.3343620598,31.8188018852,25.812108792,29.5819653013,4.97492183551,16.915367648,0.0229887720197,4.712217379,0.6044921875
95.32421875,85.86328125,53.82421875,30.6207005811,33.2626981653,22.2676448508,36.4505514506,-0.912736174717,19.9186202709,0.0471948347986,4.63051744839,0.72265625
100.618164062,95.619140625,90.55859375,65.4751839183,62.2972764193,64.5123874095,39.504875272,0.949507697849,3.63181932552,0.0319923609495,5.25016203872,0.6650390625
152.401367188,139.8984375,105.567382812,23.2604151337,25.2223982317,23.7658119771,58.3466628285,-0.735103606053,20.1104314013,0.0133294984698,3.98330906726,0.2978515625
118.495117188,109.641601562,113.896484375,25.2882209098,25.5446045966,29.7105342768,47.0393856074,4.5790197359,-0.976527169805,0.0323860906065,4.44307552746,0.5009765625
99.9111328125,99.7099609375,92.150390625,46.5007446291,45.2030019485,45.0468813936,41.4650055713,-0.976121318513,4.35444278962,0.0424127280712,5.00905743873,0.7646484375
208.456054688,219.34375,216.421875,40.1869656659,48.7275288755,56.2905040803,86.2812566845,-3.97229346783,0.46043814975,0.0302012935281,4.01790284718,0.388671875
117.555664062,128.91015625,119.951171875,41.0441933501,34.440728841,35.9444226837,52.6531873225,-5.05105960058,3.57187331192,0.035866998136,4.82816047765,0.6943359375
90.8876953125,86.4150390625,72.7109375,32.903595052,30.2535607473,27.0422563846,36.4619975643,-0.641812510908,8.61938399164,0.0239189304411,4.45979705484,0.4150390625
154.461914062,137.092773438,111.600585938,59.4470000512,60.7800705744,67.8349015393,57.2177586225,3.26691811235,16.3897217948,0.0536101460457,5.32342762225,0.6865234375
129.067382812,117.633789062,112.034179688,60.3554441558,69.6720811901,69.9173605645,49.2669714311,4.4391149698,5.07441887441,0.0534733310342,5.17747159583,0.5810546875
161.452148438,159.068359375,135.788085938,39.671055344,44.0831203395,46.6032226983,64.836030574,-2.45566626616,12.5567821241,0.0259013622999,4.93130815038,0.6376953125
107.026367188,112.37890625,111.311523438,43.7870411062,43.6300698206,57.1570241885,46.6911605361,-0.516044490309,0.733857884562,0.0371782332659,4.91706342075,0.595703125
133.6953125,125.135742188,93.7529296875,27.8953285162,30.2376997822,25.5343000628,52.2266416203,-1.79275498394,18.2941633144,0.0211267974228,4.61066701523,0.6533203125
116.814453125,131.215820312,75.1083984375,45.8053663666,47.2911868246,31.256202006,51.9878356584,-14.2970447169,27.7276290123,0.0628065019846,4.95418473087,0.759765625
140.533203125,106.208007812,75.025390625,35.0559384331,36.0371809724,37.4703181991,47.4913464448,9.80823813657,23.209661245,0.0456176288426,4.84072922515,0.796875
135.567382812,126.006835938,112.076171875,57.5226632527,55.5177420275,60.0671991739,52.3214362555,1.39996953917,9.18340860659,0.0223585367203,5.06026056215,0.6123046875
150.826171875,146.09375,144.415039062,64.7124578861,76.2520171352,89.1121386254,59.6997713976,2.79393843641,2.71012212827,0.0387776792049,5.05177503405,0.4453125
65.1435546875,65.8681640625,67.365234375,49.409757322,43.5637015857,38.8610229388,27.2460671395,0.612292431203,-1.01048019527,0.0274927280843,4.87889156419,0.5654296875
154.859375,153.712890625,150.26171875,34.5489879499,35.9034837632,37.4850993752,63.1695787854,-0.201810020466,2.02371241852,0.0153711307794,4.55006824679,0.3837890625
152.703125,136.889648438,114.983398438,45.0250987948,43.7034856558,53.0783316872,57.8804186462,3.10177669896,14.9118606716,0.0142813250422,5.03026321781,0.6650390625
117.426757812,112.954101562,120.952148438,43.7032395962,39.247223762,37.9921437098,47.9256325572,3.94205803074,-3.75969412733,0.0485068522394,4.85307700814,0.6767578125
89.2353515625,103.448242188,112.924804688,56.0196348833,63.4456372309,64.610772808,41.7028537297,-2.43504295129,-6.99714331495,0.0251526813954,5.05129017816,0.62109375
50.5302734375,52.1171875,45.001953125,24.978018882,27.7533770732,23.8184046996,21.0711194295,-1.92922042833,4.12329296104,0.0143213076517,4.43665315482,0.5390625
131.77734375,139.249023438,83.1943359375,30.8735645285,29.0131216782,34.979714087,55.9923524123,-11.8244557623,29.0676839084,0.0236617438495,3.79104986866,0.365234375
124.401367188,137.311523438,96.29296875,43.0014311863,36.6046981918,30.9180511686,55.047793627,-11.2575642275,19.8709580895,0.0191735439003,4.67433661618,0.3291015625
128.641601562,129.681640625,79.8759765625,69.8065229912,86.090739596,50.7923665623,51.5766282271,-7.04936896156,25.7161089139,0.0790662690997,5.07395246486,0.650390625
80.810546875,81.3955078125,64.7529296875,50.0256305996,51.0614368323,54.4318353397,33.2842183206,-3.02711859797,10.01534142,0.0528111644089,4.71020420913,0.560546875
145.823242188,122.763671875,99.265625,43.3733902668,41.4336443412,35.1113984731,52.6901188093,5.52585684667,16.2092772033,0.0524093806744,4.94310007147,0.7841796875
142.540039062,119.372070312,108.055664062,51.9373905534,61.4694032853,62.9452408592,51.3390857484,8.13456645181,10.5426307102,0.0252869911492,5.12976778664,0.501953125
103.819335938,102.509765625,81.904296875,66.9169084308,61.7910565556,72.9443857952,41.8158187929,-3.0694257241,12.2819561191,0.0208929479122,5.09641753428,0.59765625
131.990234375,115.993164062,105.157226562,83.7358774377,83.6182321168,87.1983174658,48.0364127188,5.09475623615,8.67305418811,0.0289381667972,5.24029924818,0.5615234375
137.552734375,160.182617188,75.5126953125,23.5141071425,23.6474110507,26.6298014113,62.5943238085,-20.7835261506,40.3616543493,0.0130021031946,4.00224312329,0.34375
137.749023438,121.03515625,107.390625,65.6238727509,67.5441459689,71.4430481633,51.0126458731,4.81057217591,10.4997657479,0.0728578045964,5.08180421526,0.7158203125
164.287109375,164.524414062,165.975585938,50.186814965,48.4758053139,47.0964600834,67.1461503375,0.481663237616,-0.722185652847,0.0366903245449,5.10879191966,0.75390625
101.396484375,97.5810546875,96.087890625,28.2006452744,30.6792133742,28.74799738,41.3449046895,1.36904635089,1.38350721983,0.0327355191112,4.66082694773,0.6806640625
163.809570312,157.61328125,157.887695312,51.2214846949,57.1809325069,51.963348007,64.9321654676,2.59907309056,0.816207104894,0.0156452599913,5.04635612875,0.7109375
120.237304688,110.6015625,95.142578125,52.6528034384,34.7101479766,31.0263431354,46.8515324052,0.960595572014,10.0173281069,0.0162305980921,4.9181807493,0.5400390625
172.524414062,166.03515625,138.853515625,47.1303605792,52.1208288047,51.9813671108,67.5308822488,-1.79280884941,15.0829682445,0.0214547254145,5.11684802726,0.560546875
182.774414062,159.41796875,134.919921875,41.6322592399,50.2171175584,59.5565434587,66.750176589,5.69241883059,16.515172677,0.0212797783315,5.05941553892,0.6064453125
157.517578125,136.999023438,105.450195312,53.1271294021,50.6721905732,45.8969151073,57.4829368084,3.13253692711,19.8053101918,0.0455094315112,5.12067247526,0.7919921875
101.725585938,99.6376953125,98.2275390625,68.1867831199,60.3998605079,59.8039438711,41.0351700735,0.374958117489,1.00925151872,0.04574521631,5.15583374612,0.662109375
113.016601562,114.854492188,88.779296875,57.1305276129,62.3292301335,48.5431722427,46.582328225,-4.55623989947,13.7264597816,0.0311082806438,5.19274630487,0.703125
97.2548828125,97.2548828125,97.2548828125,44.907092411,44.907092411,44.907092411,40.5382289539,0.00376671242119,0.00172307234047,0.0604200288653,4.94603929934,0.7451171875
52.6279296875,73.44921875,60.2333984375,39.5634039343,33.29580608,34.8818208184,28.7963258333,-11.311343161,5.53706598926,0.0269582681358,4.38438878093,0.3623046875
205.428710938,198.551757812,196.8984375,63.247659263,64.6229694498,69.3928991373,79.6463871138,2.1978699774,1.9751955737,0.0244840458035,4.47177126065,0.34765625
118.657226562,111.659179688,86.61328125,55.2828547545,48.2704787106,38.7919991572,46.2681540285,-1.65567835605,14.6989895564,0.0136024467647,4.97189118666,0.51171875
93.236328125,93.1640625,87.240234375,69.6257209946,70.9431470598,68.6793024449,37.8671223188,-0.912925281611,3.34410191782,0.0474529117346,5.04108339414,0.6669921875
102.400390625,103.91796875,82.1552734375,38.3255972699,34.0480633021,38.2569222638,43.1243003645,-3.80205749501,11.9049868929,0.0210900884122,4.73772724081,0.5595703125
102.54296875,83.587890625,57.2734375,39.0374933629,38.5601965712,35.0752182468,36.3492189267,4.23750650001,18.2798306294,0.071369022131,4.87721537664,0.7724609375
140.236328125,116.051757812,89.19921875,62.1924998665,48.6558210566,38.3598473669,49.9841997973,5.85676792134,18.0600579812,0.0314494296908,5.09481710434,0.73828125
66.8251953125,63.896484375,62.4228515625,25.5495786024,22.0166180876,16.3572752734,27.054694908,1.20213195814,1.17462794892,0.00386817799881,4.26592400541,0.2353515625
96.8408203125,92.84765625,93.19921875,46.1547271849,46.3087489453,46.362040804,38.9814342576,1.71639692139,0.442099156715,0.0172559972852,4.92219548591,0.4580078125
184.65625,168.637695312,154.915039062,54.6879910692,50.5030029367,59.7360372709,69.7523486857,4.82941213775,9.58695535707,0.0575032755733,4.82788942043,0.64453125
173.415039062,181.029296875,195.896484375,32.0706100915,35.335544487,39.4833952854,73.2812621575,0.435279631403,-8.34696587035,0.020413659513,4.42304433577,0.5537109375
117.6328125,105.63671875,87.2880859375,45.6128401765,36.036126342,34.9281351303,45.0674515059,1.89983597285,12.2770548901,0.038857229054,4.88334024453,0.7197265625
110.309570312,110.487304688,81.513671875,85.6298177603,80.9561623933,84.4330229232,44.1340253836,-4.5841967976,16.0472647365,0.0704865008593,5.15582535195,0.6533203125
86.537109375,72.064453125,51.5166015625,80.5346186107,69.1520188076,52.9964411188,30.4303742534,2.68188992375,13.2109437005,0.0245111398399,4.53127473129,0.5849609375
136.120117188,115.962890625,107.190429688,51.8888933352,41.3972347479,37.9829817234,49.9702053776,6.51690749262,7.72181829823,0.0491180941463,4.94267663831,0.705078125
112.97265625,128.821289062,105.69921875,39.0998975279,42.3426809816,37.121545496,51.637934465,-10.1117173797,10.5275541525,0.0368023775518,4.88080389223,0.7548828125
78.3828125,85.26953125,49.5595703125,21.4124748591,20.0548468993,13.7690339214,34.6549369039,-9.24909100612,19.8165713994,0.00993639789522,4.1911941287,0.310546875
105.071289062,105.009765625,103.469726562,77.0487226374,75.70243906,74.0704707046,42.5872925222,-0.207950941104,0.820331174183,0.0416699275374,5.28015283872,0.6689453125
126.768554688,119.962890625,125.112304688,56.5380312014,56.984377912,56.0982683152,50.2314267201,3.73661215216,-1.94872312842,0.0250349398702,5.04490292517,0.4814453125
140.689453125,103.356445312,96.919921875,62.210260016,49.2439409489,48.8405152639,47.2259099779,13.7456463574,10.176170722,0.0330489091575,5.08689359439,0.7373046875
73.13671875,61.5419921875,57.2763671875,53.9099623665,47.7067682479,38.0522973303,26.2614307028,5.01294251044,4.01961974433,0.00881040096283,4.86318539904,0.5029296875
123.884765625,91.1142578125,65.705078125,20.6800024731,21.9538229835,21.4683390971,41.3703416595,10.1288465457,19.9683440318,0.014528889209,3.71905914671,0.291015625
141.940429688,137.051757812,118.728515625,50.3942015805,52.2761247566,46.4571220251,56.3570899539,-1.23067476668,10.5487881367,0.028251869604,4.80926396584,0.5751953125
118.018554688,148.197265625,100.827148438,18.5314515024,26.7899845796,17.462638837,57.9994398739,-19.376872632,21.6968397357,0.010829642415,4.03887077509,0.302734375
101.427734375,99.3896484375,84.5859375,52.4472265668,55.2073818437,55.1435133798,41.0019378905,-1.78173213442,8.87445733582,0.0281640011817,5.07303282855,0.6640625
119.622070312,118.935546875,117.768554688,90.4580074646,90.5167011636,89.0997627501,47.8251993344,0.0609066061456,0.712759267514,0.041305821389,5.06902917059,0.6630859375
173.931640625,158.162109375,150.510742188,40.9048917704,45.7316293573,50.82093528,65.9301049695,4.89789295247,6.41475589653,0.00886715017259,4.98947803624,0.5771484375
124.041992188,102.840820312,73.703125,29.080659554,28.7892234767,25.9623704182,44.6678792834,4.21947517224,19.6139134034,0.0203039422631,4.38485610792,0.478515625
141.106445312,146.051757812,100.58203125,36.2782944191,43.6423928531,31.313265793,58.7604361028,-8.98458325278,23.2200516475,0.0272392295301,4.67942510862,0.53125
106.096679688,91.1904296875,61.2685546875,45.3041094463,42.1049408172,36.5469938735,38.8389257295,1.55549242088,19.4338850769,0.0154432989657,4.79813849516,0.5615234375
110.869140625,87.90625,64.0078125,46.0135262132,48.8455893768,48.364197937,38.7254876701,7.01128694759,17.4807368176,0.0391853749752,4.98779804909,0.7041015625
165.938476562,161.626953125,141.088867188,52.6340283603,61.5260797734,70.0319047903,66.4757922872,1.11417135418,12.8067773385,0.0529283583164,5.12295139018,0.78515625
100.703125,106.439453125,51.3076171875,31.8039611269,34.7467153081,13.711882556,42.997718749,-10.5786356786,29.0225299862,0.0175489969552,4.55181317902,0.57421875
115.97265625,99.796875,81.7080078125,81.4037681626,69.1671276889,65.8090847756,41.6193454334,3.27057425193,12.3420166637,0.0453434810042,5.197045654,0.728515625
45.0859375,51.06640625,30.4404296875,39.6070350332,37.0507660121,34.3720505299,19.4993686793,-6.72098500369,11.4035551314,0.017827026546,4.34118640671,0.44921875
101.046875,121.426757812,49.9296875,28.0984553554,33.9176753048,18.6199379001,47.814940352,-18.4150369026,34.9335964941,0.0130259804428,4.24785045441,0.3837890625
104.208007812,100.530273438,45.9150390625,74.4426208772,63.4052185531,48.7558450863,40.7197814252,-6.14827983111,29.9481000934,0.0464650318027,5.08088849455,0.7431640625
117.95703125,111.724609375,103.287109375,62.1278617092,51.7146272889,39.3529401231,46.7178296015,1.67107810346,5.00919186055,0.0222244076431,5.00158017314,0.591796875
139.344726562,131.891601562,125.430664062,61.1820837708,60.9439176731,64.8267905318,54.556658093,1.87611482969,4.75123820085,0.0292609520257,5.202741738,0.509765625
185.842773438,177.6875,166.336914062,63.3898041644,78.8291021372,89.6379151077,71.793321139,2.03151062256,7.92585375235,0.0640211030841,4.1587443952,0.5634765625
112.78515625,108.095703125,105.03515625,48.5509632208,55.2331229622,47.3506774467,45.164999857,1.78888941941,2.27903105724,0.0267801675946,5.09872629045,0.720703125
143.286132812,136.998046875,118.85546875,36.3635232524,30.1612203821,34.8933168937,57.0141204645,-0.4006741202,10.6846360319,0.019236151129,4.57906395984,0.51953125
115.118164062,117.625976562,104.987304688,28.0683231387,21.7715802833,17.8655688341,48.9080364777,-2.9418913788,6.5925983415,0.00803376175463,4.27746116274,0.400390625
139.353515625,120.647460938,97.7470703125,45.0047092517,53.4773219075,63.7237652147,51.4363975888,5.08715364614,15.6281500196,0.0186827257276,5.0231343476,0.591796875
124.15234375,107.466796875,84.044921875,47.0197996275,47.2493062851,45.7618019015,45.7313700503,3.19671683475,15.6505723758,0.0138927344233,5.05699519929,0.71875
165.151367188,125.713867188,136.21484375,64.3733126151,78.3342520362,54.5083380804,57.8735264899,15.6472497656,3.08569545861,0.0300866719335,5.22795634844,0.6865234375
128.740234375,131.624023438,119.5234375,37.6048131885,38.955080414,28.9949052216,54.0710606672,-3.12505621798,5.89907970682,0.0177755393088,4.77891643251,0.5478515625
146.827148438,150.573242188,110.6796875,37.282630492,43.4152203073,49.1951524533,60.9127450315,-7.22269670413,20.6954253016,0.0398839786649,4.95848439415,0.7392578125
204.94140625,199.416992188,192.091796875,59.3051438106,62.3940425618,66.9184538372,79.907376499,0.774672216678,4.57846535804,0.0423575639725,4.24194566005,0.5615234375
107.484375,101.66796875,81.8955078125,46.1963344689,40.9068720037,35.839428948,42.5196138791,-1.17210272013,11.9519734448,0.0195924174041,4.89861605433,0.3583984375
146.879882812,148.107421875,134.314453125,48.7341944088,48.0868170725,42.6467451189,60.3341889921,-2.79071750835,6.9545504897,0.0219231825322,5.01267228348,0.5478515625
109.106445312,113.651367188,115.474609375,42.6577197258,49.1100937357,54.3850685707,46.8900244948,-1.16943592333,-1.32611675021,0.00991910323501,4.76363618605,0.376953125
128.174804688,118.3515625,113.370117188,76.4061522875,73.1344240555,72.12734727,49.0658305418,3.50719782364,4.13782444147,0.0345169082284,5.34546163581,0.697265625
187.446289062,157.21875,144.802734375,61.7342389259,64.8758805937,65.7166781677,66.2273991554,9.69864116272,10.9992277033,0.0285799149424,5.12828408104,0.6083984375
99.447265625,98.7470703125,105.177734375,62.3746489245,48.8392161524,39.2921704732,41.327421926,2.63952038555,-4.04634179531,0.0185160897672,4.72299403668,0.5615234375
131.372070312,130.021484375,129.727539062,41.3070774761,34.6575254407,31.3712488949,54.1588219152,0.895296092114,0.262420877073,0.0193495620042,4.49664565804,0.4873046875
135.66015625,151.127929688,156.147460938,43.2242035421,51.590903552,66.1349733544,60.891888247,-3.72732674762,-3.7829159267,0.0132888285443,4.91672250147,0.4658203125
103.380859375,89.2890625,66.5849609375,40.7755319847,34.8045103811,26.1841549251,38.229248693,2.11225572877,14.8676934772,0.0381553061306,4.76290123374,0.7626953125
111.579101562,91.3984375,87.8037109375,38.5566191927,35.3754339293,35.174336263,40.2133683954,7.74876239893,5.14794820452,0.0276229307055,4.84777119335,0.7626953125
117.875,120.028320312,99.0791015625,42.6970157769,45.5097879529,36.4024084987,49.2119972806,-3.88722617323,10.8177297964,0.0216546319425,4.86230760918,0.521484375
134.423828125,123.521484375,111.950195312,65.8761863819,60.7380029897,56.5248878741,51.4261743337,2.33039920381,7.70599424196,0.0415015518665,5.29055745023,0.7470703125
98.8388671875,96.3369140625,91.4912109375,56.4245591224,51.726016905,47.9944243272,40.1394419204,0.686135897241,2.92034778488,0.0270169191062,5.15936259785,0.6083984375
148.828125,131.157226562,113.209960938,57.1634661758,58.3099182719,52.7802773223,55.2620477058,4.14627809211,12.328399127,0.0475048944354,5.10625481587,0.6298828125
130.00390625,138.069335938,67.7578125,36.5077847057,41.6428743195,19.4558780055,55.0403478359,-13.4493796676,35.6696271275,0.0280584953725,4.72185106915,0.60546875
133.884765625,131.754882812,128.905273438,19.0015008233,20.4682842405,23.2371396624,55.0822134367,0.434589492224,1.91494592158,0.0187638197094,4.30633596501,0.4814453125
124.491210938,112.583007812,97.29296875,70.6456546187,72.0951177288,76.2457613408,46.7852196332,2.58169769888,10.7536060152,0.0136442892253,5.09328193499,0.57421875
142.224609375,139.775390625,134.396484375,90.7494099706,91.9201544005,95.7704318286,56.0245641572,-0.0558002111359,3.65097164182,0.0375933200121,4.40372323186,0.5400390625
163.823242188,137.15234375,101.728515625,36.088392552,36.4607322267,32.813966148,58.4804028173,5.20395730678,22.8463174133,0.0444239601493,4.82558843382,0.708984375
138.518554688,121.78515625,117.879882812,77.589273478,85.0266199951,85.1155362855,50.7980239208,6.76798581626,5.04819945414,0.0298644378781,4.95791578047,0.44140625
163.46875,137.5546875,120.23046875,66.4696168256,76.232457879,76.3434852724,58.2144188329,8.47444777151,13.4017012115,0.0640557259321,5.07167733535,0.7802734375
96.5634765625,107.700195312,64.119140625,17.0601496213,23.5947839169,13.9629624771,43.4997725282,-11.6286780253,22.540504521,0.0120285451412,3.83191867717,0.1943359375
97.3125,97.095703125,55.3583984375,48.9668653913,37.4750258127,44.6126938101,39.8916301704,-6.44594318458,22.7495699004,0.0261339396238,4.88487303,0.6162109375
133.4765625,130.140625,115.981445312,68.0010874044,68.9794873693,73.427969112,53.0485111891,-1.2343989405,8.49067817196,0.0191283635795,5.18821041154,0.591796875
128.723632812,152.340820312,174.8203125,54.4779089769,41.9876522692,56.7973107574,62.0395834784,-0.190376087607,-13.4041239623,0.0216741319746,4.66191384396,0.3974609375
109.708984375,123.930664062,100.66015625,58.908904759,55.9039710717,46.5956230171,49.4741975519,-9.0798028571,10.3886788539,0.0295703019947,5.08124461823,0.6904296875
138.356445312,129.541992188,115.47265625,33.7000918237,36.0264143863,32.735463651,54.2302584014,1.00200116082,8.8103007363,0.0256071407348,4.68256999706,0.580078125
54.3671875,47.220703125,46.578125,46.4112259275,30.9934803044,20.6629326841,19.7705305417,3.34621119013,1.06980987869,0.0138522256166,3.21031271952,0.263671875
120.348632812,111.466796875,84.791015625,43.0295880453,41.7958542059,47.0221365479,46.7541483601,-0.763869823593,16.3412726272,0.030685018748,4.84875174918,0.6591796875
119.450195312,91.609375,76.1083984375,28.1636099558,24.9332654221,23.5482999273,41.1737397965,9.26327765988,13.3729785593,0.0166611112654,4.35090982594,0.4609375
81.3427734375,85.0703125,81.1708984375,71.0315503082,71.6999698825,71.410873023,34.5399852001,-0.614221697598,1.79730329054,0.0551477596164,5.12180060434,0.814453125
187.950195312,198.678710938,215.130859375,39.3578888907,43.9157273568,50.1618908904,79.3279882127,-0.310086152479,-9.26177435355,0.0204127132893,3.98090056641,0.2734375
106.8125,106.046875,128.143554688,34.0484489368,31.9415321268,43.2580138152,45.5139386096,6.23180561488,-11.5798804671,0.0226651653647,4.38530875313,0.384765625
143.357421875,94.033203125,85.79296875,37.9509241024,66.298205274,52.382551937,45.5735907803,19.1242945406,15.5521749363,0.0236942060292,4.77927748316,0.5048828125
167.431640625,151.483398438,122.421875,51.4374545759,39.7836644713,37.6658280091,63.0137559715,1.28127826587,17.5625043744,0.0390241593122,4.97859139057,0.748046875
135.157226562,128.02734375,131.221679688,58.9115107608,59.911680068,61.5218669737,53.302394143,3.41650994567,-0.670393931234,0.0314165204763,5.2343181775,0.6181640625
178.672851562,169.852539062,142.194335938,46.5828332834,50.4512714838,54.0165838896,69.1472922305,-1.03950775429,15.6248887808,0.0344488359988,5.08722703501,0.755859375
126.81640625,152.547851562,112.077148438,26.0061118938,18.996135896,20.9811789095,60.192509539,-16.6498116677,18.5224840118,0.0180289074779,4.30474370928,0.37890625
166.713867188,155.337890625,151.723632812,52.1498663249,46.8332427534,47.7162305745,64.4389608353,3.67289576874,3.42871742055,0.0480039864779,5.04169336309,0.59765625
141.547851562,139.375976562,125.740234375,64.3397935834,62.8507054908,66.3757864121,56.9126747467,-1.13820214088,7.59870922281,0.030887093395,5.18248433489,0.703125
140.704101562,137.580078125,116.986328125,51.1894205872,53.3802821742,58.3493135453,56.3566192122,-2.24793934316,11.7282069033,0.0322615429759,5.16155621386,0.64453125
117.4140625,74.4345703125,36.107421875,53.5104074783,37.4176128341,24.8828541227,35.3703522851,14.0837047734,29.1976812859,0.0441050305963,4.77558225789,0.5966796875
145.90625,153.045898438,153.546875,49.9922357253,51.0287224073,54.4024333634,62.0919520357,-2.43587908596,-1.02393402103,0.134887352586,5.1323019059,0.7939453125
105.440429688,124.782226562,140.194335938,65.5497363515,65.2320110838,68.5031386652,50.1486193982,-2.86870930403,-10.7162943452,0.0468050986528,5.20826411101,0.654296875
115.58984375,125.06640625,96.68359375,75.8878550064,62.2944078265,58.3896987348,49.9410504484,-9.10056322932,14.6124487344,0.0407243482769,5.17580052278,0.736328125
131.137695312,131.5859375,132.866210938,41.2016476195,45.9453908773,51.8326886077,54.4199196092,0.414920865665,-0.421069380919,0.0532341822982,4.99205543497,0.7275390625
156.173828125,108.510742188,82.6162109375,50.3728002253,41.9187490895,24.5619865344,49.8590255991,15.8621283201,21.8530496063,0.033098846674,4.87772222691,0.5986328125
150.046875,151.413085938,126.69921875,27.2688751645,28.0114768724,31.869934637,61.7687183305,-4.74604600922,12.9222549621,0.0228278767318,4.64427953943,0.6591796875
60.1689453125,55.513671875,49.8212890625,69.3040443195,64.1571085594,59.0119682636,22.6054489501,0.838856012028,3.65773430177,0.0211807638407,4.5244728132,0.4658203125
132.0078125,137.35546875,140.846679688,38.9201398085,50.8090463288,59.1589897073,56.3273963171,-0.48268224074,-2.07612803171,0.0408423990011,4.63492168697,0.5537109375
108.3046875,104.619140625,81.5107421875,61.4613456514,56.3755670083,58.416271895,42.8705769665,-2.49984205595,13.4365814047,0.0173126682639,4.86757227102,0.45703125
62.46875,88.3046875,75.96875,38.7477191869,38.8809648948,33.1106543229,34.866090147,-11.870940919,4.20237373537,0.0306759178638,4.84532038343,0.7578125
62.2666015625,46.380859375,22.765625,57.1840693795,41.1382656326,23.9250079594,20.5228856704,3.72047312899,15.9378630433,0.00925401598215,3.82589546675,0.30078125
140.057617188,134.326171875,130.283203125,56.848221723,57.9063854103,58.0552662264,55.5481500642,1.62685278864,3.03802699865,0.0199364647269,5.14175192461,0.6416015625
184.493164062,184.262695312,176.654296875,36.8278558824,45.6919707004,57.9839654989,74.3756540698,-0.728470729003,4.3762635026,0.0455937385559,4.85272041268,0.39453125
93.076171875,95.146484375,39.8359375,32.9385089177,36.0925192883,22.7261301093,38.6882631414,-8.87662419079,29.89601029,0.0680181905627,4.67640781977,0.7822265625
116.799804688,122.384765625,142.908203125,65.2072863664,53.3310196653,55.4949442648,51.3005777494,5.69028718123,-11.6100713246,0.0218233764172,5.09371729982,0.603515625
79.935546875,70.095703125,47.447265625,32.6577563363,28.7986107571,25.161104973,29.8197069372,0.406945006581,15.1279056189,0.0146477203816,4.41862467525,0.392578125
127.377929688,104.515625,84.5,29.499416394,25.8430084159,24.4095108257,45.8025656747,6.22145316701,14.7627065946,0.0329821072519,4.40496900765,0.59375
151.362304688,128.874023438,104.157226562,62.128478469,72.6175014216,74.8606758427,54.5897257046,6.87502531369,17.0267806176,0.0660295784473,5.25999998406,0.7021484375
155.78515625,146.998046875,76.7138671875,46.0915013686,48.1175318484,45.8201004427,59.8270097984,-5.84426958157,36.7821630129,0.0446671545506,5.03474231412,0.6962890625
99.927734375,101.736328125,95.591796875,46.8982926747,49.679331174,46.1326781708,41.9670734181,-1.60642790378,3.15632732351,0.0164615288377,5.02337331226,0.642578125
114.201171875,111.80859375,92.6376953125,59.6805342679,61.6388365898,60.1938485177,45.9859521891,-1.80342085546,11.0719978514,0.0424394533038,5.07949781486,0.7275390625
134.400390625,144.016601562,116.140625,37.1209993615,35.3697919887,29.7765071971,58.078977864,-8.59532308114,13.6286497657,0.0154669554904,4.66491060908,0.5068359375
96.037109375,116.950195312,37.9150390625,46.6559736035,59.0764902409,30.2694541073,45.3247968433,-18.3934504399,36.885782444,0.0312546677887,4.83322609354,0.6123046875
132.870117188,143.182617188,118.94921875,23.9376983834,24.0450596412,21.467075066,57.9024009503,-8.30024028421,11.6314561539,0.0110292620957,4.29146599393,0.2333984375
160.4921875,103.784179688,50.2001953125,48.4060778876,49.1146548398,60.0442216591,49.4057733238,18.8549062372,36.6746727743,0.0498209781945,4.84494388935,0.62109375
136.709960938,142.048828125,90.763671875,48.8874350629,50.8435056712,47.6204969225,57.0167132421,-9.92990458597,26.6022888508,0.0493680015206,5.10015983748,0.8076171875
98.5126953125,101.473632812,94.7041015625,43.1228241634,35.8741464414,32.5843757908,42.1320937685,-2.43103361208,3.36544394043,0.0160305500031,4.79824118118,0.56640625
108.260742188,100.03125,77.841796875,59.4561894072,60.5493648682,59.7767524044,41.5257533317,0.496021194434,13.5362774186,0.0271356962621,5.15889689779,0.6787109375
118.567382812,108.620117188,72.912109375,53.2330642687,50.5145904973,52.1485454338,45.1725549057,-0.935881619641,20.9095472181,0.0267279911786,5.04396732534,0.6689453125
121.993164062,96.1845703125,81.388671875,58.2284777178,48.3034244812,42.9402440512,42.2657341661,8.27639387189,12.4218984845,0.0463738627732,5.05327075503,0.732421875
146.53125,128.12109375,128.692382812,57.247808023,53.8667426276,53.7114514801,54.5716196703,7.64432238992,2.44755530338,0.0767586678267,5.15366939055,0.7275390625
141.880859375,129.030273438,103.838867188,65.5246067273,60.5534698951,55.6506999363,53.5137124907,1.48710710689,14.9853078265,0.0534748136997,5.07629079705,0.7099609375
164.669921875,154.392578125,113.951171875,51.223854169,54.2697453229,58.9130844725,63.215236696,-1.96018200207,23.0135038244,0.0365496724844,5.04100211633,0.6748046875
126.143554688,112.994140625,112.784179688,62.2721620428,59.9813933132,60.6529035633,47.6983720587,5.29126619389,2.17241810505,0.0185553301126,5.04424880811,0.5859375
55.734375,56.3662109375,48.0576171875,40.3189402559,35.8538111274,38.1163361132,22.8381181744,-1.86812832589,5.15386983378,0.0209994129837,4.57557650718,0.431640625
129.927734375,128.44140625,115.65625,37.532000049,28.0258057069,34.0729485122,53.4724177452,-1.76983946824,7.39600235818,0.0175559297204,4.74737062243,0.544921875
167.158203125,146.690429688,91.1572265625,82.449987037,80.0370328483,56.9111465367,59.7651857408,0.49734989344,30.8820649671,0.0255485903472,5.19780943145,0.4208984375
98.5654296875,88.37109375,89.5673828125,52.8517939639,44.5137025117,45.8875509758,38.0591220164,4.3567937439,1.11651700217,0.01250343211,4.7463462177,0.4130859375
107.341796875,111.20703125,104.4453125,54.2231569813,50.6509396254,53.1438471853,45.7635792651,-2.60425589731,3.51906530507,0.0262790601701,4.98142584253,0.6484375
101.66015625,121.778320312,90.53515625,45.9769360316,54.6105590779,40.6581203256,47.9407192692,-12.9827772929,14.3793991893,0.0385156311095,4.88305625564,0.576171875
138.065429688,131.890625,120.610351562,36.1775490449,35.9260817458,34.9714661908,55.0502317022,0.462806836318,7.03560404493,0.0525017678738,4.87094277643,0.7802734375
139.532226562,135.586914062,107.505859375,83.2895043782,82.8492151197,69.4947443834,54.4757612099,-3.13806259391,15.223734315,0.0197771042585,4.970832201,0.478515625
89.04296875,77.6064453125,39.0478515625,65.1613240633,35.9763431041,25.058031383,33.5262784072,-0.562964469566,24.5388122897,0.0150993373245,4.61613126217,0.40625
97.869140625,107.326171875,93.6015625,35.5623690799,38.8680040253,33.5754664999,43.8363706503,-6.21938913941,6.47550738809,0.013329602778,4.70438810482,0.490234375
165.23828125,163.821289062,133.447265625,72.7242481496,73.9075799028,95.0951679587,65.6060643234,-4.07195286092,16.9208857649,0.0622728914022,4.57186188074,0.6767578125
132.442382812,113.657226562,88.0712890625,50.594711238,47.0060946693,43.0336872483,48.4084637287,3.65733150191,16.8033656674,0.074434414506,5.0301947035,0.861328125
157.544921875,163.192382812,149.796875,41.4676777084,37.3128022992,39.9529966756,66.0106835034,-4.53688308614,6.36616092819,0.0170413516462,4.90094065252,0.5478515625
137.880859375,135.427734375,112.135742188,63.6413708743,67.861406992,52.4906439937,55.0188339163,-2.47081257722,12.4630261334,0.0510045364499,5.1829751303,0.70703125
87.4443359375,79.484375,78.2509765625,43.9655496697,46.1649106423,50.1361865929,33.7639621702,3.37770940532,2.27017150848,0.0179636981338,4.92397757744,0.55859375
129.297851562,105.171875,73.7607421875,75.7092128955,59.3630066012,49.1757290339,45.1859507491,6.08902422019,20.3679995507,0.0188040956855,5.08763396676,0.6201171875
120.959960938,110.634765625,92.7841796875,47.0576582669,47.0205386717,45.6248855276,46.5753790487,1.31705718937,11.4406170258,0.0169918257743,5.05558571563,0.4658203125
146.798828125,127.62890625,123.645507812,39.216353993,34.9289874521,32.7287371239,54.6970724988,6.63246501842,4.82098587499,0.057234108448,4.82088161298,0.7060546875
76.009765625,76.28125,79.54296875,21.6770035466,18.8068149633,26.1162909634,32.4677724052,1.03183641866,-1.77172815389,0.00692798476666,3.41471776002,0.1826171875
148.333984375,129.44921875,105.815429688,46.0233018569,41.8999151552,38.6861888435,54.8319135302,3.65116578472,15.4239415403,0.0375030115247,4.92123888617,0.73828125
144.631835938,127.47265625,118.225585938,48.6324926159,50.7625757431,52.1335507979,54.043016592,5.21695529622,7.62573928192,0.0242902673781,5.08457104293,0.78515625
147.565429688,127.723632812,112.118164062,51.7241180769,41.68650191,42.3790639431,54.6481724163,6.34326969202,11.3702128505,0.0077583421953,4.94240804347,0.4814453125
137.333007812,118.065429688,85.0986328125,58.6775604297,61.4399686067,70.4478768843,50.2527412342,3.52262587958,22.0416245275,0.0273615047336,5.18153253622,0.7255859375
113.578125,96.7490234375,80.5849609375,56.9360228095,45.7279286222,39.8572968196,41.5163080435,3.98156193392,11.5480011755,0.0625752210617,5.09712858404,0.7802734375
84.48046875,94.02734375,49.6728515625,36.5666078004,34.6691285017,32.2778072534,37.7853808257,-11.1153254331,23.589978293,0.0337706021965,4.73663848446,0.650390625
127.029296875,101.116210938,85.4208984375,43.6450876153,37.0076687959,33.0681055145,44.5266220058,8.01625070027,12.85524083,0.0326578989625,4.84653865731,0.6328125
129.926757812,128.553710938,123.51171875,28.7198127326,33.6189156597,36.1562886151,53.5476230723,-0.16649966795,3.05361347587,0.0240940395743,4.77281322313,0.6298828125
135.0703125,141.529296875,105.907226562,51.3079030514,57.0309941869,62.1397601502,56.7870776981,-8.14565156585,18.7100887612,0.0406158268452,5.11438828366,0.728515625
107.96484375,108.53125,110.163085938,31.3508175976,32.4213140012,33.3867571264,45.4677489023,0.161364488946,-0.938011830616,0.0190884284675,4.64459457326,0.3798828125
105.190429688,80.6923828125,61.39453125,57.5544058693,45.1749863874,34.9062445358,35.720926284,7.33879809308,14.9484716838,0.0444927439094,5.00909908828,0.7080078125
219.911132812,212.194335938,198.373046875,39.6317880755,44.4937048649,53.9681573514,84.9522954274,0.581061662635,8.07224492585,0.0159360207617,4.38136684887,0.5009765625
112.342773438,134.208007812,65.2607421875,53.4524164719,68.5975916801,42.1159970655,52.3961242975,-17.3810627096,33.8707335236,0.0392089635134,5.15796926268,0.7578125
121.708007812,130.7265625,87.5009765625,32.5829424546,38.3814815055,28.7485393485,52.6125148447,-10.5434644467,22.0613289637,0.0214151144028,4.62488609463,0.4833984375
29.296875,116.495117188,126.338867188,37.6887664329,63.9043931239,68.1001346041,44.1961877561,-18.4917832363,-11.5569042872,0.0399540364742,4.18052534021,0.4189453125
173.25,170.260742188,156.19140625,72.6129911543,72.83545361,69.3256897136,68.4856840249,-0.877420968806,7.21867319023,0.0332233309746,4.77580552869,0.484375
77.1083984375,81.8818359375,96.748046875,46.4514927582,39.9879217867,61.1386024302,35.529975262,7.05823432341,-6.98485691702,0.0158989354968,4.79261245722,0.6240234375
93.25390625,79.9560546875,61.6123046875,70.624239379,67.9400946956,53.7048237199,33.449720182,2.77050552098,12.4515646766,0.0375124253333,5.09370415262,0.6689453125
153.106445312,136.161132812,101.936523438,77.1257052583,76.1964746373,49.257880021,56.190837755,2.12632599269,19.3611376207,0.0703820809722,5.20163616509,0.7412109375
76.3046875,62.5400390625,58.41015625,25.9550192622,21.0615809888,20.5738412487,27.5531676702,5.16727580768,4.68903211149,0.00210238620639,4.19300327064,0.1162109375
88.7900390625,100.04296875,64.0068359375,62.6217708935,69.7637202944,42.3359765945,39.201785128,-10.2174705946,17.7032698866,0.0297671947628,4.93597303184,0.6455078125
137.611328125,134.399414062,97.7890625,28.887161072,29.2304562053,26.1746395462,55.2303273948,-4.86064128337,20.1556469176,0.016272649169,4.25552985935,0.2900390625
158.73046875,155.997070312,146.184570312,55.157052131,57.3533540255,58.9003073611,63.4410102841,-0.667588476273,5.69307639899,0.023243829608,4.87729153611,0.4892578125
111.147460938,116.068359375,126.862304688,36.8470330042,46.2762933584,65.2773648389,48.5416371304,2.31044549716,-5.33843933587,0.0295365266502,4.84355376582,0.4462890625
103.654296875,107.54296875,75.353515625,48.285483442,43.9236076608,54.3971580871,43.9584688654,-7.18588804285,18.1835627028,0.0198173113167,4.71867191175,0.4853515625
78.814453125,69.4931640625,60.8369140625,43.5716761553,39.6683757091,34.4601185454,29.4591536213,2.38411753067,6.45496108192,0.0272768698633,4.88225095708,0.5224609375
127.612304688,115.168945312,71.541015625,50.4585524233,51.3742755087,31.2564724132,47.8790281819,-1.37058470854,25.1996384888,0.0411926060915,4.75931885026,0.5078125
117.229492188,107.013671875,97.7841796875,49.2302572792,43.1690197503,36.3270638785,45.6763711952,2.6464951544,6.96026818368,0.0343310981989,4.99148013724,0.8037109375
114.259765625,121.606445312,81.2021484375,41.7961583156,36.7487828968,51.1076448545,49.3078725299,-9.5189354357,21.4008574988,0.0200935583562,4.76941049851,0.5068359375
111.578125,112.852539062,108.350585938,68.1052562416,64.8773989004,63.6619117178,46.1971504189,-0.952330590355,2.36663552394,0.0301207751036,5.17928438195,0.6748046875
221.424804688,218.880859375,215.028320312,46.3205565062,51.9257795971,57.6462320117,87.0296827228,0.527773902121,2.44573812333,0.076022580266,4.02896600235,0.580078125
134.985351562,143.891601562,137.049804688,46.1003361849,47.0140330589,43.1391559642,58.3199987476,-4.53785614643,2.43163122917,0.0339910574257,5.04654035417,0.677734375
168.70703125,153.581054688,131.056640625,52.3194076736,60.0732078812,68.2917019664,63.4837710354,2.61253398505,14.4858379228,0.0531971007586,5.07265764877,0.67578125
97.265625,107.981445312,77.775390625,38.8513009304,43.0206010728,31.8859102015,43.3807426376,-9.55215639131,15.4070566171,0.0284385941923,4.51425383171,0.51171875
116.528320312,118.299804688,121.610351562,36.4893389117,34.0543419124,33.9704825092,49.3716775513,0.142572672541,-2.03033296031,0.0403904281557,4.70526615168,0.5732421875
166.706054688,136.51953125,114.029296875,44.7655843418,45.9748743517,46.0265624851,58.6767384625,8.44816041492,16.6380680759,0.0219112038612,5.0274892537,0.59375
136.841796875,129.55859375,149.565429688,61.6660643093,44.97493317,44.2002016775,55.4699271329,9.82914343957,-9.4346322475,0.0374894328415,4.90851047596,0.6376953125
115.896484375,100.813476562,121.717773438,58.7274476939,59.3428315327,80.3396806907,43.5228040479,10.4841599693,-8.34065205808,0.0356123372912,5.19112172532,0.607421875
122.993164062,122.961914062,123.6953125,66.8193617278,70.003637703,72.1479933663,50.2866262397,0.634598467496,-0.113493696019,0.0550963059068,5.25847792391,0.623046875
117.665039062,100.967773438,83.6376953125,85.7793551043,74.6349575677,64.8175216907,42.0896841101,3.77160786789,11.672464626,0.0227407291532,5.21878260028,0.6220703125
138.000976562,112.833007812,98.072265625,60.6966474104,52.1691064548,55.0016748,48.8282855154,7.6255747753,12.3367668105,0.0207164809108,5.19143094394,0.73046875
59.396484375,44.4306640625,38.2158203125,49.6044808348,39.8417656019,35.2648365235,19.6016878495,5.12840954252,6.04071951136,0.0200552903116,4.37072555685,0.5498046875
182.73046875,165.05859375,151.66015625,42.9902061132,45.8483242049,50.4883933751,68.5219606434,4.72307904952,9.53836315298,0.0247430205345,4.83158107941,0.57421875
147.508789062,145.741210938,145.967773438,59.4677558451,58.5363670756,57.8388616968,59.7971039136,0.72820284495,0.111888619868,0.0211059022695,5.07215903147,0.55078125
135.34375,127.497070312,116.024414062,60.035333021,64.3659732082,72.1453366425,52.8079628933,1.39876586274,7.87923770188,0.0294364411384,4.77409570346,0.4794921875
84.392578125,73.5966796875,56.4658203125,46.0363114961,36.5229544248,40.3944758042,31.3427242748,1.39861004695,12.1042274703,0.0235706511885,4.8219779107,0.51171875
121.923828125,102.146484375,87.83203125,25.2298430256,26.4588423632,34.6696337628,44.6779270217,5.95308478245,11.3604840853,0.0172446630895,4.58924787021,0.5361328125
122.291015625,129.78515625,95.7431640625,42.0983233102,40.3228757768,46.0071480111,52.4856681134,-8.51675218776,17.6358354191,0.0278294887394,4.95830260998,0.689453125
110.509765625,125.139648438,78.9091796875,28.5199680313,30.825032794,32.9362036289,50.2810533776,-12.840503093,22.7687649627,0.00822027213871,4.58074448064,0.4404296875
68.931640625,65.1064453125,67.73828125,38.6459188757,37.5409853821,38.1384179689,27.4968030214,2.15004883084,-0.925188535003,0.0142087507993,4.53299841342,0.255859375
144.905273438,118.96484375,129.2265625,40.9634198898,56.8681034141,53.5035906861,52.6729839036,12.3991622981,-0.684952466342,0.0073646591045,4.6435097509,0.404296875
104.702148438,74.5869140625,76.796875,46.1505069556,44.2772941141,41.5006559389,35.0667162026,15.2270825959,3.92559217712,0.0347522199154,4.78139691013,0.58203125
102.275390625,102.01171875,93.1953125,52.6902462571,56.6469833446,47.1473228949,42.2090810444,-0.929922504663,4.88966471631,0.0983125418425,5.17697637203,0.8701171875
114.590820312,118.159179688,110.122070312,45.5031930725,48.7288922023,44.1787666097,48.5403678933,-2.68209387033,3.83187307035,0.0138908699155,4.76429269984,0.5185546875
125.560546875,96.919921875,63.2412109375,83.6482488591,71.5018263097,51.6635508008,41.4671319609,7.15489752169,22.3133879649,0.113535262644,5.06080927269,0.6787109375
125.713867188,117.692382812,65.650390625,21.2994636423,26.9844808659,16.5275232048,49.0576347958,-4.42477676824,29.7176698026,0.0118674784899,4.20538558754,0.4267578125
138.508789062,135.602539062,69.4609375,64.3020211405,64.4586322147,44.5964811434,54.3607364629,-8.11837765697,34.5659998408,0.060918867588,5.08288777148,0.701171875
163.139648438,144.6640625,138.248046875,52.7918878996,62.3428370665,64.9355975727,60.8252742851,6.57781223576,6.65192261578,0.040809225291,5.28423961955,0.8154296875
111.821289062,80.4228515625,56.2314453125,35.6134341957,28.0365606953,23.7351957861,36.6891909918,10.0086216753,19.3051496586,0.0110216718167,4.59712339544,0.45703125
129.034179688,136.142578125,169.358398438,14.3842973911,13.9044304847,22.1992809342,57.2216246441,4.91109732955,-18.3134567696,0.00173386582173,4.07039829869,0.0966796875
58.828125,75.2255859375,57.908203125,28.8424422442,39.1233137822,23.0396942435,29.5783944366,-9.54545583226,7.60844230988,0.00978504307568,4.56292970436,0.5126953125
96.1044921875,65.3037109375,45.9521484375,61.2224253885,49.7649999558,49.842669025,30.1135124866,11.1381780588,16.5724264994,0.0281487479806,4.89107464889,0.50390625
122.80078125,118.908203125,123.28125,56.1793598054,55.5117295732,54.9400507798,49.6113916416,2.59295003963,-1.804181524,0.0328249819577,5.21323800117,0.7490234375
141.791015625,134.759765625,136.674804688,44.2359758557,44.1468928331,44.5503216831,56.3402767853,3.03458623876,-0.0784164541088,0.0238712094724,4.59120421251,0.533203125
140.698242188,139.850585938,109.102539062,36.2962495485,36.8670295895,44.8921475921,57.3311296621,-4.45257279646,16.8284614942,0.0400968231261,4.69820161616,0.625
80.037109375,75.65625,56.3466796875,34.7977216983,28.8781958459,21.6033564176,31.7271038909,-1.54770402328,11.9749332254,0.0389565676451,4.60097159185,0.5537109375
182.946289062,170.297851562,169.459960938,68.8405089306,63.0094715976,58.3658347195,69.7065979135,4.47615605367,1.8093339661,0.0237072184682,4.56865944064,0.4384765625
75.4072265625,71.244140625,48.5791015625,39.0773869948,33.8154019787,32.6127490285,29.6401216789,-2.27687177409,14.2128830269,0.0238814130425,4.78110930414,0.5810546875
156.094726562,162.524414062,161.767578125,44.1444474177,44.9128212577,55.5683584826,65.8384080243,-2.45251677564,-0.0524244692733,0.00763938296586,4.99494354982,0.40625
134.490234375,132.583984375,123.440429688,53.5572662111,38.7031064209,47.1873382262,55.1264848796,-0.519945597011,5.81169108325,0.0225568786263,5.00079383595,0.5791015625
108.658203125,128.663085938,100.551757812,55.6155747904,44.3887386814,41.4506396121,51.2785573818,-12.5672529352,13.2650766761,0.0299095734954,5.04837866363,0.689453125
134.34375,130.928710938,134.681640625,55.9439678523,48.9545168759,52.9290154694,54.6445549827,2.56458152946,-1.21182012783,0.017976872623,5.07787281963,0.6259765625
158.702148438,129.895507812,87.0771484375,33.2197958924,34.4594958585,29.8113355589,55.8621882357,5.46363881846,27.4483914001,0.016797080636,4.56614687742,0.4716796875
137.012695312,120.970703125,113.14453125,40.981879987,46.3063752813,52.9686542161,51.5005774554,5.38716447344,6.97365956769,0.0209614746273,5.00080594574,0.6240234375
117.396484375,96.11328125,79.8828125,30.1126956742,30.2422972401,29.2594458823,42.2106338115,6.47143545105,12.4213369277,0.0407407544553,4.64891746567,0.7099609375
94.990234375,103.19140625,133.635742188,72.372071281,74.4526543425,58.8182543332,43.3432483743,7.22541954069,-17.824646519,0.0330736599863,5.0031984588,0.578125
141.33984375,136.491210938,136.013671875,84.7930830204,83.5836846797,83.6137172917,55.4344382958,1.88026369345,0.908573300049,0.0459952540696,4.60494452808,0.6494140625
73.28125,78.673828125,77.345703125,49.8625160598,50.3668093779,48.6094892225,32.0500420016,-2.14260602544,-0.107183513321,0.0382429435849,4.82860556982,0.5439453125
151.114257812,132.3984375,101.23828125,44.2944651222,41.9534647042,37.1725266517,55.8472057222,2.62474563147,19.3758865885,0.0102239698172,4.90575673301,0.6640625
189.030273438,180.75390625,160.76953125,42.7294136919,42.707626848,48.5203083425,73.5201383584,-0.0278606334257,11.583810184,0.0449740178883,4.82372611832,0.6171875
147.938476562,143.340820312,134.203125,28.8337286902,28.5629795794,31.1340309125,59.4714586286,0.0790857222872,5.54365858826,0.0271678287536,4.5963609978,0.39453125
139.217773438,105.44140625,67.328125,45.4054481661,34.9805538106,29.3006330923,46.7170796046,8.53315454888,26.4672469661,0.0204532593489,4.6282920677,0.345703125
106.844726562,123.484375,64.0556640625,31.5282969306,33.2582777231,24.1135786425,49.0084555705,-15.7366770153,29.6400579793,0.0368395410478,4.59621226688,0.6923828125
85.1064453125,81.9580078125,84.763671875,74.195972804,74.0030034912,65.939431315,33.5209715379,2.94918108351,-1.66091492589,0.0680313780904,5.05391090861,0.64453125
85.6103515625,114.7109375,60.728515625,46.0727338771,45.5742701436,40.9897868299,44.6564723591,-19.3105920374,25.4680467772,0.0535265207291,4.85560742832,0.6611328125
90.8408203125,70.8271484375,46.7568359375,56.6463730162,56.0982711033,42.5580308335,30.7579215027,5.39696730481,17.2846371002,0.0378217957914,4.90595254284,0.6708984375
129.764648438,126.459960938,92.4560546875,50.8112534467,50.2075609657,49.174474356,51.8875560425,-4.0554574313,19.1015082214,0.0209295041859,5.04063172291,0.541015625
50.7705078125,55.9990234375,51.265625,60.3607244812,53.6770671526,41.1815453539,21.8198274565,-2.20303326415,1.57231451223,0.0308542251587,4.46903640435,0.482421875
84.7080078125,87.3212890625,67.4228515625,31.6751654731,26.2282144698,36.5111271737,36.158218861,-4.88945625375,11.5638278516,0.0182011127472,4.1877751471,0.265625
110.55859375,110.807617188,104.34765625,53.4995298276,54.4060893574,55.3272599867,45.6924907197,-1.17638898814,3.76820154314,0.0268523879349,5.13516823409,0.7333984375
121.821289062,108.610351562,82.24609375,43.5198892199,36.0036555527,28.1306935969,45.9834812502,1.02111815915,16.4452884578,0.0326479002833,4.57455175963,0.5732421875
109.881835938,98.8525390625,82.3828125,48.4501667122,43.1792088346,42.7717636659,41.7975435558,1.45314647297,10.8601052725,0.0267902202904,4.97757975416,0.525390625
107.901367188,106.103515625,104.206054688,42.8367978277,43.6587556026,47.5492294486,44.307621395,0.404655319191,1.51874489118,0.0688790529966,5.07563658267,0.8564453125
158.001953125,143.733398438,126.803710938,48.3237373341,46.7821185809,53.1753763531,60.0921023574,3.37284019542,10.9664757902,0.0657731443644,5.03196242443,0.69921875
128.50390625,114.590820312,110.88671875,47.3506490886,43.4985806354,42.6297749728,48.9132296679,4.82442452129,4.06398927365,0.0241478569806,4.86935978902,0.6689453125
86.6435546875,66.453125,57.912109375,72.541683178,66.2896236902,60.1969918029,28.5689251758,7.27610723842,7.97419584144,0.0461397692561,4.9482870734,0.5478515625
95.927734375,150.255859375,84.6865234375,59.5022702786,48.4664325369,49.4161258119,57.36538118,-28.5083380654,29.5791056923,0.0361060127616,4.95353231041,0.63671875
101.809570312,58.5517578125,44.603515625,52.2710209865,54.8579242442,52.2430376954,30.3181874039,16.9961177805,18.0570357047,0.0323878228664,4.83104694358,0.5693359375
87.8896484375,80.5224609375,66.72265625,71.0239872708,64.4753880747,59.1918493846,33.1066432143,0.540086937777,8.58890841087,0.0485965050757,5.07231774885,0.6689453125
126.264648438,111.088867188,86.86328125,47.8494677376,41.0330577606,36.8496318907,47.1545167355,2.07916614982,15.6380926383,0.0400505065918,4.9673034183,0.7197265625
129.959960938,123.478515625,62.98828125,46.781545991,47.3218031572,28.4011419255,50.4791001692,-6.0381395471,33.0734083728,0.0254363082349,4.78765729295,0.4892578125
67.5751953125,74.14453125,67.5458984375,33.8549613523,25.622953603,26.2730895991,30.5884237001,-3.77777885236,3.18570604923,0.0115558523685,4.4286214654,0.4404296875
87.2783203125,104.94140625,72.9208984375,49.7539029435,47.4816626238,52.5261894571,41.4964307379,-12.8574059579,15.9051618884,0.0279389843345,4.95900630798,0.744140625
132.166015625,133.033203125,138.999023438,42.845855817,41.8469923955,46.8056674652,55.1999750169,0.85897214371,-3.18240390108,0.0206894632429,4.94389274517,0.62890625
130.42578125,127.149414062,113.663085938,48.6384577233,52.5185620055,52.4827423705,52.4836986341,-0.864065494869,7.99740124835,0.0356773734093,5.14655217382,0.794921875
46.869140625,46.2578125,50.494140625,33.8183403119,31.3414900964,31.4614403881,18.9653768779,1.46698830744,-2.55565899802,0.0227078478783,4.60601091102,0.5068359375
61.5341796875,77.5419921875,53.107421875,55.6242696907,50.0483574197,45.3420397635,30.432157403,-10.2204089441,12.0429707338,0.0316534973681,4.96046450065,0.5947265625
109.306640625,116.098632812,60.6767578125,67.0310803818,70.245113807,39.5512425586,45.5652742054,-11.1440368516,28.2367846554,0.0189933311194,4.81315699148,0.4453125
106.330078125,106.068359375,105.842773438,55.9880221704,54.3548563159,53.4226010528,44.0131250693,0.320199825207,0.190170565618,0.0213609226048,5.10585535315,0.658203125
92.5048828125,67.8046875,44.556640625,23.5905828914,14.4304277016,13.9361937043,30.8950883574,7.72888763132,17.8364482387,0.00943740643561,3.76011651042,0.3359375
236.614257812,213.29296875,193.955078125,27.9191535089,61.7840406977,89.9702095531,86.9708203521,7.52076180653,13.8275720869,0.0391174927354,3.29983458302,0.41015625
90.7529296875,100.454101562,99.7158203125,49.5385985402,44.7876701039,51.1526161632,41.0983783556,-3.61168566898,-0.729528738644,0.0298273637891,5.07964817293,0.6318359375
148.6796875,152.193359375,153.456054688,71.580953799,63.7834755464,59.2636292874,61.6096538174,-0.758877597667,-1.38134475575,0.0438621416688,5.09342249342,0.603515625
72.4755859375,61.291015625,44.546875,60.8847639568,53.8774404659,42.295322284,25.9280205947,1.78650201763,11.0697510222,0.0291023124009,4.64118155201,0.546875
135.955078125,135.59765625,134.299804688,39.7581056692,47.4019571472,45.487323955,56.7915431239,0.355760168923,1.97451681175,0.0261009596288,4.90341759017,0.5673828125
136.940429688,122.765625,130.069335938,27.5011605972,27.2484186396,28.2096655703,52.8101462147,6.93783671403,-1.95258789703,0.0206838957965,4.58190991731,0.556640625
154.848632812,161.095703125,130.413085938,45.5950408711,47.6902299052,82.6693117317,64.7871454943,-6.34811303613,15.6493236789,0.0263178795576,5.06359971165,0.5693359375
144.866210938,106.342773438,77.9990234375,52.6616435563,45.6866309609,40.1202659666,47.7247098817,12.0981524774,21.9423443505,0.0274446923286,5.03187234876,0.7314453125
152.15234375,155.384765625,163.842773438,84.611394738,85.042661642,82.490681804,62.2504056857,0.708085068741,-5.00252915871,0.0392196625471,5.16185266998,0.5224609375
88.466796875,88.1689453125,102.258789062,48.2769604799,42.4142030639,46.1322235716,37.6341355327,5.22100760576,-7.73646530754,0.0124356243759,4.94666470586,0.53515625
188.837890625,168.149414062,140.400390625,51.7957705373,60.0134273684,64.3861476987,69.4855458377,3.98828470134,17.5481799305,0.0219327434897,4.96546100682,0.6796875
128.504882812,100.8984375,69.125,29.0752991908,32.1217082077,29.6487246775,44.6040053774,7.23090945976,22.1425816887,0.0114997588098,4.58567769436,0.416015625
111.567382812,102.237304688,85.13671875,53.4752731134,49.2027189663,34.8666384938,42.8100808003,0.954741944149,10.3933583158,0.03627916798,4.80946903704,0.5048828125
146.147460938,112.924804688,95.1005859375,44.7995833612,50.6800164979,52.3800586725,50.0800916525,11.5529934477,15.6090434584,0.0237105619162,4.90435338448,0.5244140625
128.879882812,120.24609375,96.2685546875,54.8484971733,50.0480626847,49.1246933382,49.9496695309,-0.683979018722,14.5313330313,0.0179802589118,5.09188211191,0.5634765625
156.848632812,134.580078125,104.658203125,57.1503255036,52.8560049509,45.0475049936,56.7102338369,3.96060282731,19.2055703236,0.0316542722285,5.04195838715,0.6494140625
47.9755859375,52.1953125,52.6142578125,40.3425322924,35.6784267349,26.8084683711,20.8117913818,-1.18358639876,-1.17723618425,0.0103131849319,4.50278120465,0.333984375
129.194335938,121.927734375,113.26953125,52.4223414393,62.3654853429,66.9850555378,50.6449530911,2.07265862851,6.45449041494,0.0310969874263,5.06150789787,0.6162109375
70.7529296875,89.798828125,66.05859375,30.9347929878,28.6130324088,25.4558150507,36.022382474,-11.586829159,11.4307045704,0.0178785584867,4.49416285309,0.5234375
107.659179688,98.560546875,101.802734375,67.7287937703,57.3349724727,51.4840705828,41.7707227996,4.76565724345,-0.704457903286,0.0244087483734,5.1673162959,0.751953125
143.736328125,131.81640625,131.044921875,42.969270549,41.8449225514,43.6788029343,55.7803163859,4.58808578175,2.34769292505,0.0530056208372,4.98944166969,0.728515625
96.4404296875,79.2109375,57.3837890625,75.7274639423,63.3515615366,47.3681369833,33.3837707557,3.78189686521,14.4871480912,0.00867436919361,5.10113448982,0.654296875
113.739257812,113.49609375,99.1669921875,44.005497058,41.5319904982,43.6934505552,46.9915268248,-2.6190036466,8.14292060199,0.0181904342026,4.85603645726,0.6416015625
65.7822265625,111.563476562,151.331054688,57.7500036908,35.7669577627,34.697363075,46.353976301,2.6066721127,-25.1173277095,0.0452987290919,4.47019907919,0.490234375
207.869140625,194.35546875,182.678710938,39.2396292136,52.9575357725,65.1164468944,79.050114664,3.58653555286,8.24871294224,0.0254218243062,4.78771495235,0.6884765625
84.4794921875,62.0146484375,35.7080078125,54.3762533022,45.4143766415,35.9417347279,27.6551153652,6.39503461447,18.6181737312,0.0240213926882,4.83660073216,0.7294921875
131.853515625,106.654296875,112.251953125,49.6533493818,50.3030427941,45.2425861081,46.9658256735,11.4037379254,0.57285229829,0.0321929119527,5.12422963389,0.72265625
127.520507812,119.40625,109.053710938,93.0108548003,90.7400616545,90.5755363175,48.5621197678,2.33046164883,6.60590538376,0.0238340981305,5.09660890251,0.5498046875
110.18359375,113.790039062,64.62890625,34.6324377782,33.6600633053,40.4040262388,46.2767803249,-9.17621346299,26.5937689052,0.0352705493569,4.5856059887,0.4345703125
130.803710938,126.165039062,90.0986328125,65.8060118619,68.9011201917,46.4620039455,51.5020226051,-3.34816892181,20.0293159802,0.052036061883,5.15865703622,0.74609375
120.978515625,105.791992188,89.322265625,51.0131103644,47.9892636749,43.1848503658,45.2017066213,3.7583320818,11.641248788,0.0931073278189,5.02424111694,0.7275390625
103.765625,117.036132812,98.3134765625,81.9312411201,84.5141772448,74.3318833401,45.5868004026,-7.88039324722,7.96471990689,0.0347198732197,5.0530976714,0.609375
117.32421875,104.403320312,84.4482421875,60.2749264388,49.1636341076,44.046509253,44.0333523841,1.75604683762,13.0480344334,0.0577078312635,4.98853290484,0.6865234375
79.4775390625,72.8544921875,83.9306640625,59.6219493078,55.0408878498,40.6813320636,30.870619225,6.41146287645,-6.6302361333,0.0493207089603,4.85005513775,0.56640625
114.1484375,120.66796875,119.862304688,77.4751310748,73.5091878118,72.0716845903,48.6282493785,-2.63321384948,-0.475348279045,0.037139698863,4.95290025053,0.587890625
121.046875,127.249023438,117.534179688,50.1315432723,55.670289665,59.6523522472,51.7163126188,-4.03926216041,4.79748986872,0.0168788898736,4.97373907863,0.5244140625
210.079101562,203.109375,199.318359375,58.4623659727,67.9204479951,72.1033208783,81.432996675,2.2255948639,3.17611049431,0.0413545332849,3.61572960128,0.455078125
155.890625,108.953125,101.341796875,52.3347450277,68.3211893347,58.1175429616,50.8972990053,17.5789008281,13.9007025587,0.0414477661252,5.09583668767,0.6220703125
128.044921875,112.887695312,72.05078125,41.9801144981,40.378822441,34.3095877546,48.0968001992,0.309738091141,25.2935718296,0.0549436062574,4.84825802901,0.802734375
146.243164062,129.569335938,112.326171875,42.6955342475,43.0125467382,46.585450076,54.8874558557,4.04866901906,11.9548199926,0.0109158940613,4.81564487055,0.408203125
120.596679688,110.922851562,113.180664062,59.7919768597,53.5471910123,64.0010038461,47.0563558677,4.52572295573,0.947096092507,0.0193421840668,4.80689476002,0.4150390625
102.728515625,130.716796875,70.7685546875,38.9370050047,43.8811635527,28.8037565954,50.8225383042,-20.5287280228,28.7723068871,0.0100904218853,4.71626949837,0.5888671875
104.983398438,92.423828125,59.4892578125,46.9017914871,34.3076906152,26.8690015442,39.251205315,-0.269980597887,20.6703129015,0.0138326631859,4.11125597118,0.384765625
67.505859375,96.109375,67.32421875,30.1829053964,52.2442968441,33.0129052562,37.4142779107,-15.10542461,12.8911690288,0.0262234658003,4.7936247921,0.5546875
147.721679688,136.495117188,113.002929688,59.5554304461,57.9416123775,67.6846215859,56.7996108051,1.06423800491,15.006875303,0.0601446330547,5.25496099844,0.8291015625
155.98828125,148.798828125,148.387695312,105.345700717,111.442734027,111.624847271,59.0267784547,2.96128528155,1.35120566828,0.0826642215252,3.63070684482,0.4013671875
177.666992188,166.322265625,149.028320312,43.9031409524,50.5959373788,63.349848457,68.2715072257,1.79981077704,11.0182182362,0.035281598568,4.86236970677,0.5419921875
93.1015625,106.028320312,70.890625,41.1744269548,46.3561090515,41.90761032,42.3992413358,-10.8466156607,17.9605042906,0.0318999812007,4.92549021637,0.7177734375
93.70703125,109.631835938,88.267578125,67.646442053,64.1483890866,69.6963327053,43.2479633586,-10.2401756728,10.1642273416,0.039972037077,5.27353715391,0.7919921875
150.313476562,104.4140625,91.5830078125,48.350005393,58.7134397338,67.0157174919,48.2453746852,18.0711542395,15.5888307034,0.0388904213905,5.11139475521,0.69140625
138.62109375,144.051757812,145.00390625,66.431421585,62.4960018787,64.660305156,58.4162439385,-1.76772341317,-1.05733305752,0.0630799978971,5.15635069128,0.62109375
110.211914062,108.322265625,88.7333984375,54.3855145603,53.9246585628,56.0345720029,44.5891367429,-2.53378685181,11.5274795734,0.0242939200252,5.16451827488,0.720703125
113.891601562,99.7021484375,138.62890625,28.0339318633,32.4363883973,55.1291008287,44.9506288907,15.6191308939,-18.23072956,0.0282904598862,4.70374531258,0.5166015625
137.59765625,126.8671875,106.328125,57.806724664,49.8438179614,50.5614932494,52.9111293455,0.712727815738,12.8073146425,0.0297298803926,5.12313158928,0.7255859375
145.348632812,132.174804688,117.334960938,62.8203550599,65.8619954992,69.3313355578,54.9155366153,3.14645157699,10.135854725,0.0393540561199,5.30592076099,0.5869140625
150.040039062,150.040039062,150.040039062,44.5416913022,44.5416913022,44.5416913022,61.6105673408,0.0051706486357,0.00236529917038,0.0632585436106,5.07484913296,0.8515625
102.319335938,115.307617188,80.3779296875,68.4326808888,69.1527415272,74.5866915204,45.4667427998,-10.6166970413,17.8525225359,0.0484378933907,5.047054873,0.5966796875
98.7021484375,93.6220703125,91.5966796875,57.1176499244,54.5305492542,49.8141509755,39.1465609756,1.94959515537,1.73457105628,0.0246273800731,4.97697502291,0.5146484375
54.3310546875,51.2099609375,22.658203125,59.1043070658,57.3034843168,27.9187991642,21.0566985048,-2.5877274886,15.8094349934,0.0600694604218,3.62935095234,0.5400390625
92.490234375,79.345703125,74.740234375,74.8503970322,76.9579305041,77.04954082,33.4181746727,4.96361689272,4.86901915476,0.0564672537148,4.78059267993,0.7470703125
117.254882812,112.734375,92.4736328125,53.7817355039,51.7860282761,53.7536089639,46.6049115597,-1.78240716851,12.0052862564,0.0374768823385,5.13314158633,0.7314453125
140.977539062,142.159179688,105.11328125,50.4277260066,46.16792817,49.4282037263,57.6494388915,-6.41149762557,19.8392033949,0.0227285288274,5.05553302928,0.5849609375
78.6669921875,71.3740234375,66.3916015625,55.9632573758,46.9380799422,43.0429015609,29.9024811157,2.43095875147,3.92276519663,0.0170293822885,4.79204165648,0.5224609375
132.12109375,143.647460938,121.861328125,27.5602852068,39.6825997639,37.2708402875,58.0327473839,-7.65222835066,10.5253183452,0.0230937767774,4.74072649726,0.5869140625
155.44921875,136.9140625,108.219726562,80.276799941,79.378078419,78.5586561903,56.6204936849,3.61985182399,17.7609840256,0.0532125979662,4.94751858208,0.6552734375
110.004882812,109.862304688,97.8232421875,59.2951517008,57.1301589656,59.9182467679,45.1488206906,-2.35670245373,6.96259310055,0.0242353789508,4.47017384427,0.4208984375
94.1923828125,82.54296875,72.560546875,48.1053237027,47.7415538728,46.1447307699,35.1194969848,3.21199695957,7.70729851922,0.076108045876,4.97524926197,0.8056640625
157.192382812,142.6015625,132.655273438,32.797840484,35.0186813634,36.7034317985,59.9993526642,4.02050562674,7.40102717848,0.0360192731023,4.77952049809,0.701171875
180.288085938,174.497070312,157.712890625,41.1337141063,43.0988144143,47.2356913462,70.9552910034,-0.665353834716,9.5482107044,0.0184859391302,4.92631614501,0.720703125
153.62890625,137.078125,106.266601562,33.1233635264,37.5495733529,42.8509204632,57.7160013988,1.91568723857,19.2186298052,0.0198754072189,4.77446330894,0.5283203125
85.9931640625,93.8056640625,64.392578125,29.6677722636,37.4421471337,32.7033031767,38.2451775499,-7.87375393038,16.1467443908,0.0278685316443,4.70588395948,0.626953125
133.543945312,131.55078125,134.770507812,56.1518938076,53.7698124766,52.1348637001,54.3183592496,1.41498567055,-1.60583041303,0.0251015033573,4.93336336528,0.3876953125
177.364257812,132.903320312,27.6142578125,53.4257034845,50.8608455885,27.8212526929,57.7274467672,8.37590226515,55.5954674978,0.0295529179275,4.86664446894,0.4423828125
102.034179688,123.745117188,130.93359375,41.5682303816,31.019941853,36.5418676344,50.7073976954,-4.15061702154,-5.72794644823,0.0153804114088,4.56960051952,0.4052734375
124.49609375,117.728515625,108.12890625,80.9440754108,80.3797658928,75.880926614,47.9975054405,1.21682683485,6.19628504875,0.0257611609995,5.05109708857,0.505859375
124.55078125,98.6796875,66.6064453125,61.8903339536,52.2656501074,35.6393665859,42.6962004451,6.06805203655,21.4442950078,0.0198738723993,5.02752253521,0.6591796875
62.09765625,62.91796875,49.3876953125,45.3650367244,38.6782994585,40.6851127967,25.6995001374,-2.31011292608,8.2177166811,0.01893626526,4.57877380937,0.3525390625
150.198242188,124.408203125,95.6103515625,35.9927938322,36.7666226635,35.0624656065,53.7018064123,5.98676153023,19.6957064839,0.0227763261646,4.70451236838,0.6083984375
141.66796875,141.921875,141.641601562,74.8674552058,74.9023436481,74.9384608712,57.4005973714,-0.142999930189,0.121072594519,0.0567028149962,5.33983753761,0.7177734375
110.0625,108.599609375,92.30859375,50.4359897543,43.489692563,52.9605403333,45.0050956562,-2.60449395039,9.72430002437,0.0432617254555,4.96581037077,0.626953125
85.9345703125,79.4521484375,66.34765625,47.2176292079,50.0861528791,33.2053011695,33.2964533676,0.764494934624,8.06375147942,0.0170005448163,4.3043840665,0.3251953125
130.318359375,136.973632812,121.939453125,43.2391855027,38.1089142306,37.5316565092,55.802314044,-5.23460326765,7.20915920221,0.0218881182373,4.81500781863,0.5625
80.4931640625,72.4267578125,64.138671875,46.5209961014,53.2865421385,48.6901105345,30.4016689731,2.42932225021,6.22565290323,0.0302193555981,4.95300436227,0.6181640625
109.13671875,102.770507812,93.74609375,36.6406331207,35.7541118338,34.813032766,43.4039830467,0.867260479376,6.0131725629,0.0414217710495,4.87630754203,0.7578125
98.0263671875,95.349609375,91.6904296875,47.7345390554,46.2024125943,41.9232332548,39.7863623098,0.421347968545,2.32848182369,0.0396232977509,5.02613068202,0.7685546875
116.936523438,102.13671875,98.29296875,86.4205112215,83.6474702351,81.7328567495,42.4661197716,5.55608068328,4.22534585419,0.0622980259359,5.21889441262,0.7158203125
89.345703125,87.0263671875,79.8173828125,71.4370052824,67.3941465148,62.4424488982,35.4579975572,-0.265271868694,4.15965681203,0.0262483004481,5.0526310381,0.580078125
134.984375,126.791992188,117.201171875,24.879352438,27.8202007305,29.3417457814,53.4010180295,1.57367973567,6.45001548747,0.0240739993751,4.54909579331,0.474609375
117.790039062,102.463867188,74.1943359375,47.0459368513,45.1488711866,34.1617865931,43.6336465626,1.77902827773,18.1430675451,0.0215463433415,4.95599799364,0.55859375
134.684570312,85.4111328125,80.734375,54.6900456212,63.5893649677,58.6556735287,43.0259346008,18.5223180963,14.5614838592,0.0507409088314,5.15102151016,0.685546875
62.9443359375,57.1591796875,32.1005859375,34.9769710392,24.983765309,9.39761021652,23.7668004583,-1.59081043927,15.9151467539,0.0059382962063,3.54460975368,0.3046875
93.7666015625,87.345703125,74.2626953125,25.8422803726,25.5545453144,27.0613151978,37.2908481208,0.576770944232,8.60175562486,0.0303655620664,4.52952839501,0.6044921875
118.534179688,107.510742188,102.409179688,49.0449690386,55.1525572581,61.6306852229,45.5783062724,4.03370830615,5.01617741044,0.0254132971168,4.8688531829,0.6416015625
180.709960938,155.987304688,121.372070312,48.1912982695,53.4138547372,61.1779969096,65.3949859319,4.89343439244,22.0471068948,0.0361523665488,5.08760848525,0.7509765625
110.75,101.430664062,105.854492188,36.4771439569,32.3275937479,36.997589123,43.6010682643,4.53206973299,-1.01535126378,0.0103473812342,4.67932586564,0.462890625
104.552734375,128.33203125,96.580078125,52.4982249732,42.5673766178,36.2225034939,50.9372659046,-14.293654044,14.7530084633,0.0427082963288,4.82902216191,0.6689453125
101.224609375,110.704101562,57.7802734375,54.6624258575,42.2081817682,55.9783855602,44.5175865707,-12.0893090512,27.7143848365,0.0159282851964,4.65200252767,0.5341796875
106.54296875,102.807617188,95.4853515625,27.3824567002,23.8767403772,22.1512419471,43.4334586556,0.0224106755368,4.62851320331,0.00835205521435,4.4423846182,0.4052734375
112.1796875,117.377929688,62.4169921875,65.8204154302,40.5119188337,46.7907674889,47.9134867607,-10.4319300684,29.6703077159,0.0405159182847,5.0838316596,0.7255859375
129.799804688,114.153320312,88.5146484375,34.8654775301,39.2602112602,44.8474822083,48.5552574859,2.49235392719,16.7450826245,0.018761659041,4.85806016181,0.6669921875
93.4609375,98.2802734375,83.404296875,77.5905622426,73.2539365511,68.1071695494,39.0486033946,-4.99961038912,7.80655491859,0.0245997291058,4.85553778222,0.4814453125
122.760742188,121.84375,125.841796875,65.7829080984,65.509966143,77.1432715586,50.1099029541,1.72231145631,-1.75797475701,0.0277202278376,4.12576399615,0.4248046875
89.361328125,91.658203125,82.2275390625,35.0198368534,31.1751035467,28.6659093487,38.0950890782,-2.88509593609,5.07617821066,0.0032498720102,4.42588257769,0.224609375
157.51171875,133.930664062,125.775390625,54.1703571803,53.1279234228,50.9670384048,57.1474552268,8.06078207185,7.80913921813,0.0991580486298,4.90789273333,0.640625
208.505859375,132.080078125,126.76953125,45.2008318512,33.7283413374,50.3831569987,62.8577447979,28.8821917809,15.7450013228,0.0136852394789,4.90207839911,0.5224609375
145.361328125,139.733398438,136.439453125,54.2863889028,60.3400052063,63.80374761,57.7239257161,1.83846218211,2.83656837957,0.0365527644753,5.09349598671,0.6591796875
134.466796875,122.150390625,106.157226562,58.6666202798,55.6115752747,57.6605578211,51.1527710811,2.16495662366,10.886037149,0.0244428832084,5.03318131486,0.55859375
120.547851562,119.365234375,116.997070312,24.8048172787,26.1437470555,26.4133864471,50.0021191367,0.0173848974538,1.48767184104,0.0051218084991,4.41973029809,0.33984375
85.50390625,88.376953125,59.65625,20.8778998822,20.4227416155,18.2631855193,36.4967084792,-6.14977036335,16.0615089554,0.0167377367616,4.06964480254,0.4306640625
122.669921875,108.189453125,93.6474609375,54.2816227102,52.2000288675,52.3842635509,45.8145146089,3.40699268023,10.3787186106,0.0531571954489,5.14347578422,0.80078125
103.552734375,88.45703125,49.7158203125,40.6596865422,26.3375791515,35.1972442063,38.1096390005,0.44882649891,24.367804255,0.0312971547246,4.71212355803,0.65625
131.20703125,137.873046875,123.778320312,59.2915211629,52.8224796053,46.5477396772,55.8668442504,-4.96791437617,6.66579445536,0.0171239022166,5.14219170735,0.759765625
122.91796875,144.342773438,120.650390625,51.0041464822,43.6898994169,40.3111535609,57.413887334,-12.0064087497,10.2555563163,0.0203084461391,5.03137927989,0.6884765625
157.627929688,161.348632812,163.889648438,59.1655948873,55.4378570494,53.2864690467,65.5081891232,-0.716876079905,-1.84220366819,0.03588206321,4.76652524671,0.7685546875
135.765625,137.825195312,131.397460938,49.8343716687,40.601215513,35.4848563843,56.7326047425,-1.43966001129,3.00822873837,0.00971585325897,4.84987256948,0.4931640625
99.603515625,105.908203125,112.616210938,38.3576791548,41.5821778029,45.9212787144,43.9151945943,-0.72229424357,-4.35324816408,0.0101350601763,4.9217188351,0.4013671875
182.900390625,181.946289062,182.4765625,75.1219830915,75.924703435,75.1930291861,72.8698568252,0.59620293149,-0.145827851525,0.0800270289183,4.56463482373,0.580078125
141.876953125,138.576171875,128.534179688,34.5751064274,34.3631521996,40.4925099617,57.4818163093,-0.186176908094,5.9464119315,0.0188778564334,4.79797035159,0.490234375
125.654296875,144.864257812,152.021484375,94.8518768197,81.1532123748,74.3664223477,57.3798869929,-4.34259034232,-6.43827606632,0.039848998189,4.92687423917,0.509765625
117.6171875,116.224609375,105.840820312,32.6165269394,35.6166977695,46.7057470796,48.5799492504,-0.408322893324,6.38145456882,0.0367418266833,4.70635962378,0.6298828125
126.071289062,126.071289062,126.071289062,65.7498351048,65.7498351048,65.7498351048,51.630574052,0.00450575156754,0.00206114381299,0.0402094125748,4.65757241001,0.6259765625
93.2294921875,113.969726562,68.3857421875,48.6484827348,55.4797793746,43.8066444892,44.6250078946,-14.7179308534,21.1705661218,0.0359732955694,4.89041425641,0.6025390625
117.829101562,87.26953125,65.1611328125,38.5679075014,29.6939731327,23.131342312,39.3796273351,9.5450237574,17.618445533,0.0101860137656,4.65992670762,0.515625
154.263671875,141.08984375,122.803710938,69.9584335893,73.8849912235,79.704639982,58.1043833785,2.63909182983,12.180979931,0.0244124680758,5.13760308354,0.6435546875
176.780273438,160.512695312,131.067382812,38.1385421841,36.5277323339,44.2681189796,66.6462042986,1.72218613294,17.9014340039,0.0256862379611,4.86769605407,0.6357421875
95.1025390625,94.7861328125,90.4560546875,57.8900175693,52.4906070753,48.543794886,39.2059991873,-0.533012329592,2.3759338955,0.0299612414092,5.08149856402,0.646484375
71.4541015625,88.0556640625,66.2255859375,31.326591184,26.1982717097,27.5913767674,35.3759481856,-10.9006144774,10.7239463103,0.0145502807572,4.52354762365,0.4677734375
104.780273438,88.4296875,67.228515625,50.7445498298,45.8803102502,38.3434383563,37.8346371663,3.41885914623,14.6275305951,0.0329990163445,4.96940158512,0.712890625
143.662109375,134.403320312,120.051757812,51.5596503933,44.481127809,41.9793971141,55.9783034688,1.05504718051,8.83348382359,0.0461012199521,5.0186461283,0.75390625
119.049804688,98.0517578125,86.953125,69.395453488,73.4801090275,74.1430584427,41.7520839274,7.42164275066,9.92301256651,0.0334066487849,5.13005809626,0.5703125
145.306640625,139.461914062,144.4296875,67.8490232494,56.4705097492,62.8387611264,58.1481318063,4.96780079317,-1.60960178652,0.0444090813398,5.25874369321,0.6689453125
197.39453125,164.087890625,159.452148438,52.1354587957,56.1367965909,60.7788291233,69.7740159856,12.2484228192,7.53920975789,0.0327030941844,4.94418094883,0.55859375
114.154296875,124.904296875,66.291015625,55.1028479185,57.6542650496,27.0833002726,49.4124092193,-12.9083289796,29.132217021,0.0283519662917,5.02056280231,0.7099609375
111.846679688,124.178710938,75.8916015625,40.7415027652,47.5026139895,48.0134153593,49.7298891558,-11.4962740272,23.8844979832,0.0370260477066,4.89187140946,0.7412109375
75.06640625,51.7568359375,40.96484375,64.3273297739,47.0570470379,29.3589173789,23.5411746693,8.50394511376,10.0723046751,0.079613097012,4.7832196518,0.681640625
121.021484375,125.162109375,112.234375,37.8696047021,35.7020423775,36.9544925751,51.4409862741,-4.06235278973,6.57657824117,0.0151046691462,4.8331128506,0.5634765625
110.403320312,118.526367188,92.330078125,54.4408763009,53.3794941763,60.0242824691,47.7439516542,-7.85365380571,13.6183219564,0.0364793539047,5.04270428462,0.701171875
81.783203125,75.5341796875,68.265625,35.1941860751,31.9632785474,32.1746599086,32.2433799734,1.79765446761,5.43235445985,0.0257130600512,4.58993176989,0.5146484375
148.825195312,137.922851562,136.653320312,32.178331673,32.0957871991,36.2491639008,58.0917976863,3.94968305929,2.2445084031,0.0284307338297,4.78887151457,0.701171875
136.185546875,123.071289062,114.307617188,20.5435595256,33.1358148015,37.088024787,52.5619497073,4.26647895717,7.18969484035,0.0110736601055,4.57560301394,0.470703125
109.653320312,85.826171875,84.49609375,51.9658459869,42.4980360138,40.4201564475,38.1671482418,9.78391434715,4.46607329888,0.0540239028633,5.01052306343,0.66015625
157.725585938,146.372070312,133.596679688,47.2814450761,46.7285341052,45.8096693864,60.7795088895,2.16831101244,8.36915571121,0.0183499678969,4.8135657092,0.552734375
112.5390625,110.673828125,77.671875,40.349939464,45.9410400272,37.6990258857,45.6687953614,-4.50028941497,18.8027736981,0.0222537741065,4.8865359677,0.619140625
124.762695312,122.66015625,102.201171875,55.9261802003,52.4807975892,42.2090750225,50.276394253,-2.80986102259,11.2097482177,0.0296020619571,5.04044794958,0.7001953125
70.7822265625,71.3642578125,66.875,58.628951397,50.8572136814,47.8603926802,28.9930356826,-0.932654079993,2.51961643247,0.0219053123146,4.78413008567,0.4814453125
103.302734375,114.326171875,97.765625,53.3979216768,65.1070562087,60.0953486364,45.7160877742,-6.73677988756,7.73451092255,0.0719375237823,5.27982110387,0.8359375
98.1904296875,78.9755859375,51.5927734375,59.9301177203,39.5395913834,21.3985886501,34.3996255513,4.23201462528,18.3550850705,0.0280906297266,4.87862866686,0.6767578125
73.7822265625,81.794921875,53.1279296875,53.5192762123,41.4792744463,47.6564061597,33.022938699,-8.07777164114,15.7739907887,0.0375624969602,4.91063666425,0.62109375
193.447265625,194.329101562,193.520507812,74.137021793,74.3096883192,72.5630488872,77.2867036972,-0.367323095543,0.19887097366,0.0402905121446,4.37968316145,0.37890625
128.09375,78.373046875,58.6435546875,43.9895340003,29.4742587656,18.4419723776,38.3000102196,18.7212796849,19.9663210072,0.0195902939886,4.64703248977,0.5791015625
135.51171875,130.83984375,121.340820312,55.5590889295,55.1203205778,45.4826122953,54.0811927355,0.236633744484,5.49538961607,0.0665613338351,5.09825903522,0.8046875
178.91015625,151.637695312,131.796875,40.6900888958,39.6389292473,37.3127061081,64.2769662933,7.19787702953,14.2657561262,0.00794085673988,4.78618133496,0.3369140625
157.640625,159.625976562,150.034179688,58.5510240056,63.3103386001,57.2029163281,64.3494276023,-2.17407367369,4.60855864404,0.0382389649749,5.04909200608,0.583984375
110.658203125,88.966796875,68.1796875,94.5830197658,78.4573236347,62.1509859628,37.8334310585,5.43276096128,14.1749946051,0.0443559139967,4.72854844787,0.6162109375
91.4267578125,82.7431640625,75.5869140625,38.6052804997,36.8753105409,37.5754483798,35.3468174963,2.2573736427,5.64438285053,0.0161155220121,4.76958473464,0.5
121.4140625,118.592773438,115.043945312,61.4089808354,56.6496495959,60.0689628292,49.6535983462,2.91221592338,2.5552548319,0.025945417583,5.2171825386,0.6552734375
88.5517578125,90.923828125,72.5234375,51.6890044449,52.2151317062,42.7118277756,36.9839603958,-3.90298768464,9.8350850564,0.038424488157,5.06455812121,0.697265625
142.747070312,132.231445312,134.49609375,27.0108754719,39.802860728,43.769526718,56.0669192035,4.94392736154,0.734233608432,0.0188868679106,4.83188020926,0.4951171875
58.2626953125,66.4755859375,62.712890625,57.9038664425,51.6064906064,38.6418550128,26.3927839408,-3.35610571339,0.73221441525,0.0325605012476,4.7329868208,0.6015625
157.458007812,139.252929688,123.556640625,73.0874382318,76.395784631,61.4905092623,57.7974833606,4.81016796039,10.4902723688,0.0376125201583,4.79560245652,0.51953125
123.779296875,112.298828125,104.029296875,40.2561636524,37.7348965879,40.6579328184,47.798334102,3.22607700144,6.32169391779,0.034432541579,4.92694997369,0.73046875
73.85546875,64.7431640625,57.16015625,42.2946857045,40.9325790476,38.1657023301,27.4995964991,2.63016794796,5.92670512009,0.0260148458183,4.90381993551,0.59375
130.868164062,133.081054688,115.90234375,46.5256691808,45.5215680387,44.9246356149,54.3969129349,-3.99379173791,9.02055094348,0.0315758734941,4.75242031413,0.4345703125
134.8828125,125.16796875,88.5498046875,52.5995887421,48.8995213959,51.1086222617,51.9067342011,-1.77877740292,21.0913123279,0.0136715425178,4.92314254845,0.658203125
96.4560546875,98.814453125,95.845703125,63.6473900196,70.0334096199,77.7379764938,39.9995122792,-1.04056540122,1.94756815627,0.0560336001217,5.12801791893,0.5546875
142.9921875,136.703125,131.302734375,56.5455424986,70.9525021994,75.2898575425,56.4146965003,2.53045487414,4.54767444032,0.0617288500071,5.29504510099,0.783203125
82.30078125,118.509765625,93.095703125,24.5439131205,33.4402437885,43.6610325438,46.3938066019,-17.4904485757,10.4263867788,0.0147374216467,4.7364482734,0.5546875
199.213867188,195.204101562,189.662109375,51.2242519456,55.6112899429,58.3099970142,78.4416375922,0.657845008218,3.48622681163,0.0429621562362,4.71436126208,0.51953125
141.461914062,135.823242188,130.331054688,42.4585104774,45.4154757364,49.2991978698,56.4393843853,1.29333021919,3.90518729145,0.0256105028093,5.03725367231,0.5810546875
84.408203125,74.9560546875,88.9638671875,48.0324533345,42.6095901221,26.4388974048,33.1557070011,9.53791233353,-7.0772217811,0.0186822228134,4.54065247132,0.5400390625
119.9140625,116.188476562,102.48046875,32.8224752322,33.9675371222,46.1451684541,48.6221034017,-0.602495341701,8.47618092136,0.0116497231647,4.82378586169,0.302734375
91.6669921875,82.8076171875,63.7353515625,21.2587170617,20.8131827165,17.0976423891,35.3961440563,0.352410715345,12.4872976647,0.00809724442661,4.26790205938,0.3486328125
105.557617188,120.153320312,75.0390625,44.9101816366,49.6665534534,45.3732183438,47.9965970295,-12.6495699115,22.7478006808,0.032898042351,4.99176300017,0.7626953125
106.08203125,137.076171875,89.6552734375,44.4517504112,53.3310531407,43.5095099106,53.2093528509,-18.9621350698,21.1406001374,0.0401649475098,4.95872955156,0.6259765625
125.955078125,119.330078125,86.4072265625,31.5655000677,36.6702529945,24.3809925831,49.6893280151,-2.66096557739,18.980545298,0.0251617450267,4.70127203998,0.666015625
118.89453125,114.616210938,108.29296875,62.9099726402,59.9925953349,58.6979499264,47.3435502318,0.47452823837,3.98819556866,0.0791159272194,5.17048739874,0.607421875
183.73046875,183.276367188,167.668945312,62.1232835007,61.9842216888,54.8768754348,73.4185718488,-2.38326255945,7.76700797798,0.0147742815316,4.93386390979,0.4921875
131.192382812,146.123046875,156.784179688,62.3580035444,74.373769003,90.1514638229,58.3031250104,-2.65502523899,-6.50688246917,0.0131319016218,3.56557340525,0.3212890625
90.375,76.1318359375,60.482421875,42.6967641851,37.2030324987,34.3728079357,32.7136313837,3.25364145958,11.4025624729,0.00868220068514,4.87135791477,0.6044921875
90.6728515625,72.4423828125,53.9521484375,51.8322056661,44.9395709774,35.5640742083,31.4386712566,5.08256864415,13.6919544965,0.0302817039192,4.69647981756,0.525390625
102.31640625,108.208007812,90.6103515625,46.7061279393,49.0716223042,51.4353881161,44.0418617811,-5.20624146857,9.31937309213,0.0487007722259,5.102337651,0.8271484375
136.32421875,128.086914062,119.189453125,53.7476049555,49.1264637251,49.1559544462,53.6192709392,2.46154965801,6.16699963336,0.0276278555393,5.09309686953,0.6376953125
113.627929688,109.370117188,109.298828125,46.5242002846,42.4249420575,38.2561596168,45.9339333963,1.87637300514,0.473909669532,0.0146944606677,4.85892266249,0.4541015625
99.0576171875,83.2275390625,89.318359375,55.0795731245,45.459373855,45.1981770629,36.3604825916,8.04600996876,-1.13798715043,0.0401757284999,4.88088920079,0.5283203125
100.2890625,101.77734375,80.439453125,47.7359112631,32.9170245059,38.0719436932,42.3015877543,-4.36807127538,12.4113772247,0.0352650880814,4.91337578199,0.7265625
138.875976562,143.330078125,56.228515625,30.8377693199,36.0993966578,17.8391392725,57.3339948836,-13.3353150017,43.7905195717,0.0124878780916,4.46902467314,0.3603515625
121.545898438,141.123046875,87.3486328125,15.9961495237,11.6574017567,7.6577510063,56.045419484,-16.4708322943,26.5036712666,0.00375415710732,3.09284648354,0.1181640625
123.362304688,79.9365234375,47.8916015625,72.7822401242,57.4254686292,36.8877489584,37.1722103732,14.3090232837,24.7432454836,0.0809964463115,5.07680119096,0.8046875
126.50390625,166.725585938,154.809570312,70.9487324833,47.0168467319,49.4672187284,65.186241196,-15.2680965416,2.43867240443,0.0313466712832,4.84904568708,0.6240234375
136.25,135.1796875,133.916015625,59.3917575037,56.3874443851,55.4742935376,55.3776816589,0.162513450216,0.742273230807,0.0223967991769,4.79385027408,0.54296875
99.130859375,114.916992188,72.4677734375,35.7299777963,30.3038316268,28.959443228,46.0043037606,-13.4160409687,21.375096824,0.0293009653687,4.60922951322,0.6328125
125.723632812,95.2138671875,84.650390625,45.0032419414,54.0160581148,44.5301736695,43.1976337368,11.3933739664,11.966145814,0.0292755924165,4.9519323169,0.69140625
72.7587890625,66.076171875,52.4697265625,19.7353936519,18.9385844005,15.0768558897,28.1594903908,0.508465550986,9.15732545898,0.0178879611194,4.08598498384,0.388671875
107.08984375,108.581054688,105.106445312,64.7145002104,63.4045424892,61.6850889019,44.4048219753,-1.05462028476,1.69017230058,0.0369996391237,5.20012455795,0.65234375
100.82421875,99.5869140625,68.998046875,36.8191892184,40.9196080253,18.7237314974,41.2581027534,-4.11986408156,17.1541762353,0.0216418989003,4.64489612114,0.6845703125
190.024414062,172.740234375,152.123046875,39.8791434667,41.4092440232,47.0845575809,71.3043094436,3.24114371249,13.1574250922,0.0142948962748,5.00070680683,0.6005859375
135.79296875,128.624023438,121.952148438,50.2243415269,46.2982882317,49.1281075599,53.9992468726,3.26780254831,4.7618580073,0.0188330654055,4.98968608823,0.447265625
133.264648438,135.700195312,116.169921875,44.3206013429,49.1773631546,70.7891512808,55.4794557045,-3.4510143815,11.081600797,0.0220807008445,5.00748296757,0.6201171875
103.725585938,106.881835938,93.9111328125,40.7310621453,38.301776412,42.1461477087,44.3493839964,-3.23441174381,7.1945226455,0.0379694662988,4.85476614739,0.6904296875
185.6953125,144.26171875,101.006835938,39.6671076731,39.8411624083,40.9395866852,62.6267556427,10.6520976804,28.9656663354,0.0423600226641,4.92871943709,0.8046875
132.409179688,120.790039062,100.158203125,21.3029110052,22.2445538103,21.417637735,51.1239590255,1.03213427969,12.9947259338,0.0153192579746,4.35217671004,0.3203125
78.83203125,81.66015625,89.951171875,56.7908126009,49.7068136046,47.6562352315,33.9266241965,1.37141399888,-5.22377283059,0.0214747823775,4.91112022159,0.51953125
181.9765625,169.783203125,139.802734375,44.7918519103,42.8642920199,43.6398854478,69.3800656826,-0.304710645627,17.1039734925,0.0323823168874,4.77686271831,0.5546875
136.224609375,147.442382812,83.0048828125,52.1365801346,44.2991936186,44.4286754554,58.948526885,-13.4944086852,32.6371536243,0.0339891426265,4.90897177518,0.5888671875
124.01171875,126.315429688,110.401367188,54.5308099855,57.4432049347,54.3601276184,51.5005319554,-3.28403348031,8.2956898352,0.0763094350696,5.22543768985,0.8671875
119.91015625,107.892578125,119.734375,27.4033766733,27.4512384382,30.5783725079,46.7666623346,7.17237113741,-4.74716616444,0.0154859330505,4.39234180133,0.318359375
138.041992188,137.739257812,127.482421875,23.0412163463,34.9180315535,53.8224954748,57.0996705964,-0.541464905613,5.95894995173,0.0130167873576,4.48570098803,0.4482421875
141.866210938,148.384765625,100.461914062,45.3174423048,45.7055197273,40.7245476812,59.4825031059,-9.60364335884,23.8675364104,0.0353546142578,4.96593475915,0.7509765625
100.475585938,114.125,86.259765625,62.5521297415,53.2542361871,71.7340254861,45.5561683278,-10.7697241524,14.5808701486,0.0192557424307,4.86869255113,0.4580078125
105.190429688,84.2490234375,64.833984375,65.1767568614,51.0124592148,41.7249150096,36.3874363814,5.39480260482,14.3467490791,0.024362212047,4.84565603121,0.537109375
98.978515625,91.822265625,77.7236328125,38.3559797039,35.1300548568,31.8585249716,38.8052015051,0.384971832496,9.07979480261,0.0577655956149,4.82246591514,0.7958984375
114.724609375,120.672851562,103.827148438,23.4010620887,19.6967588663,24.5094928451,49.7495224847,-5.02424086715,8.5935485236,0.0134236738086,4.24121274519,0.4443359375
145.602539062,145.309570312,137.203125,39.4706085444,49.8882820877,56.6571010519,60.0458326492,0.405531689706,5.3069766487,0.019732400775,4.94594436138,0.6669921875
54.107421875,52.7587890625,51.892578125,42.5646588062,38.29201916,36.0639376825,21.5170449871,0.700591006331,0.601346719229,0.0116449166089,4.64320477544,0.3798828125
67.75,52.79296875,55.56640625,53.8418546532,37.249765485,28.9233477201,23.0504691787,7.37855890782,0.295907147559,0.0290111098439,4.51088459515,0.6416015625
72.044921875,122.110351562,67.076171875,44.7705950949,48.4024119915,31.7348644194,46.0962807204,-27.9020442868,24.770273482,0.0384472087026,4.95496371994,0.708984375
121.598632812,124.690429688,62.90234375,35.4808492316,37.7558830553,31.8794456822,50.4994395597,-9.74922346826,31.937031955,0.0301347896457,4.61285784758,0.65234375
76.5078125,80.3720703125,62.181640625,36.1360809333,30.8823884317,26.8546837243,33.0069698889,-5.16500866191,10.2432038865,0.0563290305436,4.67500196687,0.6669921875
115.083007812,116.755859375,61.392578125,20.6796138749,17.7032550427,18.3051442029,47.8400153535,-9.20443872914,30.118215977,0.00973410159349,4.09176961947,0.349609375
126.5703125,129.5234375,117.66015625,61.4673831945,64.3658931476,54.7559191147,52.5297673591,-2.93724327431,5.82151222643,0.0557814575732,5.18831085501,0.701171875
105.658203125,100.359375,101.4921875,91.3457993008,94.5836876772,94.1040187517,40.3469484956,2.36388199689,0.130801035683,0.0536323413253,4.72999764921,0.46875
142.412109375,136.122070312,130.203125,48.1763939237,49.0006949609,51.5879648294,56.5251734306,1.42773596355,4.15148484047,0.0382344871759,5.0655773005,0.5986328125
134.540039062,135.256835938,119.62109375,52.3568207412,54.5568032191,60.0302250073,55.2701404196,-2.70875150416,8.62027197752,0.0438815355301,5.07982763317,0.6884765625
121.404296875,104.032226562,75.0869140625,52.5271750826,52.496186027,56.8217922875,44.5180162648,3.50306304033,19.4471724669,0.0456546582282,4.94242058958,0.7265625
79.1875,65.9873046875,63.2646484375,45.7975120435,43.6775833139,41.2478370677,28.6304690952,5.48491835719,3.89001892077,0.0171833373606,4.62959554259,0.4736328125
122.1015625,141.090820312,108.68359375,15.7530204662,18.8227897968,12.8614721245,56.3534877626,-12.9870426867,15.0575511495,0.00203406950459,3.97777483476,0.1044921875
114.098632812,107.36328125,103.927734375,48.3807837112,48.2290561266,52.9907370696,45.1784826065,2.11518577853,3.07563562862,0.0210783369839,5.00363405092,0.4189453125
88.466796875,75.1220703125,47.4453125,43.0193550995,35.9475494266,30.7404542078,32.073518264,1.35227616831,18.3461478853,0.0132990702987,4.66558236587,0.529296875
133.624023438,161.918945312,110.248046875,49.49578037,54.149733383,54.4793090391,62.9132419313,-18.4528918319,23.4128454467,0.023723885417,5.14216559862,0.7119140625
65.080078125,58.9228515625,56.1630859375,46.0659284002,42.8278588471,43.4974829176,24.5502033601,2.17345555842,2.69405842955,0.0216963291168,4.64560508018,0.583984375
104.529296875,99.35546875,89.4091796875,69.3093095601,68.5590288645,66.7097077722,40.8017617335,0.408642134192,6.28762585794,0.02170182392,5.20938234113,0.5927734375
116.873046875,90.1806640625,54.533203125,64.0700871734,50.610005275,28.966556536,39.4706976135,6.12152509361,23.8780891051,0.0582287237048,5.02571564436,0.794921875
88.86328125,101.05078125,72.0908203125,71.8985889238,67.2500969982,74.7204200051,39.8866085902,-9.55439124384,14.8045476354,0.0495876371861,5.08227801617,0.66015625
136.921875,130.211914062,123.159179688,37.0085472338,40.471308011,43.2481829201,54.4673268293,1.67442290888,4.98439071418,0.0302494317293,4.90152237506,0.7021484375
150.8515625,135.326171875,101.995117188,58.9699128587,53.8754083746,54.6459214761,56.2787313062,0.783747813162,20.1478368171,0.016757812351,5.19706228984,0.5439453125
87.75,84.6962890625,81.00390625,56.9599125756,57.5705286364,59.7477443381,34.9770043809,0.823323659908,2.740706506,0.0224002916366,5.11720202922,0.5
94.1181640625,104.764648438,64.3642578125,41.5068789262,49.8537928781,39.9894411337,41.9004941828,-10.4819253894,20.9299478698,0.0365490205586,4.92608484919,0.6640625
118.62890625,120.072265625,88.7431640625,59.2259064308,52.8851816101,62.0293958488,48.8649143064,-6.08147947598,17.4665713598,0.0431157201529,5.19583875838,0.751953125
195.766601562,179.482421875,157.70703125,51.9619115481,61.6287213918,71.6634393838,73.3236165354,2.92127937681,13.8899102929,0.0638303235173,4.81647865423,0.708984375
87.2939453125,72.87109375,73.814453125,45.9086912479,38.4594828447,40.6818201932,32.1782598659,7.20916250722,2.01410721208,0.0197434350848,4.8550753019,0.533203125
119.141601562,100.053710938,39.013671875,31.5492928397,23.6891087411,11.0335872433,42.9012125875,0.155763823764,35.807048551,0.0196128562093,4.28411908972,0.4873046875
205.635742188,192.260742188,165.361328125,26.2679836433,37.0008364274,49.0736085015,78.1304638516,0.942351122932,15.613754036,0.025867395103,4.81746461383,0.390625
140.610351562,149.440429688,147.641601562,71.9065659643,72.3523035319,62.9518468921,60.1560742773,-2.40232381963,-0.0631026711385,0.0565228536725,5.31308282797,0.7529296875
151.580078125,124.498046875,82.865234375,24.7074569967,22.2695225995,19.1804598837,53.7192811906,4.75547044158,26.6128832849,0.0264113284647,4.38043663402,0.4990234375
128.323242188,124.2265625,111.631835938,48.4727090464,53.4270406202,64.9642344672,51.3526847184,-0.085557731264,8.07624859043,0.0252301935107,4.8506976448,0.5849609375
95.896484375,96.6494140625,96.9091796875,56.635234893,56.4180920711,58.8949222672,39.8740498755,-0.166047161316,-0.229127073409,0.0303613580763,5.06933795575,0.5244140625
123.859375,138.838867188,77.8095703125,55.5344571211,65.7101115718,38.9790592094,54.3772233819,-14.3287006385,29.1272926276,0.021144900471,4.92302492186,0.5517578125
67.259765625,49.8193359375,32.9375,27.6770737695,24.7785421193,17.7280894698,21.9426507339,5.41750034439,13.4511313723,0.0180152505636,4.41757917059,0.5146484375
160.03515625,151.666992188,144.442382812,52.7545793182,52.0500007912,54.3751670309,62.63350906,1.99301376498,5.05164738159,0.0382037013769,5.08480090727,0.5439453125
169.82421875,164.86328125,159.737304688,75.5760712028,79.3768507374,82.3670349843,66.5018240047,1.13918338441,3.56179731001,0.0426495857537,4.59300057904,0.572265625
71.017578125,89.44140625,64.1884765625,51.5176858626,42.6270903581,51.555554684,35.406742483,-12.5460796348,12.8345347844,0.0309956967831,4.17698652887,0.3310546875
124.775390625,124.255859375,112.965820312,46.8230163822,47.1057131127,49.6294846418,51.2198364479,-1.92669429626,6.40506182998,0.0414532795548,5.03137305887,0.7578125
140.227539062,89.279296875,190.35546875,51.0480202791,72.9388664791,63.8537804879,49.6393496095,36.7733665541,-41.0021137086,0.0239948183298,5.01376640363,0.568359375
127.470703125,91.291015625,85.8291015625,46.8809696313,44.5874894579,45.649534208,41.8826916383,14.4581851922,9.45394644943,0.0254240036011,5.03576798313,0.6279296875
123.795898438,117.302734375,102.498046875,42.9284054094,47.3068456861,49.1255963316,49.0228301311,0.404022153495,9.28098602514,0.0310691520572,5.04393696586,0.8046875
105.890625,136.625,87.865234375,33.7668324634,46.8008997643,25.5865832904,53.1854504151,-19.5353247015,22.3229185738,0.0109853651375,4.63500956452,0.40625
129.366210938,112.763671875,99.0126953125,53.9815657816,45.6482475939,44.6932779805,48.1092069831,3.99379606794,10.0200266502,0.043383769691,4.98175804051,0.7333984375
164.9140625,140.870117188,130.662109375,75.0846425859,73.1595252737,72.992421815,59.2226503345,7.78284197361,9.18108788466,0.0685708895326,5.03435281127,0.5859375
141.505859375,136.458984375,113.748046875,42.4447016722,39.1322911206,39.8583306176,56.3670174292,-1.85357468447,12.9658160351,0.0308313816786,4.8264422358,0.619140625
111.153320312,126.364257812,125.913085938,88.1226004145,77.2486039255,65.0619391235,50.4279119362,-4.12399493152,-2.06736733846,0.0575293451548,5.11985546695,0.6611328125
126.403320312,140.583984375,89.81640625,43.889892735,53.5893381688,29.9168033296,55.5087077097,-13.4988872873,24.8076576153,0.0224070604891,4.78472089987,0.5810546875
98.9951171875,128.66015625,73.2314453125,51.4194509607,53.1636415934,46.9559316701,49.7969945306,-20.259992768,26.2532682803,0.0387766100466,5.05370180992,0.60546875
126.09375,125.63671875,125.828125,43.246533911,45.2423040263,44.9044531434,52.1599709191,0.335612846988,-0.0138004604121,0.0374298095703,5.03608494721,0.70703125
118.091796875,94.6337890625,64.568359375,55.6275225121,53.3960335359,46.2180761323,40.9935774614,5.62069752804,20.6321292298,0.0860855430365,5.14311762732,0.8203125
91.8876953125,93.57421875,80.8955078125,49.6921193309,49.1685196005,53.1787028137,38.3827291822,-3.10196201206,7.24331752096,0.0367070287466,4.93762994202,0.63671875
68.1787109375,91.998046875,69.5224609375,27.6180049101,27.5300970973,39.3884585555,36.658473529,-12.3876814369,9.92547344061,0.0226972103119,4.51124627849,0.5322265625
169.162109375,185.120117188,115.107421875,30.6665707946,27.6083487993,25.1565447109,72.6017904047,-16.4826039517,33.9344314047,0.0261634141207,4.5137460877,0.5380859375
112.3125,98.6064453125,85.04296875,47.7533948401,51.4847747278,59.1788215438,42.0943878723,4.18242681684,10.1576835725,0.0285703893751,5.09862613591,0.6767578125
137.939453125,131.573242188,124.900390625,43.9655876405,40.5491419987,37.502601991,54.872137854,1.20670773669,4.35193048506,0.0299290530384,4.85127456728,0.6572265625
94.845703125,104.974609375,89.458984375,43.10089477,39.95108508,52.9103040139,42.9609890227,-5.58086480339,8.03949356849,0.0379494689405,4.95704663194,0.7216796875
129.813476562,116.421875,84.837890625,39.0777392027,33.0739841527,26.2671649579,49.1935782924,0.228171902548,19.2744073281,0.0398878976703,4.73198672768,0.70703125
97.056640625,97.20703125,75.4365234375,22.498713393,19.1105467592,18.5853151568,40.5693011168,-3.97565705796,12.414953062,0.00922375358641,4.02401685722,0.2607421875
192.793945312,193.220703125,187.619140625,63.2591050949,62.3853176046,67.1935423507,77.2503116493,-1.16297456429,2.96406699193,0.0318373180926,3.78086691941,0.5078125
143.333007812,123.736328125,107.668945312,66.3257044194,63.6951878992,57.6879805341,51.9702966714,5.32473919321,11.3685053012,0.0112566109747,4.65827353018,0.3642578125
130.325195312,107.22265625,83.0185546875,59.9714670922,41.278508548,42.3640823816,46.7223896395,5.62047532256,17.3747764746,0.0252457521856,4.8870596236,0.6396484375
127.469726562,140.9765625,125.172851562,37.6229373075,43.6743926768,48.141377137,56.9029216343,-6.78316051453,6.94607456512,0.0279987864196,4.8311079563,0.705078125
159.456054688,115.977539062,102.572265625,40.1102243831,26.6438548885,28.1089998298,52.7327906311,15.1299935248,14.384170829,0.0257094185799,4.68275221551,0.6240234375
129.3203125,114.678710938,124.966796875,55.4865810909,57.5829504923,67.4234872424,49.1559676036,8.47411200785,-2.90830508605,0.0174870397896,5.13397518432,0.669921875
133.790039062,139.159179688,143.56640625,77.4553037594,73.4567465053,73.495678314,56.4070544819,-0.816857878142,-2.9092766112,0.0410683006048,4.64108385212,0.6044921875
161.58203125,127.995117188,113.796875,62.4477837297,79.4939129916,83.4810265097,55.8944059676,12.2305793724,14.3419491425,0.0311217624694,5.24064887049,0.599609375
126.836914062,106.412109375,92.814453125,42.4103116681,40.5297451755,40.2227288496,46.134317371,6.01370406561,10.7842384896,0.040001604706,4.95346210475,0.78515625
73.328125,87.71875,69.41015625,55.6805353915,56.7104677149,35.429807013,34.5797421604,-8.74038233575,7.9809442937,0.0204435754567,4.57521453604,0.447265625
133.08203125,120.453125,121.866210938,68.7960719872,66.289991983,55.0540454535,50.9069469396,6.92448982928,0.753368702696,0.0194814372808,5.21036418649,0.60546875
143.760742188,123.083984375,119.169921875,66.2754254118,61.4271416222,58.7665737393,52.4383196235,7.86843289116,5.17535859755,0.0922099351883,5.249176868,0.771484375
169.372070312,117.2578125,91.2177734375,75.4449123922,56.9348066177,47.1421806021,53.1198023318,17.2206895497,22.2245518541,0.0195542257279,5.13814756425,0.5859375
107.543945312,98.359375,90.748046875,48.3623411092,46.0862785258,45.317467358,41.5511597693,2.3049189627,5.69466412442,0.0358083099127,5.06493943024,0.578125
99.6142578125,88.41015625,79.00390625,58.4632516108,53.1469599316,35.5073163727,37.4209679599,3.27723219188,6.31779306356,0.0649353638291,4.79339974333,0.6494140625
103.73828125,98.3935546875,81.330078125,36.627877705,35.5221981305,35.6197698134,41.4022546764,-0.771043254864,10.6062364278,0.0530709214509,4.74898611073,0.7392578125
102.890625,98.6943359375,73.84765625,41.8341889516,40.7374564565,33.0654274811,41.1715653541,-2.1694470193,14.3179374614,0.036044344306,4.84268393723,0.765625
78.4755859375,70.3896484375,47.359375,35.1660040587,28.5966960619,21.5939026315,29.85555628,-0.262471972816,14.8869429739,0.0129642747343,4.56616045072,0.4150390625
156.75390625,66.3017578125,48.5537109375,42.2490290242,59.8426301856,36.8183230472,41.8895736076,32.8491910373,32.1529550504,0.0166819766164,4.87499295859,0.4345703125
164.543945312,149.459960938,145.083007812,63.0577613933,60.5245975823,55.1537264325,62.063932125,4.98869770972,4.14695711235,0.101776108146,5.01839695752,0.6728515625
49.0263671875,48.216796875,26.5224609375,44.8252279702,28.0284779687,17.8078799765,19.4822989028,-3.13040697559,13.5042736616,0.0260843113065,4.39938055459,0.4521484375
113.202148438,116.70703125,112.866210938,59.1914527725,59.6146979879,56.9878573869,47.6835922973,-1.8443155838,1.57434817665,0.0385763458908,4.97829959443,0.6845703125
92.6572265625,84.109375,75.330078125,52.6021763018,47.5139139777,41.1364017438,35.4368634146,1.90513320885,6.16302463433,0.0251816343516,4.77046472302,0.55859375
70.5517578125,72.326171875,49.1201171875,64.0642778476,57.9085608905,47.1784782931,28.8615232301,-5.02137484539,13.3888004106,0.019888587296,4.66336949708,0.4189453125
88.4521484375,82.171875,82.201171875,29.6131248495,25.3504682449,34.4631902615,35.5224489567,3.78610080142,1.25230696082,0.0131026208401,4.47464314637,0.455078125
137.682617188,135.487304688,130.251953125,22.1659633721,19.4746889758,17.2217555253,56.4499300777,-0.180073180779,3.0697515093,0.00573136005551,4.17628767325,0.2470703125
107.274414062,126.741210938,106.596679688,36.6227320337,45.1592713187,33.1958327097,50.5349732202,-10.9171905501,8.40947327649,0.0314560309052,4.70216811156,0.4990234375
148.869140625,158.030273438,120.173828125,40.0145538079,40.3186533763,52.0876764099,63.5237645143,-8.9942749046,19.2506992539,0.0260481350124,4.9724688213,0.6103515625
99.0390625,120.263671875,90.779296875,40.2808795258,43.1474444378,32.1569351405,47.5938244745,-13.3646495605,13.3199796883,0.0146811641753,4.69080012502,0.498046875
145.5078125,141.583984375,136.646484375,47.6580218677,48.5053232555,51.5089118061,58.4366504358,0.673265529665,3.31103918164,0.0268148258328,5.09649569912,0.5244140625
111.971679688,112.139648438,110.490234375,41.8663957894,42.4270632218,40.1148242347,46.5941396127,-0.154629414652,0.739986199734,0.0126550067216,4.83832578856,0.2958984375
128.962890625,152.481445312,108.760742188,38.3782138038,45.8794663981,28.719657593,59.6957020594,-16.0955667259,19.9273332883,0.0171396322548,4.41662488233,0.2880859375
100.87890625,48.9208984375,34.73828125,42.4161740457,27.4210620031,19.3216467866,27.0674276288,21.0415900141,19.5128559561,0.0120586566627,4.57908311512,0.5263671875
137.15234375,112.227539062,82.4677734375,34.9033295888,34.2398477112,30.3052010627,48.6777319754,5.71329158098,20.2118613963,0.0252902954817,4.72890887833,0.6201171875
114.836914062,101.349609375,104.602539062,58.3722878506,58.9737994645,60.3994615414,43.1694228575,6.24011697885,0.312309173374,0.0517730265856,5.24349730677,0.7333984375
76.6181640625,43.3515625,47.4833984375,41.6864891902,27.0061016959,27.5111432994,22.5325527781,17.1956345724,4.49878406197,0.0342329144478,4.50393089908,0.53125
173.036132812,166.668945312,165.127929688,66.2827871631,71.0321283248,72.2884321524,67.694202436,2.23891025974,1.77049288154,0.0280457623303,5.11786240564,0.5537109375
112.2734375,105.439453125,101.768554688,63.0342745114,62.0452538199,64.1176907648,44.2174506839,3.35443989804,3.6610014918,0.122395947576,5.23635577346,0.78515625
98.197265625,94.802734375,78.6201171875,64.0413086318,64.5873934973,68.7956327646,38.825306999,-1.24922273234,9.98467881646,0.031759865582,4.89411562442,0.701171875
79.7607421875,72.4619140625,75.7978515625,75.1417435444,74.3475692236,77.3639124936,29.6866778755,4.28985141625,-0.771366625876,0.0292525440454,4.76227912107,0.4853515625
111.858398438,130.83984375,99.927734375,56.2781393832,56.0444136654,61.4956700421,52.4477508915,-10.9794315006,14.81658042,0.0441983789206,5.00861809947,0.744140625
124.809570312,99.9326171875,56.7900390625,45.4377779631,40.4177689327,28.7386842269,43.4254496337,4.40946422275,27.9472881872,0.0308142118156,4.87194789343,0.7470703125
128.78515625,130.620117188,121.27734375,31.7868685787,35.7589480933,40.535348607,53.901812566,-2.19176124097,5.05747838454,0.0142883155495,4.82107762281,0.4130859375
84.2021484375,81.9794921875,72.7392578125,61.6214435085,58.1736739191,63.9524464892,33.5845103099,-0.850371237261,5.95447786667,0.0343324318528,5.06867976142,0.771484375
133.4140625,133.721679688,103.581054688,25.2855650964,39.0761186099,56.2051841649,54.8696976059,-4.42989979505,16.8885246876,0.00731365196407,3.6882357897,0.166015625
172.432617188,175.108398438,136.489257812,22.5008973473,32.9551211133,27.796482077,70.4898095825,-6.93184747056,19.7818189034,0.0205193944275,4.47647783766,0.478515625
120.028320312,98.7783203125,75.099609375,59.6585350099,57.839678398,60.4770572446,42.5206391732,6.47765291382,15.2449209165,0.0273891426623,5.0800904587,0.6240234375
122.748046875,99.1650390625,98.0166015625,65.964027514,65.1072365739,52.2591827847,43.0859556832,9.7527922601,3.81606296265,0.0688477009535,5.1835886856,0.78515625
79.98046875,75.0859375,44.396484375,42.5890795469,44.9372439742,48.7946613065,31.0036672087,-2.42678276023,18.5692508525,0.0547136291862,4.78880871894,0.771484375
146.64453125,129.837890625,113.921875,27.0992210699,22.7863525202,20.1197525671,55.2711633325,3.85562354899,10.9397220058,0.0137311639264,4.35236338913,0.2548828125
137.885742188,138.76171875,138.651367188,51.6511324582,54.8006673675,60.5585697422,56.8542157984,-0.181077950648,0.304044012115,0.0184683948755,4.92211715053,0.431640625
198.818359375,195.767578125,190.671875,66.0353111538,69.1932775055,74.4678500654,78.2735346382,0.255064819756,3.23247874802,0.0318817198277,3.82517360184,0.486328125
122.779296875,109.654296875,106.086914062,46.4189284143,47.4623372591,58.9416029909,46.8599884969,5.24230547619,4.34805080895,0.0171268060803,4.80303095378,0.4658203125
66.0166015625,49.1923828125,27.7099609375,49.9095149779,37.4900650978,38.1338982751,21.3660416052,4.75026050549,14.9892725289,0.0286515131593,4.31906983301,0.326171875
81.05078125,132.646484375,98.3876953125,53.2047871379,67.5944508989,58.3233266758,50.3942625342,-22.1463530524,12.9107162199,0.0543861314654,5.20929362636,0.8056640625
81.8955078125,77.3984375,69.3310546875,70.2114539165,66.6854164206,67.463638734,32.115353107,0.642760528007,5.16832093996,0.0450972281396,4.66851105708,0.5888671875
121.421875,133.729492188,98.087890625,47.828487421,58.6368930279,34.772391755,53.2009364661,-10.1466501996,17.0000906072,0.0448180288076,4.84590230406,0.5927734375
130.998046875,125.71875,120.833984375,49.647468112,48.4323081895,48.7432064311,52.4793605105,1.25791985396,3.48700462054,0.0366151109338,4.97994236243,0.685546875
137.668945312,137.782226562,126.258789062,83.0461607593,84.1734423381,81.5350314192,55.0605557684,-1.76999993951,5.90177573119,0.041893415153,5.15623726524,0.51171875
106.59765625,102.756835938,91.13671875,71.0298423913,68.9486933636,62.8553403299,42.0907419012,-0.440521210299,6.72175113171,0.0259787309915,5.18566393381,0.748046875
100.854492188,90.962890625,50.0751953125,22.8446545507,19.0106001949,12.4127899151,38.5776438959,-2.1287829713,24.7256909715,0.00800195988268,4.17056242589,0.3115234375
150.19921875,137.543945312,104.053710938,69.3156091459,65.3005672597,59.5904483051,56.4774190434,-0.368499601392,19.7673302542,0.0342603996396,5.09173030147,0.6904296875
201.094726562,168.319335938,126.631835938,40.8150101104,50.0146714525,58.4317193176,70.7478286056,7.35523305336,26.3109937644,0.055217884481,5.09597391063,0.828125
174.267578125,163.215820312,138.508789062,59.7222140838,71.0863890675,80.2762559323,66.6711599728,0.985836540389,15.2763708678,0.0391284972429,5.01760118586,0.580078125
139.21875,131.217773438,126.056640625,51.5835847042,54.8214648146,57.746082751,54.6609186466,2.29517104467,4.10962526274,0.0499305650592,5.07480555231,0.7744140625
148.145507812,119.489257812,117.069335938,48.5049059146,48.540011301,45.1667491811,52.6007225038,11.292145508,5.93608290851,0.00950637739152,4.78074714347,0.6259765625
100.756835938,105.2265625,103.69921875,26.6836291863,27.0092475031,29.0397652907,43.8687740863,-1.88293394127,0.363510871148,0.0241712033749,4.59028694833,0.5751953125
93.234375,85.759765625,55.9853515625,68.2946979749,55.7956905533,35.4329083813,35.4602496064,-1.6463081874,17.4683219872,0.0365466699004,5.02436751236,0.7080078125
142.311523438,141.114257812,132.0703125,31.1577955989,34.1632345306,37.3768673433,58.2513459792,-1.14919689054,5.12712390514,0.0273298937827,4.77150592389,0.640625
140.383789062,116.947265625,104.924804688,57.0190498158,62.3043903978,72.5790195045,50.4744776315,8.07671116873,11.2714059906,0.057367824018,5.24527069284,0.7880859375
149.830078125,149.830078125,149.830078125,40.6428138058,40.6428138058,40.6428138058,61.6133036498,0.00517083093682,0.00236538256352,0.0117425993085,4.89359539314,0.453125
166.666015625,156.310546875,141.731445312,74.4324999458,77.4571280493,79.9761997523,63.5914349993,1.80285088923,9.38368111114,0.0331761240959,5.04687119946,0.4521484375
111.786132812,99.0361328125,100.421875,57.7932414129,55.0919301235,55.9948706321,42.3687806674,5.59548108835,1.20201381306,0.00940313003957,4.84857290628,0.462890625
151.176757812,119.084960938,102.520507812,47.6595081554,48.8108755371,58.9339504609,52.1809268788,10.776667202,14.3860877277,0.0414826869965,5.07056178719,0.798828125
158.091796875,120.9296875,94.0634765625,39.1847757612,33.9498846173,36.3765419833,53.4471111391,11.1280188236,20.3342875869,0.0313907973468,4.46524815729,0.3828125
99.3935546875,91.826171875,78.0166015625,56.6846781052,51.9773186956,43.0109306348,38.4477436079,0.617937267922,8.59664207959,0.0371479354799,4.94669957724,0.66015625
57.2255859375,57.4833984375,20.5302734375,35.0398334941,34.576705345,29.1192165248,22.7783825791,-5.92081893423,20.7308782262,0.0104918777943,4.43043232609,0.26953125
92.2783203125,74.7275390625,47.9443359375,45.9768929598,39.1059631127,24.8097414074,32.2679659854,3.34471542811,18.0604135173,0.0348475091159,4.83932714487,0.7197265625
138.125976562,139.614257812,136.869140625,44.7136587448,49.5593732446,50.8757530738,57.315537494,-0.836175116973,1.40069364146,0.0180123448372,5.01875142643,0.3896484375
115.732421875,120.153320312,89.8330078125,29.2160707928,30.7478868797,32.9479710042,49.1481542903,-6.8525714616,16.0388317194,0.0431009083986,4.6580713191,0.7265625
85.779296875,98.7841796875,48.7509765625,35.6872006486,42.8181942348,38.6844644788,39.4821097153,-12.4968052416,25.7719821167,0.017250880599,4.53501512396,0.4619140625
109.086914062,109.086914062,109.086914062,38.0636964181,38.0636964181,38.0636964181,45.5790877302,0.00410254954296,0.0018767001194,0.0255103521049,4.92384692953,0.615234375
124.662109375,111.479492188,85.216796875,56.2263412906,50.7992138355,49.3916098555,46.7144286757,0.886674099323,16.571956299,0.0256911665201,4.97742252536,0.57421875
115.395507812,143.301757812,112.66015625,38.7575196753,41.1583470047,50.7375844417,56.3292577317,-15.5411301191,13.2535040822,0.0404081121087,4.99779815669,0.47265625
150.587890625,143.504882812,94.037109375,49.9521068461,46.3833589963,25.9948272695,58.5886649091,-4.52167592303,26.481993607,0.0332414135337,4.60395653308,0.4287109375
112.4609375,104.086914062,85.2099609375,55.5153276053,50.296943098,42.5598138194,43.5350391913,0.105004244732,11.7599275325,0.0864315479994,5.13884187846,0.8515625
104.15234375,125.469726562,53.23046875,30.9816640956,40.6547374517,22.5300062368,49.2411662717,-18.727347155,35.6395103141,0.0267751738429,4.6231958722,0.6083984375
155.080078125,140.35546875,128.432617188,36.0172136796,41.9146338716,51.8199194645,59.0729658093,4.19917455724,8.86283497716,0.0320461168885,4.84650144637,0.470703125
141.633789062,138.25,133.303710938,62.834928139,64.6682187448,72.7501110522,56.702282191,0.807451807523,3.51179560259,0.039831250906,5.13633933113,0.7021484375
166.698242188,171.469726562,167.752929688,53.9848046911,54.2860898598,45.6544905891,68.9745194457,-2.14407287787,0.997032012254,0.033639498055,4.64690474178,0.4775390625
95.2783203125,85.4873046875,85.9560546875,64.5361278325,63.2134423359,59.061665193,36.0324658655,4.66437057038,0.997084405295,0.0211658850312,5.04510049797,0.5771484375
145.231445312,136.993164062,100.670898438,47.6960607022,46.1317634793,39.0813216252,56.4722033999,-2.1167785864,20.1331893141,0.0891537368298,4.95384602486,0.7568359375
146.743164062,120.451171875,97.7431640625,57.769861406,59.4706594428,59.9538352035,51.765406537,7.4529870222,16.5754516968,0.0438611283898,5.13649438456,0.7607421875
117.4921875,103.869140625,81.9501953125,52.3276928496,47.4092931707,45.4574455445,43.9301233135,1.92141802424,14.4125117652,0.0422534346581,5.04035389562,0.6748046875
182.057617188,174.338867188,179.67578125,59.1104435089,72.653873705,78.2872836957,71.0465715615,4.60264659925,-1.0821907314,0.0712868720293,5.05265453999,0.7216796875
179.767578125,183.20703125,182.473632812,58.5223204914,62.6325945789,64.0850058644,73.3938955363,-1.13895931181,0.090432198482,0.0484618917108,4.99408484785,0.541015625
179.399414062,193.802734375,170.818359375,43.9032765858,47.6726524267,53.0329737386,76.4580967371,-8.73253966189,10.1632639074,0.034581951797,4.92344311266,0.6259765625
126.350585938,154.89453125,129.5703125,49.2700936529,44.1503402956,69.4855322839,61.070182591,-14.09647698,10.7952434978,0.0308900102973,5.00694954712,0.6337890625
63.85546875,92.583984375,107.669921875,54.6546562927,57.8873904911,40.955487861,37.5580117652,-1.26797725504,-12.4212462199,0.0262880437076,4.84383121711,0.4814453125
143.659179688,140.572265625,140.616210938,15.5211566081,20.9924338198,32.1366736283,58.6623198138,1.46030339111,0.625575771826,0.00937110651284,2.39214341986,0.19921875
188.767578125,159.983398438,127.376953125,50.9676356752,54.267590734,58.2311907676,67.2553700931,6.82489649608,21.0837353345,0.0686582773924,5.11889731536,0.7724609375
151.556640625,142.583007812,138.650390625,62.7171907103,62.4854431824,64.8922998959,58.8501161459,3.11771949802,3.58151363563,0.0118468105793,4.54211347611,0.443359375
140.393554688,119.734375,118.737304688,47.9279692027,55.5843930961,57.0676710328,51.530149503,8.46945689342,3.97511967467,0.0201167799532,5.12267536274,0.5556640625
97.724609375,94.7392578125,91.0908203125,59.883320304,57.7139310204,56.2371387529,39.0824473707,0.445471133517,2.4415625156,0.0190069060773,4.8563670203,0.4970703125
59.544921875,85.7294921875,59.72265625,29.2984363516,27.9965132688,24.3525384163,33.6185912289,-15.2610067141,12.3290722029,0.0378488004208,4.55262505788,0.6572265625
85.10546875,88.3154296875,90.9716796875,55.2293213687,40.5485231627,34.8721181985,37.0112854637,0.11594353294,-1.86647014104,0.0186082590371,4.87811163777,0.615234375
146.275390625,120.305664062,98.216796875,62.1539037692,54.9997099349,51.054083141,51.5902397371,7.12437221512,15.735604982,0.0425311997533,5.17032076335,0.72265625
135.70703125,143.501953125,98.5380859375,26.1919020274,22.2076931898,26.7516521585,57.902378155,-10.4070747082,22.9575974335,0.0239822156727,4.30516050617,0.412109375
82.9638671875,81.578125,78.048828125,43.3068365603,40.3992495628,40.2289293474,34.0989098836,-0.17731419514,2.24893706559,0.0192726030946,4.52425561412,0.396484375
131.958984375,116.958984375,103.813476562,66.420537267,64.0174100262,55.5215802465,49.1934265035,3.87457929541,9.25854339057,0.0188784599304,4.98500302263,0.603515625
103.1796875,91.03515625,66.638671875,66.1794357214,62.041511544,50.9780351425,38.2095684294,1.10524456959,15.257113901,0.0370715744793,5.00818259595,0.6806640625
115.395507812,105.643554688,117.580078125,69.4908718386,69.1136610378,67.575330026,44.4528400772,6.42085811958,-5.403254118,0.0211641993374,5.22250218857,0.5556640625
110.359375,121.846679688,80.7041015625,32.357888667,35.3978632045,29.8076735934,49.1400401939,-11.3166868894,21.3813832379,0.0117800161242,4.55537896957,0.4716796875
41.287109375,49.9794921875,31.849609375,34.4927187437,36.7964546066,29.1172676137,18.7489993716,-7.4325621656,9.69901784391,0.00934015307575,3.70172438484,0.27734375
139.66015625,97.044921875,68.8271484375,43.0130536869,33.0556752998,26.4354388468,44.5859157795,13.8369147584,22.8478441344,0.0196692310274,4.82093384933,0.701171875
45.0400390625,44.79296875,44.3203125,38.9420813717,37.4025310048,37.0541324015,17.574736426,-0.00017383952969,0.329242734173,0.0212516598403,3.94873235051,0.3046875
122.486328125,108.208007812,99.02734375,69.0475649051,69.1574904877,74.5071386207,45.4548310217,4.55079247113,7.5391757571,0.036520652473,5.22173499395,0.6787109375
156.40625,148.336914062,147.189453125,59.2798332725,54.156247878,50.4644565327,61.3751185186,2.8609228749,1.49613357501,0.0548707693815,5.1751851412,0.7509765625
149.25,142.4453125,136.279296875,60.4017312718,57.6445782351,63.5636532059,58.9816110437,2.24833451258,4.70233198517,0.0143522247672,5.14020075083,0.4638671875
152.596679688,153.231445312,150.918945312,94.932646913,95.8068233981,98.621119777,60.9950963871,-0.499634842109,1.51221524067,0.041480075568,3.94479477208,0.4931640625
113.18359375,110.022460938,110.346679688,84.4000743088,79.8408725227,78.341873536,44.6598456777,1.28171976105,0.0416042041882,0.0344087220728,4.19331594896,0.3818359375
150.661132812,149.2421875,133.985351562,49.4975872704,51.8183608105,58.6744925371,61.0683142751,-1.12579690025,8.55055340505,0.0389805585146,5.13094576901,0.7734375
174.80859375,163.41015625,142.483398438,35.7807244008,35.0250152566,50.4763608597,67.5928563034,1.56664725266,12.7400656449,0.0275797173381,4.86961728416,0.5390625
111.029296875,110.326171875,115.359375,70.4651753604,64.0884326978,57.9513682667,45.539251835,1.81489354567,-3.09921059782,0.0377273857594,5.1722587268,0.6064453125
120.127929688,90.294921875,65.6484375,19.5793717483,19.7476000716,23.1935520551,40.7939758721,9.02291474714,19.1354325032,0.00721856532618,4.17532109604,0.3271484375
118.591796875,111.098632812,138.140625,50.772887495,50.8519895568,51.5320530373,47.6499052905,8.88790015261,-13.8494266784,0.0306783244014,5.14730421441,0.728515625
107.1328125,112.922851562,86.650390625,42.8525125237,35.1352702022,39.8433803885,46.1145441326,-7.31777134887,14.0927746527,0.0184871088713,4.70085489082,0.470703125
206.866210938,191.610351562,165.999023438,33.4443140092,28.7181809362,25.0891574063,78.0557148651,1.384108743,14.8072739272,0.0155410729349,4.48536915032,0.4296875
109.375976562,110.989257812,102.456054688,58.0956263903,59.5954204819,57.3978884634,45.4167945029,-2.16953154686,4.58424510924,0.0340770035982,5.16096841702,0.6806640625
88.8193359375,100.087890625,107.786132812,65.3587723134,70.0611625224,74.3111475059,40.0818807979,-2.34732604534,-5.57259618904,0.0219991561025,5.28042610384,0.6083984375
134.72265625,126.698242188,122.724609375,79.4192250958,75.0176005184,74.7523537715,52.0785079281,2.40704077191,3.31879739215,0.0251494254917,5.19209568164,0.689453125
170.748046875,172.237304688,164.98046875,63.1910622458,64.4186997835,68.6985290947,69.2190932292,-1.65665654017,3.77051052456,0.0350412502885,5.10427381542,0.724609375
155.420898438,115.584960938,114.432617188,53.7020279453,91.2711480652,88.369161707,53.3556223794,16.0618850841,11.0112460914,0.0399327091873,4.94311609348,0.5869140625
63.0986328125,46.21484375,25.546875,36.0466689429,33.2859992852,29.4944007862,20.4430134786,5.16842362434,15.2616431733,0.0242284797132,4.57911034239,0.580078125
126.891601562,133.307617188,73.3701171875,35.5319366657,39.5880656509,20.1464056771,53.4431255871,-11.6932706028,30.9416660773,0.0128728849813,4.41654994029,0.4169921875
152.80859375,143.3515625,128.650390625,57.7487358186,61.3969970565,66.0419258987,59.0488420125,1.45250319235,9.52105590653,0.02639500238,5.27974604064,0.6845703125
115.243164062,112.42578125,112.561523438,49.860552146,48.4856853007,47.9268253681,46.850946678,1.19674197592,0.257701233423,0.0194347128272,5.08482341369,0.541015625
167.6484375,157.399414062,140.30078125,33.7418890355,38.9306730528,52.0951968097,65.057018656,1.24048025956,10.6974098952,0.0201929286122,4.95085321529,0.623046875
89.3095703125,92.2431640625,65.9140625,48.6111490777,39.7020452203,34.6717931429,37.9862017968,-5.45546388058,14.9840680592,0.0183700267226,4.85724887299,0.5322265625
193.208984375,173.349609375,164.737304688,72.9646966041,80.0763358937,89.8022802932,71.3710040807,7.28656741666,8.07492594701,0.0338038690388,4.87481361547,0.380859375
120.087890625,113.356445312,109.2265625,85.0775272009,82.8629498301,85.4848158889,46.5593847686,2.51508942019,3.48998099207,0.101074561477,5.19963035176,0.6787109375
56.6904296875,107.986328125,89.8955078125,36.3653991063,25.9020052424,21.7394420166,41.848637774,-20.6438114221,5.24406985017,0.0150469671935,4.48409296595,0.5537109375
140.22265625,127.443359375,115.794921875,60.9164485623,59.4239002157,61.7585783957,53.352227567,3.38935472346,8.26423253434,0.0671388357878,5.2722213651,0.841796875
116.022460938,107.544921875,94.1904296875,48.4085446055,42.8149854844,39.3978091948,45.3302445539,1.53123720332,8.62980304786,0.0163354258984,4.7146348592,0.4541015625
76.2294921875,78.0185546875,69.822265625,38.2149179055,36.5030051131,35.8980986769,32.3088045458,-2.2193016642,4.57107273169,0.0190044231713,4.78572629072,0.4091796875
140.953125,127.848632812,115.490234375,42.7261418029,40.921532407,38.9631724951,53.9015843646,3.0308132561,8.54096089562,0.0207913611084,4.95976248239,0.669921875
109.627929688,137.953125,94.7958984375,40.0893928021,32.7382157651,23.6018475917,54.1734609738,-17.8139568887,19.5498903966,0.0159856993705,4.60705045881,0.3779296875
123.161132812,92.7490234375,81.7666015625,64.9781093929,57.1906804019,51.3916413302,41.355282387,10.7358201993,10.9424276791,0.0512955933809,5.0707089803,0.712890625
97.1357421875,101.365234375,105.662109375,63.3031068106,64.6788747446,66.2540320843,41.2639870417,-0.616005566759,-2.92050846387,0.0217713229358,5.17911291025,0.626953125
161.615234375,166.321289062,170.116210938,32.3952398477,30.3679791252,37.3580277478,67.8147430584,-0.854597571483,-2.34780726668,0.0170845128596,4.75011270294,0.53125
112.693359375,109.284179688,110.26171875,58.2284337998,62.0309139137,55.0724297532,45.2999666996,2.02864190351,-0.333938112178,0.0110507737845,5.03215112063,0.3349609375
119.043945312,113.541015625,84.171875,47.140322261,45.0801616453,32.3110455125,46.9283520787,-2.7482512465,16.7242678389,0.023877074942,4.79083477182,0.478515625
142.538085938,112.015625,79.0927734375,69.1224606411,59.3316597577,50.6353595354,48.3855443098,7.68133832048,22.5625621956,0.034570120275,5.24495890143,0.60546875
144.130859375,135.380859375,124.831054688,22.1351597622,23.872043846,29.8053216669,56.8318361535,1.60911077595,6.94453205332,0.0362079516053,4.51869226949,0.6884765625
134.8515625,121.122070312,124.3359375,59.8355284618,54.1831001423,61.9914027991,51.3435774233,5.79447100235,0.594879312366,0.026578200981,5.12894192936,0.6220703125
140.392578125,103.05859375,106.834960938,47.9367277439,49.2117007291,50.0107323286,46.8584938857,15.9083545792,4.12239512823,0.0621211715043,5.16058685732,0.791015625
133.921875,140.573242188,147.201171875,42.562244745,38.9267454404,47.8208178896,58.0868328251,0.59219225104,-3.84549831001,0.0197915174067,4.82532024447,0.537109375
77.5537109375,67.1943359375,64.1025390625,79.1872598032,76.5465693066,77.4954020398,27.7712981877,3.86060018933,3.23587874083,0.036149751395,4.39969837301,0.486328125
118.090820312,95.6328125,71.0029296875,53.0082039062,54.6380127655,48.6840799426,41.3501429633,5.98787470687,17.3656296324,0.030468037352,5.11308977215,0.619140625
112.633789062,113.431640625,107.80078125,27.0147831147,33.840521182,41.8100400922,47.2991045738,-0.950037105403,3.42344799657,0.0161650255322,4.59656076231,0.498046875
91.7294921875,103.709960938,82.66015625,33.3168686942,43.5715205241,38.5662950723,41.8086495499,-8.28009868612,10.424680458,0.0222609974444,4.89995395365,0.6025390625
177.1640625,174.633789062,110.37890625,48.7317517679,48.0134835279,58.8035907869,69.8199833995,-7.69143659875,32.2809102865,0.046046603471,5.02044004865,0.6611328125
109.198242188,102.078125,109.14453125,39.6640772028,40.7532800396,57.7964218299,43.8012496761,5.31358993882,-2.18986586284,0.0252228304744,4.59564287975,0.4638671875
131.76953125,120.94921875,113.765625,37.8865701358,37.4716476071,47.1046639435,51.2148608581,3.30567142496,5.85056059558,0.0341475084424,4.82273424134,0.59375
165.353515625,167.233398438,161.752929688,83.4717744874,78.6608822246,82.4903077357,66.7795381677,-1.86556165598,2.87299672665,0.039194136858,4.9419404511,0.5986328125
111.340820312,111.07421875,99.279296875,47.9828669548,50.6458903597,59.1372057391,45.927711639,-1.57114738373,7.21860672122,0.0312279313803,5.17661190975,0.6962890625
107.3515625,111.444335938,105.008789062,47.0654406192,40.9841912542,45.0219013641,46.2888892611,-2.01521950021,3.06165272945,0.0254099704325,4.72521921777,0.5888671875
172.1171875,173.337890625,172.06640625,44.6256558239,45.2655477632,50.3477117115,70.2187216775,-0.490296229075,0.702530200404,0.0148280896246,4.40254810992,0.3134765625
104.432617188,112.608398438,118.831054688,34.3077090033,33.5968162521,34.8048938681,46.7681908211,-1.33355818446,-4.43724494555,0.0128185562789,4.53173567164,0.349609375
108.401367188,91.68359375,83.1103515625,50.543086103,49.0511081955,46.8560016737,39.5430731241,5.5548507506,7.55339021925,0.0200010836124,5.06146819239,0.765625
127.75390625,135.998046875,113.358398438,56.1428144088,54.0802535526,54.8246268991,54.7905825376,-7.08675323536,11.114369019,0.0576745867729,5.09515666232,0.7998046875
149.946289062,129.252929688,91.3955078125,47.8892362757,48.9479503849,42.4235850177,54.5937426739,2.87176726813,23.4915434909,0.0279064234346,5.04972785978,0.5556640625
148.500976562,137.018554688,146.151367188,79.7575549849,81.6921541775,76.5613108204,56.7470489332,6.97176033201,-3.54117517878,0.0624239593744,4.99128933628,0.689453125
92.9521484375,100.700195312,98.7998046875,57.2603587728,55.9566740877,49.3361591688,41.0047821714,-2.94333181068,-0.239756373584,0.038059104234,4.74832853919,0.5693359375
105.252929688,123.083984375,94.4150390625,57.0326582978,49.2814657706,63.0989009196,48.9793060515,-12.199720809,13.9790433693,0.0740306004882,4.94667181616,0.6416015625
192.021484375,164.349609375,147.763671875,51.7223802289,67.7606861372,78.3277544538,68.9892644405,8.89198143305,13.4139480378,0.0511128604412,4.66650295908,0.5390625
148.765625,161.263671875,84.298828125,27.812952068,28.7536480123,17.0272804604,63.6722117467,-16.2202284917,38.0554135732,0.0123478155583,4.22473180737,0.30078125
105.672851562,94.162109375,77.5341796875,53.8393643498,47.3479174099,35.4720511089,39.6254463072,1.8609279996,10.6771633202,0.015221000649,4.17728750378,0.26953125
149.970703125,135.625,127.000976562,40.0722628643,48.5067448596,73.1425526411,57.2637699208,5.54349018237,7.66063199081,0.0101120248437,4.81024421053,0.4052734375
107.53515625,112.025390625,86.7890625,42.1365054574,40.8454516172,46.9120315963,45.7549974846,-6.26643885899,13.637022244,0.0258336663246,4.9373288909,0.6279296875
129.177734375,145.809570312,109.005859375,38.8918227812,32.5164902007,30.0796463064,58.1796920874,-12.5517865002,17.5925635004,0.0198375638574,4.70326641573,0.546875
89.7529296875,91.02734375,88.9228515625,73.5448450246,74.8276615953,78.6833851763,36.9674993315,-0.886175534634,1.54545224636,0.0196402482688,4.5824017139,0.4228515625
146.619140625,147.022460938,143.823242188,81.1778373342,84.1139159872,84.307328226,58.917406075,-0.565975222596,1.74227316321,0.0619651563466,5.2071672162,0.705078125
89.419921875,78.7978515625,71.458984375,84.2501705858,80.0949336339,77.7526770373,32.265882411,3.50897000322,5.93488808363,0.0602426752448,4.48500579273,0.57421875
141.751953125,121.799804688,87.4189453125,26.3179736753,26.7235551228,30.9381829543,51.9989008514,2.77464819991,21.7595531498,0.0138571402058,4.498412629,0.4404296875
91.0869140625,61.4501953125,57.5810546875,44.1346623699,36.624699497,34.4049198264,29.575843418,11.5445352508,8.67586455335,0.00936911813915,4.62208689943,0.36328125
146.294921875,157.6484375,174.852539062,29.6938304697,35.435590743,39.7000070524,64.3393125584,0.0113696391703,-10.1686683894,0.020934773609,3.66381418962,0.36328125
99.1806640625,98.6220703125,94.607421875,68.0732284441,63.5022971196,68.0420379566,40.831989955,0.762698532217,2.79247076897,0.0226284656674,5.22134142692,0.5947265625
131.473632812,125.165039062,122.634765625,42.2553769702,41.2406370576,51.4297287031,52.642056723,3.02174449615,2.74628685467,0.0506105571985,4.92250200102,0.6982421875
108.09375,125.104492188,100.96875,71.4197881039,66.3977554812,58.933846321,49.3745627652,-10.4269590055,10.9461287383,0.0769291818142,5.18724908082,0.7548828125
134.9609375,125.698242188,107.161132812,56.4999173594,48.1365018402,64.2435886658,52.5559173994,1.41539583982,11.8571838374,0.0533030107617,5.14533349935,0.7578125
149.245117188,117.342773438,116.434570312,42.2530448652,45.3651707514,51.921568106,52.0162400196,13.0092753691,5.75535212166,0.00825182255358,4.9880934366,0.4931640625
82.392578125,78.3544921875,61.2236328125,32.2009405129,29.7152554356,28.4569608563,32.9087533852,-1.44693478388,10.7562581953,0.0462954565883,4.62928375221,0.6884765625
136.580078125,107.810546875,75.0625,66.1902253452,59.6028297201,34.3126138432,46.5696590426,7.23957401929,21.8012407958,0.014881150797,4.62117636015,0.3125
144.219726562,144.087890625,129.7734375,51.0684624113,53.7571769359,66.0105596245,58.773227066,-2.10210222797,8.12695716738,0.0244870223105,5.23650439232,0.6923828125
96.1201171875,94.3076171875,58.7568359375,14.1746302306,9.98818152135,8.7039217627,39.3720727487,-5.27832838304,20.6960358916,0.00201850477606,3.60743030211,0.0556640625
59.0419921875,63.67578125,37.44921875,45.5589975756,39.9365262911,30.3054012206,25.4180475223,-6.51365704669,14.6024527499,0.00939582008868,4.63952686448,0.4384765625
136.26953125,138.427734375,135.581054688,48.5272516199,57.8502803271,46.9094797404,56.7019286774,-0.672801056125,1.09752894974,0.0267533175647,5.1113587148,0.642578125
185.489257812,145.161132812,124.755859375,22.2845562465,37.9350598099,39.9825030683,63.5564989377,12.8762165302,17.3567189626,0.02020801045,4.72317696354,0.55078125
92.78125,115.034179688,74.2001953125,47.0433954417,44.7327983231,45.1826151401,45.2577558802,-15.9375718071,20.0145929964,0.0514091774821,4.95484447538,0.767578125
121.737304688,134.946289062,87.2353515625,58.107627906,53.5078488502,53.9276522756,53.5713117656,-12.711885889,23.8290430822,0.0987159982324,5.19421546928,0.7939453125
128.36328125,123.637695312,92.228515625,48.1680698036,36.0208352381,38.9210003081,51.3640043641,-3.11186134307,18.127432508,0.0299845710397,4.93586472154,0.736328125
121.7890625,114.314453125,87.546875,59.3105278049,60.4624330203,59.2376515844,47.2493702017,-1.19873265902,16.1113497122,0.0346148908138,5.16559420067,0.771484375
131.903320312,116.588867188,114.88671875,59.390009852,68.4531939275,66.2598080842,49.3629656221,6.38285653455,3.36524903425,0.0387824326754,5.08192350015,0.5927734375
132.66015625,126.751953125,114.655273438,55.6363729102,59.0171700726,54.4043142203,52.3690626284,0.376280791536,7.41506194947,0.0592737421393,5.23678441255,0.8427734375
115.715820312,137.448242188,112.501953125,41.2180546723,32.2563168601,30.7419005481,54.8706597406,-12.5863792187,11.0250943967,0.00955560151488,4.4712375195,0.3408203125
138.98046875,114.85546875,49.513671875,30.9594241977,24.0705467344,16.3558991829,49.3223904369,1.53373932338,38.6880099269,0.017621550709,4.20472416926,0.3603515625
115.95703125,79.8154296875,81.2177734375,63.1762176916,48.8739421662,49.9102948866,37.3918752569,15.6047586959,5.67818496113,0.0317448675632,4.98038106046,0.5703125
68.587890625,66.4111328125,34.837890625,14.369431321,11.1989254283,10.1993360041,27.6385473813,-4.42254157771,19.5577491444,0.00707503082231,3.76457255181,0.2421875
122.389648438,100.424804688,95.861328125,34.077713493,32.0099503872,33.8234488482,44.1977830195,8.2609611702,6.01885587828,0.0102196959779,4.71439073228,0.5078125
106.59375,129.815429688,101.840820312,37.8080446755,36.7150146532,40.405356401,51.646289637,-13.5387481679,12.5377527193,0.0415485613048,4.8480376103,0.6376953125
141.244140625,133.998046875,133.385742188,36.6113851193,39.3265822862,46.7470193719,56.3312916388,3.39315791465,1.82961116798,0.01481487602,4.94787244389,0.361328125
129.215820312,135.040039062,97.2216796875,54.6974571624,57.4577235751,40.6786986294,53.9009659769,-8.54457417745,19.1445294018,0.0255535617471,4.4808592015,0.40234375
144.436523438,98.103515625,58.6826171875,27.6054065488,21.9879012218,15.9262169186,45.5421055419,14.4582206966,29.6334228771,0.0105179343373,4.30580475242,0.3603515625
154.18359375,142.420898438,125.037109375,33.5713949511,32.8468509593,34.3930150215,59.549089586,1.58084182904,10.9168390878,0.028806084767,4.72042477164,0.6611328125
169.059570312,156.1953125,121.337890625,22.4318274125,27.70169179,42.6235690953,64.6126259207,-0.420491754322,20.2878515231,0.00518853217363,4.400926714,0.1201171875
119.938476562,130.424804688,88.5537109375,63.6556526422,55.8204624951,54.2756369966,52.0273483824,-10.8726780422,21.515608941,0.0557581931353,5.22198709072,0.8037109375
117.267578125,107.682617188,109.625976562,38.5784089397,41.0038328356,39.9011932611,45.8973060647,4.36180674308,0.303684004285,0.0310472287238,4.93038124288,0.7275390625
91.39453125,88.7265625,84.4443359375,68.0800784332,67.7954287088,67.4974885756,36.2259110379,0.313075506031,2.88033586687,0.0461248010397,4.77259863157,0.5390625
129.4609375,107.505859375,84.9765625,32.35651073,38.7150795885,32.3570087181,46.7153699306,5.60667738964,16.1973506645,0.0119804535061,4.57819707378,0.3779296875
201.5703125,165.87109375,131.823242188,47.6135252899,46.2281302218,42.6013842071,70.0407379838,8.55056203491,22.6664295295,0.0511083565652,4.89804746306,0.669921875
102.086914062,98.6162109375,95.8671875,68.1804480818,67.2247874068,69.1301135195,40.6831358896,1.14793877853,2.27532576505,0.0284194462001,5.29973537718,0.6962890625
150.590820312,132.321289062,121.819335938,66.2822706907,68.2970111665,69.4596863264,55.4857015754,5.63460655467,8.48061948284,0.0787730142474,5.33598716108,0.7490234375
116.844726562,127.583984375,78.978515625,52.3443592457,50.6747130271,52.5099648964,50.8891153028,-11.8997501135,24.7092494273,0.0205726251006,4.956451946,0.435546875
146.97265625,119.318359375,105.934570312,60.8047049409,56.0284196061,56.5987851174,51.7879379032,8.79365238463,11.7464513004,0.054258517921,5.18697750898,0.8408203125
186.169921875,181.850585938,151.060546875,59.4815034406,61.7222399302,79.8435741564,72.94033931,-3.14616893229,16.9724281238,0.0660248920321,4.73392096555,0.673828125
97.1669921875,98.185546875,88.17578125,28.2209897425,19.8942209066,29.7521066641,41.1764352595,-2.41269104772,5.79280699927,0.00489555392414,4.42816932773,0.2138671875
153.8984375,150.74609375,153.68359375,67.1566167212,61.4170234218,59.2361821669,62.0967823309,3.20325540101,-1.10048238229,0.0325344242156,4.85955024289,0.5390625
123.85546875,136.703125,133.08984375,49.5732630315,56.9110612841,76.9083498188,55.0977985556,-4.38097881039,0.952510933401,0.0202280785888,4.94326718312,0.474609375
166.624023438,154.801757812,115.44140625,59.6825443707,57.2690910175,56.2725517672,63.2776497211,-1.29905799239,22.2040805524,0.0430269502103,5.01428886277,0.61328125
130.638671875,137.409179688,110.711914062,46.437545304,50.1640429471,35.0815458333,55.4400981179,-7.04240486369,13.0550102976,0.0168835967779,5.01271165395,0.5068359375
173.693359375,141.4296875,136.860351562,42.3151738774,34.3224162797,54.3666932437,61.4549506247,12.1887221422,7.52737648193,0.0308205857873,4.89404676201,0.634765625
139.768554688,133.147460938,120.684570312,31.2302460606,31.2249701855,31.5494885961,55.5912210678,0.34383151705,7.63922225154,0.0434228479862,4.66024057595,0.6318359375
110.407226562,104.77734375,100.264648438,55.4441158901,52.8577398171,50.1314023369,43.7330138196,1.57733774483,3.23311967296,0.0274386499077,5.03663469061,0.61328125
147.372070312,126.903320312,81.3564453125,30.5783963199,31.4501935841,25.8647114483,53.8302738374,1.53947475842,27.6201275214,0.030957357958,4.20396524877,0.4736328125
138.116210938,124.010742188,101.329101562,40.1828483274,39.0165339781,33.9076769972,52.2458991247,1.73774067098,14.3172739993,0.0224729217589,4.80178957948,0.505859375
112.588867188,112.29296875,91.1796875,52.1777864565,53.2088502736,55.8258044884,45.9453705088,-3.37716690628,11.7964593998,0.0204309634864,5.06280081503,0.6328125
116.918945312,101.811523438,99.861328125,71.2632681757,66.0868762976,65.3861449973,42.9976908497,5.61797065218,3.3984210117,0.0283236168325,4.96870230262,0.6123046875
97.9189453125,98.947265625,99.7666015625,13.1479068134,13.3849682605,17.8788025286,41.8846398073,0.00823950941284,-0.452207639907,0.0048404475674,3.80786598823,0.1923828125
137.306640625,103.94140625,66.6279296875,59.2127694444,53.0412067514,40.532529871,45.6579478092,9.01718576845,25.6480380866,0.0359992086887,5.02177372245,0.65234375
143.072265625,139.497070312,139.206054688,50.3721177481,50.8710455236,50.548432863,57.6427175031,1.3254402038,0.62690025588,0.0279593206942,5.04103245695,0.478515625
111.89453125,133.407226562,89.4443359375,39.7895171272,38.7019256541,36.7510207547,52.8586644175,-15.0253824957,20.4363558376,0.0384887754917,4.68777352579,0.603515625
120.927734375,122.787109375,130.369140625,32.453040779,37.5211345372,40.8404439275,51.2214974381,1.18776228712,-4.15918901628,0.0107862707227,4.68979464219,0.455078125
87.68359375,97.494140625,79.9599609375,57.856026557,50.1108923106,54.0988620346,39.1927858058,-7.4922871473,8.97153894245,0.0424692519009,5.11100133486,0.73046875
57.7646484375,57.2431640625,54.53515625,43.5696537378,41.3463889481,39.484628318,23.3655868308,-0.33690841975,1.62661279191,0.0145785873756,4.82662676535,0.4931640625
134.537109375,163.268554688,90.5478515625,33.2301484125,49.8194508507,31.6816386232,63.2784925954,-21.2201442253,33.9682050411,0.0343516394496,4.76706818938,0.669921875
108.12890625,104.71484375,103.481445312,79.1350641826,78.4375792727,77.932260045,42.8167965895,1.27243431829,1.15108312593,0.0663721263409,5.3181533591,0.666015625
125.825195312,123.908203125,126.645507812,62.1751849455,62.6376715839,68.2690586895,50.9959229945,1.30067884342,-0.928359247772,0.0498656891286,5.08572162464,0.638671875
83.7314453125,119.193359375,137.032226562,44.8169578878,40.8797984908,68.5348190512,48.525247969,-3.2140079688,-11.7684849578,0.0108126327395,4.78923343827,0.357421875
156.64453125,136.698242188,116.4921875,19.0815634538,20.1842043758,23.0120115014,58.1965085181,4.54603267063,13.6655118161,0.0172316916287,4.03219696023,0.2900390625
116.00390625,88.6416015625,57.7041015625,32.0086655805,25.4391021411,32.561890331,39.8887201724,7.99692640253,22.013177025,0.00998956151307,4.49190381572,0.3388671875
127.380859375,117.606445312,110.358398438,58.2827619178,65.0624729636,74.1671430301,49.2275875714,3.47498305854,6.16496496302,0.0776055157185,5.25354352246,0.73828125
150.209960938,144.16796875,136.831054688,54.5737375527,52.7035406092,53.7321352258,59.4531803035,1.20289347253,4.74534097915,0.0487773008645,5.12138521701,0.7255859375
98.8935546875,96.5068359375,82.2890625,49.7462250988,49.6565740249,49.2308659443,40.4093615276,-0.328470100904,9.02278383229,0.0334054939449,4.97984095096,0.6611328125
86.0673828125,73.0859375,62.8876953125,41.4661518424,44.6478455779,46.5476075698,31.4022491826,4.05629449409,8.4755609005,0.0192011855543,4.61623633519,0.4541015625
105.493164062,98.7197265625,110.883789062,35.7501359283,34.1631334773,37.9793731396,42.4387849732,5.20026085738,-5.81569859435,0.010146908462,4.73773362537,0.46484375
102.258789062,119.681640625,75.716796875,45.1793347232,36.2710097365,36.8771433579,47.5762359135,-14.6516345719,22.1767896108,0.0135146835819,4.8988241235,0.5302734375
89.87890625,81.8798828125,49.2763671875,37.8273341818,39.135609404,25.5920670251,34.3349914406,-1.34366804665,19.2516427723,0.032503798604,4.75299696875,0.580078125
125.7265625,135.131835938,126.502929688,60.6331618016,53.6827631982,69.991545187,54.6859950432,-5.02214198016,3.99858248886,0.0243950635195,5.15169975397,0.552734375
101.168945312,90.9716796875,51.8115234375,31.8351124887,29.520685589,23.7727404294,38.4280371892,-1.68106860315,23.699953559,0.0416087508202,4.61214749387,0.67578125
148.087890625,110.145507812,73.5966796875,44.9309158277,34.4680178885,32.7020825012,49.4711985332,11.1194870704,25.7574139544,0.0295158997178,4.74747028321,0.7060546875
109.8125,100.609375,103.412109375,39.4174374484,36.8953036,34.4749695466,43.0606428396,4.27983046524,-0.381016132609,0.0196168478578,4.72131487697,0.404296875
134.376953125,149.595703125,112.370117188,35.0406083632,29.6249443086,46.43319636,59.761918177,-12.0578351081,18.1877641396,0.0149154262617,4.66228782779,0.478515625
93.1259765625,76.7421875,52.67578125,68.1810173149,55.763398207,45.2324763135,32.3377672785,2.95232254005,16.0379507672,0.0124579202384,4.69117027955,0.54296875
153.727539062,121.787109375,93.0322265625,67.5742862595,73.3480145613,77.3842503591,52.4377894637,9.6641832403,21.1702388241,0.0168673340231,5.21183221816,0.6123046875
148.811523438,147.206054688,113.759765625,42.5622088833,44.7204590264,58.6850280891,59.9245521899,-4.61289891512,18.2954586021,0.0124711859971,4.73260474537,0.3017578125
161.465820312,160.053710938,149.28515625,35.7532341701,46.1506327605,54.2513566792,65.4360856366,-0.693361862104,6.37397709523,0.0341013558209,4.70735995836,0.5205078125
221.653320312,208.674804688,198.079101562,36.0984429946,52.034925827,60.5707762725,84.2589383054,3.41463382345,7.46444189818,0.0342032685876,4.10086999287,0.57421875
73.77734375,116.60546875,91.3525390625,27.7863155248,29.2470719918,29.5609429657,45.1957721447,-20.6399540672,9.37437616414,0.0105578964576,4.52620362727,0.4697265625
111.576171875,104.05078125,92.8203125,59.0830326297,58.3551170583,60.9192836354,43.45085797,1.51283140227,7.38614548994,0.0344320572913,5.20747168217,0.7861328125
110.806640625,117.307617188,119.74609375,55.7883636469,31.4419122864,46.9366884123,49.7102462307,3.23058973758,-0.598753513644,0.0148380640894,4.24776644035,0.5068359375
214.005859375,146.458984375,107.788085938,50.549422413,47.7705113561,43.2112929061,66.382564482,21.6194585056,30.9844655434,0.0501620061696,4.85683294876,0.72265625
140.161132812,96.6640625,51.7587890625,42.6157936938,43.1015384267,31.3415132069,45.0588124753,12.5643515094,32.2434669397,0.050105817616,4.82954726779,0.73046875
49.419921875,147.647460938,194.444335938,33.6525710848,27.8164276264,35.2694542276,57.7795542047,-10.9840059446,-31.7900657881,0.017357647419,4.30534407322,0.33203125
161.95703125,157.010742188,133.30078125,82.9619883625,82.7307431441,66.2848180865,62.9607675115,-1.57511737329,12.1843970828,0.0616991445422,5.05309202636,0.6171875
112.6484375,110.416992188,94.638671875,56.7741502639,58.5492493041,65.4954846114,45.4806849707,-1.75573174465,9.59079614303,0.0361258164048,4.93271103387,0.669921875
103.341796875,86.83984375,64.138671875,36.0329760413,29.8712689612,24.8265134506,37.6401256744,3.16581093281,15.7339122234,0.020149840042,4.65330082567,0.5
96.5625,98.3115234375,102.370117188,49.7802985628,48.1159044167,46.3716382456,40.8688758566,0.363896538667,-2.68815207819,0.0475531257689,5.0232248185,0.640625
81.125,79.0234375,67.212890625,62.7708195044,62.6856106201,56.6947141723,32.0298461823,-1.26672875249,6.79348567614,0.0767819434404,4.66344206185,0.6328125
115.61328125,148.338867188,78.1171875,39.6990492469,45.8348066972,37.0497703885,57.3065847632,-22.6174631044,32.2465925181,0.0201815366745,4.64210200732,0.4033203125
60.1015625,76.4287109375,108.084960938,54.1359096747,34.4583194199,22.7578885791,32.8707031808,7.85744560271,-19.9487761017,0.0152764571831,4.57788514978,0.458984375
80.0302734375,116.329101562,59.9560546875,23.7696066586,16.6921252009,16.4358667933,45.0902400705,-23.7880087491,26.9778140266,0.00687024276704,4.01776343093,0.234375
148.830078125,141.294921875,134.8359375,38.4523400417,35.8206106325,38.2335856005,58.8991195778,1.61346624945,4.52851990593,0.0322373621166,4.85359806418,0.51171875
118.8515625,120.348632812,112.513671875,70.5817859875,63.6114497642,63.9941388963,49.0445764968,-2.21432202873,4.21457871006,0.0321659147739,5.02411526423,0.4775390625
108.13671875,89.9150390625,74.05859375,45.4117540041,40.6778695448,40.1153912314,39.334381647,4.92211113083,12.3707406545,0.022361561656,4.83192800833,0.626953125
120.555664062,103.271484375,59.78125,36.9616147376,30.1725591802,23.8914578419,44.2951751395,0.988257376206,26.6024710003,0.0198084227741,4.58263265019,0.517578125
136.548828125,140.368164062,141.63671875,40.5525021215,45.4143704257,54.2005180024,57.5792037528,-0.769321815936,-0.775120130421,0.0110058495775,4.91579841702,0.423828125
76.9912109375,57.515625,57.189453125,55.8573004064,53.9573557565,44.5872262889,26.4763351218,8.34021205949,4.65812642993,0.0188249386847,4.68282020668,0.4638671875
132.365234375,128.548828125,128.296875,60.0442333886,64.6128612164,70.9992005209,53.2884337301,2.19748067086,1.26493486868,0.0216937437654,4.65389257974,0.5087890625
151.5859375,141.006835938,94.3583984375,46.3945001697,42.8526380294,58.8410984846,58.3063250653,-2.33779894239,26.1530922813,0.0173947550356,5.07503207086,0.6728515625
139.280273438,135.932617188,116.4375,52.7574654219,52.9713803789,66.5665491726,55.8229915586,-1.61873619094,11.3520478406,0.038072951138,5.0474448753,0.6435546875
141.54296875,113.59765625,84.7998046875,67.3391900238,59.9713980849,47.0384645625,48.7408493835,7.26958695392,19.530190539,0.0464399792254,5.1646820864,0.6650390625
117.58984375,117.40234375,109.0078125,56.282123938,55.0591854349,63.3900833991,48.3171561317,-1.2128859979,4.83685587352,0.0453728735447,5.04737151424,0.65234375
119.7734375,71.8427734375,90.69140625,53.6020623792,55.0502760846,52.9678234098,37.6996031185,22.3528378456,0.630412963778,0.0104405535385,4.84774601888,0.4287109375
110.229492188,109.361328125,102.927734375,43.000148407,43.4276102567,48.3460492781,45.4807794874,-0.522357428382,3.96988051261,0.0402341857553,4.98270039029,0.685546875
135.465820312,144.116210938,75.638671875,52.3044797066,41.4691994477,43.470404675,57.4867683823,-13.6259887033,35.146986245,0.0292000789195,4.99448804307,0.669921875
156.067382812,105.9609375,87.25,47.0379703524,56.2578678308,53.0787482485,49.4102754003,18.3271092073,19.7381957788,0.0717824548483,5.09694198085,0.7724609375
125.142578125,123.771484375,88.2900390625,29.8090142026,19.2523468371,23.2612720155,51.1589026504,-5.5995116852,19.7838273954,0.00835964642465,4.42532299623,0.37890625
102.083007812,62.162109375,45.587890625,33.261980107,38.7919517094,30.5642587979,30.6352919732,15.3902823764,17.6398861455,0.00911809969693,4.68923576093,0.529296875
197.473632812,191.135742188,180.959960938,43.0113912065,47.1794708798,54.4592680215,77.3671029047,0.771543459809,6.25816910453,0.0337542928755,4.51380249165,0.5458984375
48.8818359375,48.6376953125,42.8994140625,52.5963652624,47.7138543756,48.9646380657,19.2816088609,-0.961225009471,3.38683012856,0.0349159240723,4.55971690821,0.515625
114.037109375,110.092773438,100.470703125,57.0366058259,58.0904650978,62.041908098,45.5663137013,0.0215898561376,6.13433657535,0.0412718616426,5.24322357754,0.75
159.0078125,136.060546875,119.84375,31.8711691555,27.2175524653,27.5038172067,58.1760595014,6.17077315168,11.9315517549,0.0230413526297,4.50480660132,0.478515625
163.201171875,163.016601562,153.620117188,90.8008238289,91.511732501,96.069845734,64.6785973368,-1.4536020616,5.18581445621,0.0714912712574,4.8236828572,0.5859375
131.252929688,141.012695312,116.712890625,42.7805936218,41.1093581927,31.1220755065,56.8612486277,-7.98125892064,11.6594040081,0.021750241518,4.9025650509,0.6123046875
136.391601562,110.096679688,87.486328125,35.6915766029,31.9679012093,35.7709429559,48.1730699204,7.0958885805,16.6963810937,0.0402109771967,4.80613083699,0.6455078125
149.086914062,140.166992188,132.966796875,64.459768708,69.8673299425,76.9004078382,57.6419007525,2.88413736429,5.62710608043,0.0380457155406,5.02014655204,0.6640625
91.4619140625,109.936523438,86.404296875,27.2021245625,32.808197248,26.3117321201,44.0079353274,-11.5961029157,10.8259038835,0.027478273958,4.64325618125,0.5986328125
139.508789062,121.58203125,107.891601562,72.4002945928,73.9004101113,70.825772199,50.8552984484,5.14179725835,10.2508768973,0.0211384370923,5.04998277687,0.51171875
126.375976562,126.786132812,108.509765625,58.1024338674,55.0125887856,49.1446158191,51.9350124077,-2.99936850395,9.59340479781,0.0363709814847,5.19105108721,0.8154296875
116.415039062,120.596679688,107.967773438,53.4299757897,47.3414544484,48.0296126157,49.3818417356,-4.21398482747,6.51356027578,0.0183186884969,4.69182957573,0.505859375
82.7802734375,77.447265625,72.740234375,65.4165555779,67.3950366799,69.3628290446,31.8208007159,1.70933211509,3.84481340509,0.0245779156685,5.09291349922,0.6005859375
87.390625,88.521484375,31.109375,47.1384445966,36.4723719193,41.5131726788,35.9657829518,-8.90876116434,31.068612207,0.0320535860956,4.56187136133,0.4345703125
68.349609375,104.228515625,64.919921875,52.1378772299,41.4946171131,48.6897607947,40.2274371643,-21.1295415163,18.6776904501,0.0349472910166,4.33386402275,0.5302734375
81.462890625,77.8623046875,69.97265625,56.1120408014,47.956743051,39.5702652625,32.2999584965,0.196026505616,4.82178886124,0.0199486240745,4.97040100873,0.419921875
169.203125,142.120117188,138.696289062,59.4438560449,61.2204347138,50.0982486468,61.0241751337,10.587619692,5.86930411043,0.065209031105,5.22867859438,0.8505859375
140.686523438,135.274414062,131.1953125,63.645352022,71.8573612164,81.3799617913,55.5082715991,1.91209570642,3.63065379467,0.037514526397,5.17373666767,0.625
104.0859375,114.029296875,99.8466796875,34.7597563516,36.4984899235,29.9969550654,46.4907630793,-6.41435379813,6.49547329385,0.0290831923485,4.80559740303,0.7001953125
207.19921875,204.123046875,202.604492188,36.467362326,39.0562557021,38.638913596,82.0400944925,0.839171966731,1.14275489549,0.0107195451856,4.5549643839,0.625
147.889648438,172.861328125,87.6123046875,29.3308266649,30.1827168279,25.237061292,67.1455587399,-21.7254089008,40.324299096,0.0109187383205,4.51312519997,0.37890625
153.811523438,126.368164062,111.795898438,51.422942047,44.2048918451,47.7364626464,54.5753518477,8.51350032015,12.0857090306,0.0334273763001,5.09669886497,0.7939453125
121.180664062,105.94140625,99.142578125,50.4679815842,49.5129647279,50.236133655,45.2589451483,5.07862006787,6.16340612744,0.0300465077162,5.0856389206,0.658203125
118.268554688,128.37890625,78.2080078125,40.7372385532,37.4826650607,37.4362047764,51.6576323812,-11.5637829556,25.8406743028,0.0294212587178,4.83856933345,0.6845703125
67.02734375,85.86328125,65.310546875,44.6431514464,58.3328345722,46.2862320716,33.669914067,-9.57741136051,8.84375264504,0.0238082930446,4.66393551795,0.66015625
186.126953125,184.4609375,183.01171875,52.0002206284,53.1552895039,52.1903242067,74.5075182916,0.369029010727,0.924020586478,0.0388367585838,4.74673181632,0.7099609375
156.891601562,143.702148438,116.33984375,60.0449779964,49.8869831633,43.3887961486,59.4994996709,0.467859789142,16.2280877055,0.0411977246404,4.93857905487,0.5576171875
71.318359375,80.20703125,50.080078125,35.8759284348,35.7548088627,37.5349763137,32.2993041807,-8.51723028679,16.2415471531,0.0125770280138,4.76816797953,0.546875
131.321289062,156.522460938,87.751953125,34.4756947885,45.0525461809,34.5212937583,60.9152920094,-20.0718607682,33.0134950043,0.029355822131,4.60838084138,0.3857421875
105.75,86.7900390625,54.3544921875,28.3641567938,23.0555515108,27.2978421647,38.1758752873,3.01750699362,22.1498308573,0.0104232029989,4.2374251574,0.3154296875
127.161132812,110.590820312,65.5830078125,41.8726260181,33.3422058234,22.4857798887,46.8591608926,0.000156358099712,27.0930559568,0.031543366611,4.78078148643,0.5419921875
111.6953125,113.517578125,81.2080078125,47.3300097378,47.680595048,36.7561736728,46.3268109849,-6.12735809099,17.6214618346,0.0599730238318,5.00985497429,0.8125
111.8359375,113.364257812,105.248046875,39.8926102069,38.5889183696,40.9773064589,46.9219229313,-2.10875396734,4.36470418359,0.0268905721605,4.58397834336,0.408203125
109.0078125,109.641601562,103.024414062,37.2080817191,37.363546894,42.3939438395,45.6697547952,-1.13737148356,3.78123902792,0.0304746609181,4.81262474366,0.5537109375
85.62890625,89.697265625,77.33984375,49.5236585702,53.2000953831,47.4156501719,36.5374303382,-3.74228800804,6.51488796847,0.067467674613,5.09987941717,0.826171875
150.794921875,132.227539062,97.1005859375,44.3249380198,47.3439045315,47.1711337476,55.8661469354,2.3530359842,22.0098501302,0.0866527110338,5.03639674022,0.7587890625
130.891601562,133.122070312,131.866210938,68.7975756393,67.8154934622,72.4226464421,54.0600836907,-0.891120894031,0.722045279624,0.0500521212816,5.08969260002,0.6484375
128.895507812,103.565429688,86.064453125,39.344157307,30.4649455351,21.1231449374,45.5779866962,7.4893529875,13.4913561855,0.029204396531,4.67863646368,0.572265625
143.901367188,135.672851562,110.297851562,27.2213337983,29.0812339699,37.3817687651,56.4590971108,-0.963958776829,14.9681151023,0.00966394413263,4.37151714363,0.3779296875
158.701171875,114.491210938,85.8076171875,34.5747118824,31.8381208362,23.021964304,51.7849632867,13.9247096064,22.606549388,0.00988861266524,4.56172128877,0.38671875
79.0439453125,80.0712890625,66.623046875,46.6905226438,38.3934935576,32.9353429099,33.0348306231,-3.09217502546,7.73094499753,0.0327987968922,4.73939918426,0.5625
109.932617188,117.825195312,114.598632812,71.4356158885,66.1794709333,69.3263204639,47.4954860281,-3.52064612917,1.03315358344,0.0804924070835,5.28621073464,0.6787109375
169.028320312,153.479492188,153.27734375,85.4390326462,88.7124676874,93.2921383636,63.1525928116,6.2958173482,2.74259756764,0.044708058238,4.96699996423,0.6298828125
64.59375,82.9091796875,50.9111328125,18.3215368061,23.7316654911,14.0187135353,32.7888398858,-13.4383470974,16.2177429074,0.0127911241725,4.17951393276,0.45703125
141.98828125,145.459960938,130.874023438,37.2745810697,36.5929675194,40.6220040845,59.3778728437,-3.96636886239,7.43485317309,0.0366502143443,4.93512635843,0.7529296875
165.138671875,155.56640625,111.129882812,36.9244148327,34.3518598872,25.3532797586,63.7086328266,-3.37177340564,24.4068359457,0.0204853862524,4.52598889506,0.5205078125
126.454101562,98.8330078125,86.3603515625,43.7154980337,43.3996512751,48.9966918354,44.2061814462,10.9996109291,11.8127270861,0.0256052948534,4.77862212208,0.5341796875
114.263671875,115.087890625,89.3916015625,26.4226984384,23.3159784989,24.2352961175,47.6651875342,-4.90212442425,14.2867374665,0.0136117860675,4.49012332594,0.548828125
157.395507812,95.19921875,58.7451171875,37.7357280986,27.5523535635,20.8293961912,46.5859320752,21.6597339089,31.3194865204,0.0292371660471,4.53229222394,0.5517578125
140.5625,146.360351562,104.150390625,25.9084551233,27.2025466673,24.0570375262,59.1178255602,-9.17854751789,21.6491120736,0.0186547618359,4.50180388392,0.5166015625
154.288085938,147.184570312,155.51953125,33.9147888823,35.1695407684,38.6294193641,61.5464369028,4.43669554804,-3.2899415972,0.0242693088949,4.59448390607,0.4541015625
120.021484375,74.484375,54.9736328125,37.4737607073,39.5109477264,33.8925272934,36.506205291,16.9402593093,20.2050630117,0.0196961071342,4.79613476008,0.609375
158.489257812,145.239257812,125.078125,30.4780896236,33.006337901,28.9881399172,60.6231641575,1.67630476624,12.5098238953,0.0182694923133,3.71132937337,0.3193359375
152.09765625,129.962890625,113.538085938,43.8755367931,42.4538190025,39.8565116162,55.4225505255,5.95460731405,12.0671797219,0.0253196042031,4.86992035211,0.556640625
161.672851562,109.369140625,48.9697265625,69.7614056344,51.7783405267,29.3357460717,49.7903141172,15.05721545,39.3447686373,0.0231936965138,4.99849217942,0.5390625
121.005859375,85.857421875,85.171875,44.0617017308,32.1348656968,25.2263919261,40.1131870498,14.4252323256,6.28758694065,0.0226418506354,4.67376279253,0.56640625
130.780273438,155.48828125,91.189453125,38.5363510604,49.4598742371,36.6888474797,60.5586955798,-19.0302784963,30.3527773853,0.0238385498524,4.83172046271,0.64453125
148.573242188,106.083007812,93.2060546875,47.4714398805,34.7638790901,33.9994761342,48.9921029335,14.9138974185,14.7772771008,0.0305678844452,4.83364920521,0.6748046875
116.796875,105.302734375,58.064453125,47.2689461643,39.7622592184,35.0011404124,44.3391644678,-2.10026911863,27.9159562303,0.0502445660532,4.92979580299,0.82421875
116.712890625,117.420898438,116.747070312,24.8178046487,17.1174593564,17.4567403711,49.2830400476,-0.36097705423,0.336187525716,0.00439293449745,4.13851922762,0.1435546875
108.760742188,128.405273438,46.08203125,22.2250646318,19.033451523,24.4419575014,50.6318804735,-19.6147578736,40.4374374406,0.0127728506923,4.15213614346,0.2978515625
100.349609375,104.448242188,71.30859375,32.224657555,28.1813195975,35.6788584707,42.8206603764,-7.50448169485,18.3006981747,0.0127353128046,4.63404495209,0.380859375
143.017578125,123.477539062,104.327148438,41.7148018215,40.8651493697,39.1542847331,52.644034531,4.51082035613,13.3273605329,0.0216864086688,4.97103239646,0.6650390625
182.870117188,182.637695312,174.314453125,40.7173676567,43.8737600537,48.6091991729,73.6650112055,-1.30316400619,4.46281461745,0.0238871388137,4.79202394202,0.3564453125
123.022460938,104.544921875,53.9619140625,40.2715451289,29.1357265252,19.5226609777,44.6761164181,0.424713407092,30.6548079076,0.0112940873951,4.67012986224,0.5009765625
122.247070312,118.248046875,121.633789062,47.467407519,50.2568500082,52.3375991806,49.6819256334,3.33948045748,-0.841308313548,0.0108679942787,5.02052712351,0.666015625
175.05078125,170.708984375,164.384765625,42.1654729461,50.9178382044,57.02648441,69.5409814548,0.846432329627,4.22525440862,0.0303991623223,4.30236815938,0.490234375
94.326171875,89.4345703125,81.0751953125,32.0093226562,25.3255679271,21.43989623,38.0639763047,0.849575535911,5.41707378267,0.0214888323098,4.51360464214,0.5849609375
136.2890625,137.612304688,104.783203125,57.7547045356,62.3496870995,45.4457079834,55.3775055162,-5.81267496581,16.9921744215,0.0460567325354,5.12156712332,0.697265625
109.307617188,116.364257812,100.41796875,28.2503128541,27.6414178419,24.3843153148,47.7390748454,-5.79172973596,7.88297922002,0.0174770466983,4.57347267332,0.7099609375
112.08203125,108.606445312,114.700195312,55.2225355007,63.6924709593,68.0864064991,45.1252508624,3.08395038082,-2.45846403716,0.0205233283341,5.09316021285,0.5478515625
135.630859375,129.711914062,127.888671875,59.2528881222,60.849921158,68.2956957588,53.8186872631,2.66628095543,2.2995703092,0.0869735851884,5.2696290964,0.7939453125
171.505859375,162.807617188,142.366210938,59.7811435314,59.9242449872,57.6741390854,66.2640042984,-0.166299484015,11.8260469001,0.0261917822063,5.18192142449,0.6298828125
122.262695312,121.387695312,99.822265625,63.5999024585,63.343735238,62.7361916171,49.4564671816,-3.14089555078,12.091236209,0.0624354556203,5.20266828595,0.7841796875
128.280273438,125.59765625,98.8134765625,42.9537878669,44.067998708,39.6394563291,51.6716128348,-3.47900972278,14.9787921117,0.0519540198147,4.9713681625,0.7353515625
145.108398438,142.625,127.681640625,46.9328285768,51.1140154764,62.1936728629,58.4780938267,-1.4825675566,8.86729272812,0.0184839889407,4.77122460965,0.4521484375
95.1708984375,112.184570312,92.1064453125,55.6474418631,68.9725950178,61.5592908226,44.1285630874,-9.29439674187,8.8527958881,0.0507877878845,5.08382866313,0.740234375
103.727539062,116.607421875,100.791992188,45.0056526766,48.1272948275,38.1225497975,47.0377430624,-7.5361273625,6.73393062434,0.0407782234251,4.89500573238,0.720703125
97.6572265625,106.436523438,85.96484375,69.5114275573,78.7374362127,51.4145674728,42.0354408695,-6.05851145056,8.85713183259,0.043875630945,5.25290318307,0.7236328125
165.712890625,122.46875,74.982421875,32.0156759371,22.6930304898,17.3131115527,54.5654133761,11.1837575147,32.3008481685,0.0128328492865,4.27770791346,0.33984375
118.322265625,116.727539062,114.58984375,68.5495775506,67.3588293979,64.8877315781,47.8126512344,0.219157035751,1.28116929479,0.0279780551791,5.20783776626,0.5400390625
150.37890625,135.387695312,107.0234375,65.294876393,65.5904007375,72.6701091453,56.1330377023,1.97467022631,17.5758272474,0.0394475348294,5.23097189002,0.6904296875
107.21875,114.747070312,85.61328125,50.5886926132,53.6073278283,53.0281733361,46.1500869347,-7.60542212427,15.038576939,0.0466355495155,5.06222408716,0.6875
231.153320312,221.506835938,213.237304688,32.2849696658,43.5692466098,50.4143895993,88.6053080026,2.21142353615,5.53422656852,0.0283099841326,3.75760928779,0.4482421875
120.540039062,126.453125,54.6982421875,31.990116247,23.5247075483,28.8947402227,51.0854118611,-12.5751886094,36.6969912328,0.0175692085177,4.52197299663,0.400390625
119.821289062,120.143554688,110.994140625,44.3384565187,35.1353673738,49.2389935041,50.0739619773,-1.61976811811,5.64774896888,0.0294059347361,5.00678847597,0.73828125
102.052734375,46.2490234375,60.5673828125,45.0347863846,42.9855705602,41.9461307087,27.9556935605,24.9707450726,5.22424236414,0.0186702609062,4.49897906209,0.4091796875
131.342773438,122.2109375,108.88671875,49.7902111218,46.6640925833,54.2683298111,51.230621425,1.6686496734,8.89687394943,0.0334923304617,4.92343559367,0.63671875
133.11328125,112.818359375,42.1376953125,46.8212281101,42.6824463384,20.308883932,48.1044862656,-0.203309445425,40.1258273571,0.0436629541218,4.71095069737,0.7333984375
135.040039062,121.819335938,94.3310546875,39.5390599795,42.4804593997,42.2519735632,51.3045928772,1.09291961222,17.2461881548,0.0131170442328,4.9399597708,0.53125
79.53515625,71.4091796875,56.4189453125,90.6395286542,87.3822061681,77.5927952044,28.7798602187,1.01043856475,9.19462137079,0.035447884351,4.59793079353,0.5078125
75.4619140625,90.62890625,107.869140625,39.0201835123,38.3023409295,57.9805030609,38.2135361843,3.19241727545,-10.2242193341,0.038414362818,4.80532508937,0.759765625
200.299804688,188.817382812,165.94921875,55.7429837229,63.612971992,81.6009569262,76.2898575864,1.10407729042,13.8688608699,0.082912132144,4.63585518288,0.67578125
109.452148438,101.788085938,75.6650390625,35.924585387,33.7947766433,30.5747692078,42.7458255274,-1.4039400607,15.8952041216,0.022557746619,4.81084791322,0.6494140625
81.60546875,32.296875,3.7802734375,21.7056527365,21.1782739407,9.59082617923,19.2982284723,21.2264489728,26.1038166384,0.0033943024464,3.84409385582,0.2197265625
116.052734375,123.37890625,102.204101562,57.3719289785,60.7511653082,43.2566643029,49.5456960863,-6.20048032977,9.97221262936,0.0265495963395,4.94285778184,0.5146484375
85.91015625,126.998046875,137.7421875,47.4554451233,37.5656456162,37.1048179768,50.6259542276,-9.48470315991,-9.84026532926,0.0582015961409,4.58258120517,0.4404296875
127.483398438,116.538085938,96.9404296875,45.6007182579,47.3362361472,49.3540636606,48.9594091004,1.1948964356,12.6633246841,0.0573188811541,5.08836681607,0.76171875
116.009765625,109.310546875,106.20703125,31.2793909029,29.1861490268,26.443337664,46.4590447228,2.13380753817,2.6778701212,0.0241339318454,4.51416443972,0.6572265625
144.6796875,132.91796875,117.333007812,49.2728069961,52.9835350805,59.1995882945,55.4845513155,2.37408248954,10.4460968043,0.0384301915765,5.21147962241,0.8125
42.6591796875,134.795898438,219.176757812,20.2161187843,34.8682837223,63.9955824803,54.8397135626,4.2095969251,-49.4699519922,0.0185648314655,4.09911452689,0.2900390625
153.46484375,147.873046875,129.864257812,58.1255270001,67.4103100314,77.0678357074,60.2935272379,-0.0678883847302,10.9903819408,0.0363759920001,5.04322442317,0.580078125
118.321289062,105.614257812,66.9560546875,37.5937278665,31.6135205178,24.9736388843,44.6708920058,-0.807955787909,23.3278608715,0.0267687253654,4.65439239116,0.64453125
80.7939453125,72.5263671875,58.6806640625,42.627537526,46.6356523531,45.0431062761,30.3990823374,1.49032895476,9.49986918588,0.0326085984707,4.81379893346,0.6220703125
111.047851562,106.791992188,104.5234375,52.6273256545,55.7891249198,58.4082767631,44.4515574126,1.45075588002,2.13933805195,0.0182439312339,5.15167917887,0.6201171875
195.591796875,193.379882812,183.381835938,56.045438554,56.5266221294,64.5528921196,77.514144584,-0.872803584355,5.58367210389,0.0348810628057,4.76094656417,0.5849609375
86.724609375,97.240234375,88.1767578125,55.1817163221,50.52889124,45.9311964939,39.3018401857,-5.53970066728,3.43164375012,0.0328520126641,4.59090453543,0.4521484375
144.717773438,145.309570312,147.1171875,98.659102927,98.038381685,98.8849055637,58.1104338649,0.117528441503,-1.00367381642,0.089911006391,4.19235824662,0.5556640625
155.043945312,159.497070312,163.078125,80.6495179682,85.2840038902,89.1343446517,63.652634276,-0.703726900281,-2.12648052866,0.0408303812146,4.73553275222,0.509765625
139.046875,138.8984375,127.180664062,46.2196664674,45.0358953787,46.4233825398,57.0283068926,-1.92923127981,6.45390321496,0.0195255577564,5.03060638267,0.646484375
93.8544921875,88.80859375,86.353515625,54.1638800105,51.2788074942,50.1385972376,37.2695780457,2.18454068092,2.2022832416,0.0367862097919,5.06530369621,0.705078125
101.352539062,112.946289062,77.2314453125,38.1829699313,62.0302191814,47.2861979758,45.4633783332,-8.74154304551,19.2763528688,0.0328581593931,5.03825702839,0.7041015625
115.400390625,111.067382812,54.6796875,15.6369903945,14.6770691214,15.2199029819,46.0538538937,-6.64015853511,31.6081674237,0.00716900546104,3.8643461496,0.23046875
127.649414062,136.67578125,120.12890625,45.1035823875,54.0686445151,40.788744335,55.2218454906,-5.93276653225,7.51542489573,0.0389572232962,5.06874405148,0.66796875
88.8505859375,71.4892578125,61.0068359375,86.6396099447,75.4764675262,71.5007986744,30.715574823,5.89535545681,9.35155851921,0.0459383055568,4.66745837133,0.4951171875
125.60546875,133.045898438,59.9189453125,54.3736405126,46.7660905921,34.4389217104,53.1053824674,-13.4202300581,37.3260006316,0.0398148596287,5.05272069523,0.73828125
98.59765625,121.70703125,73.587890625,29.8428539521,36.4964160989,21.7425025207,47.9868934361,-16.8772686667,23.5478480897,0.0291077457368,4.35168586347,0.3935546875
88.423828125,65.3564453125,53.001953125,50.4864042129,53.0487955052,49.2701417817,29.218982952,8.48234142286,11.5216198356,0.0286427214742,4.87244789324,0.5400390625
144.291992188,136.99609375,123.15625,37.5225413285,44.6062415096,52.5433321917,56.9671159474,0.817123843373,8.87822961,0.0276697520167,5.04941495682,0.6904296875
145.259765625,113.517578125,99.1865234375,71.8422948848,65.4442427549,68.9742746288,49.8081568824,10.8836537997,13.5913246068,0.0374136045575,5.13876414132,0.6484375
153.624023438,130.064453125,104.330078125,54.1002961181,57.0390469507,63.0287356464,55.2591524692,5.78915400117,17.7553210266,0.0316602922976,5.16900810753,0.63671875
155.379882812,162.23828125,174.620117188,61.8529255572,63.2064438975,64.8630259421,66.2426282582,2.04715993486,-6.49224015741,0.0355925261974,5.16117834449,0.759765625
104.745117188,85.259765625,94.4296875,34.4279205651,27.5567401568,31.5993741517,38.1894920061,9.73181038844,-2.17722794153,0.0200028494,4.50790439311,0.4443359375
64.7197265625,128.836914062,173.655273438,41.9962861258,23.9365976627,53.9868266585,52.3963062522,-1.62109473693,-27.9118845949,0.0252827107906,3.96030701031,0.28515625
113.086914062,106.73828125,104.587890625,74.0039804715,77.531217625,79.3873273513,43.824208106,2.43347995207,2.39991702756,0.0467855930328,4.92225703116,0.61328125
153.299804688,144.799804688,125.5703125,40.5116804139,48.6685613836,61.0888580003,59.9845601878,0.689937439563,11.9338338649,0.0164943542331,4.87498848524,0.5478515625
138.696289062,99.0244140625,113.307617188,79.1343827492,75.620792688,71.1531558162,46.0093902089,17.6256464069,0.0841597368688,0.0426941514015,5.28551450018,0.7060546875
91.892578125,81.955078125,68.7626953125,58.9463655149,51.9362019768,48.3929163261,34.3499216569,1.91471815255,8.92309923932,0.0179493166506,4.94297587684,0.5458984375
109.385742188,114.322265625,100.069335938,59.8970685439,55.3709229977,49.835060735,47.1401117748,-2.57003928194,6.82121820106,0.017204394564,5.011302345,0.630859375
92.849609375,87.0927734375,63.697265625,59.8200168331,55.4351234916,50.1796786436,35.6820140685,-1.73645115771,13.8102733635,0.0237506404519,4.90832862015,0.54296875
134.712890625,122.505859375,120.44921875,45.5788249844,47.4985399122,42.928780949,51.9152915101,4.5218659293,2.76197900239,0.0247688163072,4.97619709891,0.72265625
103.030273438,99.990234375,75.9072265625,29.878956026,28.3496566052,30.6572563947,41.8887880601,-2.27479992738,13.6628510531,0.0343619212508,4.5642949624,0.6474609375
123.509765625,108.052734375,82.2734375,55.9195842673,52.0615166506,44.6944863147,45.5101763433,2.02867607294,16.3094194534,0.0249558221549,5.00222102607,0.7041015625
90.51953125,61.3466796875,46.7509765625,30.5271653066,26.7869547729,23.388981009,28.6165753429,10.9520850187,14.1215386897,0.0115747740492,4.55367004871,0.396484375
109.954101562,105.729492188,82.611328125,44.0612238598,44.9888014423,60.3429595089,43.9306361926,-1.17126468483,13.2790741754,0.0112097542733,4.59508262583,0.4150390625
157.743164062,141.578125,129.112304688,26.4071829005,26.5867490418,28.1724960927,59.7604571369,4.07597437713,8.96457517547,0.0130134932697,3.76663238992,0.2451171875
146.092773438,153.740234375,139.538085938,42.965649735,32.1950067451,47.270214288,62.4367463524,-5.30821178932,6.99803615368,0.0180056840181,4.88077811184,0.40625
164.463867188,141.615234375,123.315429688,28.4786903455,29.7633636336,27.6758778551,60.2451829134,5.74929996485,12.975075896,0.0239552482963,4.52630514487,0.3603515625
99.8291015625,141.6640625,186.912109375,57.8098571421,42.9601063749,45.5235396895,57.7953380953,1.54639191972,-27.2812897856,0.0181830339134,4.28386661996,0.451171875
121.302734375,129.530273438,102.915039062,62.8799711655,52.7515463851,63.8706701719,52.1879809949,-8.10183197753,13.8334343307,0.0491666793823,5.27955795928,0.7685546875
91.447265625,123.545898438,67.482421875,62.6800621237,63.0149554636,49.9255273859,49.2263911595,-19.9392582178,29.2331888341,0.0227180439979,4.93381979859,0.7099609375
181.545898438,170.49609375,150.124023438,62.2612615533,71.6642152707,60.2809604145,69.2173988748,1.08467034018,11.8677053318,0.045074917376,4.20297717981,0.53515625
118.94921875,126.177734375,78.24609375,50.8819420879,41.1734333475,40.8468220963,50.9998551718,-10.5349225918,25.0894106761,0.0799692124128,5.02245743456,0.869140625
148.073242188,137.758789062,123.33203125,85.288959131,85.9908097203,85.9223004137,55.9048256723,1.80089522141,9.29999700194,0.0362079627812,5.29793348525,0.689453125
112.293945312,101.779296875,90.689453125,61.9589276323,54.3871764482,50.1557266921,42.9251458655,3.09813710658,7.69482885525,0.0416871532798,5.18000026334,0.64453125
117.768554688,123.55078125,77.673828125,25.2938617233,17.9660421703,14.9773611255,50.3877521861,-9.87216984473,24.476725102,0.00772560061887,4.16365944014,0.2958984375
129.663085938,123.1875,111.892578125,61.8848695147,58.5488578027,55.2957264786,50.8610697365,0.873290104302,6.84090029382,0.0327093675733,4.96327131136,0.62890625
157.645507812,131.270507812,120.12109375,46.1986234844,42.3317218772,38.4688005734,56.5896616172,8.63561215827,9.82051197993,0.0687326192856,4.8791050938,0.7890625
124.071289062,125.171875,126.958007812,44.006300551,53.3071303531,57.0312859104,51.7397878291,0.281608902632,-0.823024788103,0.0278053544462,4.84303643357,0.5810546875
110.224609375,107.211914062,81.890625,68.7759066235,69.4648279275,69.6995627873,43.7220224898,-2.45651426764,14.4613051367,0.03955020383,5.16855837864,0.7412109375
114.346679688,159.439453125,113.828125,39.8032260675,24.6446670768,44.1090152306,61.6854160748,-23.3743997923,19.1002031104,0.0257920287549,4.76130472903,0.5634765625
108.008789062,116.76953125,121.442382812,35.1158367843,26.5312612149,27.8596265164,48.5227189951,-1.20878625909,-3.74506714882,0.0256446320564,4.46213971705,0.341796875
93.17578125,87.330078125,106.391601562,44.7673059171,34.5991616363,33.8534578611,38.0736854129,7.56116398322,-9.97679666135,0.0254116132855,4.6785114798,0.484375
139.784179688,112.430664062,101.41015625,45.0148988326,38.988443264,36.4107928278,49.2933571839,9.32485699228,10.1384773462,0.0243517365307,4.89260284696,0.66015625
123.331054688,100.337890625,86.580078125,60.027327537,59.6738620696,61.3057577332,43.4887113117,7.62522980753,11.7273480181,0.0409397669137,5.07006968053,0.7041015625
110.443359375,78.2578125,35.26171875,37.6718291793,25.9704974123,36.1478606756,36.1446687738,10.7007729391,27.2287391271,0.00795971695334,4.33640523381,0.3330078125
133.11328125,152.14453125,105.904296875,38.8879708488,25.465751537,22.5424214047,60.4432642562,-14.8154616506,22.3999510697,0.0237641409039,4.59133082307,0.66796875
197.791992188,187.696289062,179.905273438,47.5643960522,51.8687359348,55.0015608046,76.2639836554,2.36261116457,5.38803132105,0.0363823771477,4.72980179393,0.5634765625
209.779296875,153.73828125,99.041015625,30.1304799394,39.0145938662,51.4069080253,67.8061317097,15.7727220469,36.9330909173,0.0113059487194,4.85664359414,0.63671875
45.4375,91.056640625,138.474609375,43.0595971445,27.72371212,23.3264732721,37.8561086747,2.77288845875,-30.5508413802,0.0148229897022,4.10735974881,0.185546875
134.625,139.677734375,143.609375,71.4450455333,70.1050526745,68.956166373,56.5973655784,-0.780238943899,-2.8147684464,0.0616990700364,5.21547147282,0.7412109375
130.461914062,123.911132812,117.779296875,45.8686400846,54.0598167062,59.8891074936,51.7086357745,2.04025128686,4.79837157294,0.0331881046295,4.94365258431,0.5634765625
168.732421875,140.486328125,118.59765625,89.4229148419,73.3975277425,63.6368192176,59.0856767034,7.57373198316,15.1829143005,0.0606799423695,4.75854851622,0.5625
136.235351562,116.720703125,121.23046875,60.7015808223,61.6906670373,58.9385737688,50.8778551408,9.01091402553,1.24028171213,0.081285238266,4.96893181264,0.861328125
82.8681640625,71.15625,74.72265625,50.993615583,48.5222947307,40.8301937427,30.4221852809,6.166214099,-0.846358981235,0.0319468267262,4.5103910861,0.6005859375
112.43359375,111.89453125,109.24609375,76.2651079063,76.8398713525,78.486525916,45.2650897861,-0.173329321083,1.72283443716,0.0551994368434,5.17967331404,0.7138671875
109.577148438,103.6875,102.4296875,73.6128485388,70.0946764874,67.4752481926,43.0852625562,2.05308812039,1.40113235622,0.0293182712048,5.04196846603,0.6416015625
160.310546875,150.049804688,131.352539062,61.4203883699,61.8361972709,64.5611820216,61.5280741002,0.777035978519,11.4090755258,0.010906431824,4.75809095976,0.453125
104.283203125,121.716796875,70.8466796875,36.1948377585,22.7167913335,28.3226894039,48.8214044339,-14.9503413807,25.9478806703,0.0232630521059,4.51318934689,0.5126953125
105.817382812,102.412109375,77.345703125,56.5990459507,53.8042067673,45.0594184658,42.1145084611,-2.99514368997,14.3217950956,0.0427009612322,4.98568487771,0.6748046875
91.970703125,87.6083984375,67.169921875,45.9868476558,43.6205223321,47.1984096825,37.36028434,1.30996717124,12.9284127482,0.0259029455483,4.78866484913,0.607421875
129.130859375,114.32421875,74.2451171875,47.4939805483,42.8225622228,36.8454526163,48.1269214837,-0.137415722225,24.1729517204,0.0813920497894,4.99420824171,0.865234375
148.948242188,158.66796875,144.71875,82.9501230081,80.9370240658,84.3943901331,62.6515976483,-6.21563695343,6.44219067825,0.0351506881416,4.51109823045,0.5576171875
131.377929688,141.998046875,149.127929688,56.5705514056,61.9084505232,68.3593463658,57.4424597288,-1.76057916178,-4.70696084894,0.0478815846145,5.17276018469,0.6611328125
46.1689453125,48.9599609375,26.4501953125,32.9344426425,25.9976966828,15.6323563921,19.1685903587,-5.33510656619,13.3908384404,0.0163308829069,4.2284492784,0.2724609375
215.592773438,209.212890625,202.900390625,51.3121496879,58.956945939,66.0882299693,83.6888835338,1.37068978332,4.26949078817,0.0341355502605,3.39886516672,0.4765625
126.446289062,126.522460938,88.4326171875,65.7770785932,64.4896391524,58.6023022974,51.0555594535,-5.82230601005,20.3871003428,0.0594634488225,5.3068644071,0.76953125
85.3388671875,84.4384765625,73.890625,18.9505270037,22.3119774979,13.3960753202,35.5246120604,-1.56060510893,6.12466809299,0.00644473778084,4.12821126664,0.208984375
94.0966796875,82.5576171875,77.30078125,41.8693726246,37.5392841186,35.4281755724,35.5021152276,3.81812763477,4.75068197904,0.0619935393333,4.92195519233,0.72265625
133.456054688,111.326171875,61.6923828125,27.9032582114,23.2062142008,19.6358971683,47.8902825822,2.04814817271,30.5999534297,0.0215171836317,4.47460198927,0.552734375
59.3310546875,41.39453125,38.337890625,56.1871938644,43.6212906886,41.0319650766,18.5149471701,7.09847793315,4.72622731616,0.0236963406205,4.62020048935,0.5869140625
65.349609375,73.6875,76.36328125,59.0674505187,58.4883635596,60.9213509,29.4378215607,-2.58915949218,-2.5530572268,0.0216801837087,5.02330394907,0.572265625
87.6630859375,66.3798828125,49.095703125,56.5836007314,44.2662534767,32.1368324071,29.2355784378,6.67773371724,13.2648069464,0.0343267396092,4.95628150644,0.7158203125
80.4453125,86.845703125,79.2607421875,53.0024960488,45.835107198,49.4353999814,35.4587277035,-4.16885964284,3.86418709421,0.0224862955511,4.59796411001,0.39453125
112.56640625,91.044921875,78.1552734375,32.2577129278,35.7256245243,40.4918528592,40.1306517195,7.19327392965,11.1109440546,0.00962007790804,4.74903440281,0.4453125
69.0849609375,85.4990234375,57.4013671875,23.1967554052,21.2281137067,19.2757548411,34.1633805826,-12.0951024623,14.3188885217,0.0163961239159,4.24604882074,0.3603515625
93.783203125,81.546875,71.6064453125,62.9388954591,59.5758260768,58.7025439772,34.3594652604,3.4807087819,7.65589792714,0.0493401288986,5.11955568933,0.6865234375
118.154296875,118.463867188,106.759765625,69.4860992527,67.1212803256,59.4924898617,48.4283424769,-2.05184824251,6.22334334148,0.0837579593062,5.19280105267,0.7822265625
113.654296875,113.970703125,82.806640625,20.0336050949,18.9714300283,17.5729982758,47.156728905,-5.57950805766,17.3154860298,0.0139475986362,4.05096597066,0.37890625
129.435546875,122.807617188,103.124023438,24.8045434758,22.8014335441,22.817919926,51.482625866,-0.879993016583,11.6942506851,0.0214981622994,4.45028985563,0.50390625
98.466796875,99.8642578125,86.5615234375,70.5124578358,73.19717413,71.3603731457,40.1957576872,-2.70456439748,7.35368689838,0.0302971675992,4.9763877667,0.576171875
197.359375,149.272460938,139.065429688,30.8360038082,52.9901135329,48.4261944085,66.27037831,17.1930493462,13.6253083239,0.0170309916139,4.98085246468,0.640625
106.022460938,130.395507812,140.1328125,15.7490228925,25.7965829279,40.4565973247,53.0421043522,-5.24157525474,-7.48208914063,0.0100369639695,4.15127342827,0.2763671875
162.923828125,158.201171875,116.209960938,61.886079016,62.1586503322,53.4391251434,63.7424309832,-4.75123625719,22.5693037139,0.0777135640383,5.21055663089,0.8310546875
123.649414062,91.671875,65.1513671875,41.480830706,42.7642263198,36.1924049203,41.118034662,9.95291648027,20.4174238336,0.0763283371925,4.9294527531,0.8251953125
115.7734375,113.321289062,82.1044921875,54.0559555062,51.5558830593,64.8189773413,46.52406916,-4.08862506104,18.0809387044,0.0384800173342,5.05737598718,0.6298828125
144.258789062,100.791015625,73.2314453125,67.2146923236,69.9569571721,68.6259971713,45.9079880247,15.7675929452,22.9788406737,0.0149629712105,5.05773768804,0.5556640625
140.030273438,124.362304688,113.326171875,38.752268854,40.3973499595,41.9304793233,52.9199967202,4.45913998786,8.27107594292,0.0205631293356,4.81806356991,0.6181640625
96.8916015625,131.740234375,139.420898438,69.8338357601,49.8984212545,47.1386501365,52.81184691,-7.26115120496,-7.2125369989,0.032942302525,5.1283522235,0.697265625
129.998046875,148.762695312,165.184570312,30.3586632394,56.3818362589,88.7697497623,60.2603005961,-1.25144306876,-9.05967997291,0.0039121392183,3.9141791515,0.2294921875
167.725585938,172.314453125,176.955078125,76.4793546593,78.7098654306,82.5681887565,68.7350600409,-0.612182817431,-2.76513993138,0.0442492328584,4.70052291177,0.4970703125
54.8369140625,41.1357421875,44.859375,45.8033091549,41.1755736222,39.7186608722,17.9239665254,6.62069977663,-0.0101328673053,0.020348707214,4.61692793383,0.4033203125
155.604492188,118.10546875,92.55859375,34.3332533342,31.5252039758,26.054976514,52.4484474001,11.241296785,19.7447253293,0.0114371143281,4.67659157828,0.3984375
172.176757812,161.294921875,152.580078125,72.1287437208,78.1055159053,79.0185242917,65.6641803221,2.8891170753,6.31388201157,0.0768369883299,5.1354875183,0.759765625
151.887695312,112.779296875,92.732421875,51.476425173,47.4275570226,40.7525723353,50.4205949752,12.9231249815,17.4152976859,0.0370748899877,4.8783448627,0.650390625
194.85546875,181.564453125,162.170898438,30.2152533101,33.7857990995,29.874102575,74.2851550574,1.61795653427,11.5792889998,0.0176831725985,4.49307741533,0.345703125
90.0234375,106.530273438,81.451171875,45.5743665692,40.9642214975,38.1154388446,42.5881656293,-11.2978919271,12.1522654529,0.0322762466967,4.91039720799,0.7509765625
45.166015625,43.7822265625,46.880859375,54.1863986457,53.8063697557,55.1716910472,18.0763126755,1.22892431809,-1.17551970686,0.0180917531252,4.36714085523,0.439453125
110.064453125,90.6142578125,98.966796875,48.6038046882,47.6124351026,51.6593869198,39.8137441808,9.76588607592,-1.57539844671,0.0104943607002,4.93175427867,0.4775390625
107.608398438,128.219726562,67.8564453125,23.4791290251,26.8732477903,12.6146266736,50.6592591995,-17.8204073498,30.0274415887,0.00973979290575,4.31581199381,0.5234375
112.069335938,125.211914062,118.591796875,55.7910974952,52.8132675115,65.2009766383,50.4758721267,-6.21880414319,2.51350056319,0.026501391083,5.20907845473,0.6435546875
127.819335938,148.276367188,165.567382812,32.0527150205,26.2148348553,21.2379412151,60.3165290305,-3.01664912114,-11.5145264021,0.012385038659,4.13436572984,0.3017578125
153.689453125,149.170898438,139.7265625,39.3249836858,42.103331463,48.2171746897,61.4918773441,0.0823961641884,5.83786425674,0.0215235464275,4.92941979384,0.4931640625
141.104492188,103.287109375,54.83984375,44.7044091625,32.9274710456,26.4946142518,46.4727685382,9.85875954974,32.0803532219,0.0311787873507,4.61240834436,0.5048828125
197.248046875,196.296875,196.290039062,49.4545936403,49.6664042285,52.9663703226,78.8355755969,0.41172856926,0.214141195009,0.0373250432312,4.51237873225,0.443359375
123.745117188,128.731445312,102.600585938,61.6043994122,77.1727032089,61.1659151762,51.6570984421,-5.35347306201,13.4627805838,0.0755403339863,5.13218721288,0.7255859375
146.694335938,147.9765625,147.990234375,68.9675629085,70.864661376,68.4531510524,59.96729283,-0.352721929246,-0.271671651505,0.00988643243909,4.91274282196,0.4658203125
140.145507812,117.798828125,90.783203125,65.818548803,66.9424787962,60.9522407739,49.7831098359,5.06243532136,18.1783368301,0.0455286502838,5.23320673447,0.7060546875
171.858398438,168.610351562,176.56640625,61.8566613273,59.9247536815,56.7460719694,68.821972787,2.9013961591,-3.82565950743,0.0292035639286,5.00457600861,0.5205078125
91.056640625,99.8173828125,77.86328125,43.0363072877,48.283291326,40.6077710987,40.3726054371,-7.14801969159,11.112263796,0.0541147440672,4.92380665601,0.6240234375
129.908203125,116.692382812,111.154296875,31.1800055357,34.1550934815,25.9576281293,49.835987295,4.33803684573,4.75632554847,0.0159901883453,4.49769951976,0.435546875
133.799804688,109.844726562,84.453125,21.0527137865,17.9124474311,17.6868857557,48.0214372246,5.80832404989,17.7825116267,0.0171972252429,4.08026006242,0.3984375
106.318359375,124.2890625,88.0556640625,43.9997360482,48.790032016,31.5292805869,49.1348833898,-13.0588138163,17.1251914926,0.0143390130252,4.76491674953,0.556640625
162.305664062,151.091796875,141.0234375,52.7181046859,55.1511007785,56.1647047536,62.5663073683,2.5940271741,6.94866446398,0.0249232761562,5.02246009173,0.5830078125
96.8515625,82.98828125,80.4853515625,73.8541996779,63.0300326743,52.1126313663,35.3848248607,6.28606121056,2.88647354264,0.0559409856796,4.92191134824,0.69921875
137.110351562,104.387695312,97.2919921875,60.2735830586,70.3798225268,67.3296439282,46.6953228475,12.8613173067,10.4564789566,0.0447832643986,5.24033959315,0.650390625
131.137695312,120.858398438,113.329101562,70.1375572603,67.2681526657,69.7823072354,50.7638607267,4.56733776998,6.20148287513,0.0277271009982,5.22781878529,0.63671875
148.456054688,156.776367188,149.921875,49.113309901,56.3684671596,72.9333074389,63.1706845231,-3.14217998619,3.18497761986,0.0318266302347,4.99494860226,0.521484375
144.012695312,93.6005859375,61.06640625,43.5687185635,37.915634654,32.1694349241,44.1644149973,17.2835997692,26.9623393031,0.0296732801944,4.78907133615,0.564453125
207.005859375,192.922851562,179.853515625,49.127126672,61.9385477434,72.2108730244,78.3019886507,3.44591561852,9.03673465962,0.0298164654523,4.35709829414,0.5185546875
157.155273438,181.844726562,91.6455078125,30.6931052595,33.4921036566,43.8217750451,70.3296482148,-22.0863891575,42.3426488077,0.0196315124631,4.20331010259,0.4150390625
125.770507812,108.98046875,65.529296875,43.7740455053,41.762203603,36.0085048696,46.2149215268,0.704650974475,26.4216649291,0.0388818159699,4.81512394355,0.6767578125
139.6796875,116.47265625,105.786132812,31.6323937982,29.287556591,29.3390432042,50.7408644831,7.54835408244,9.42605962445,0.00826215185225,4.61838272489,0.3837890625
149.755859375,142.209960938,128.498046875,48.5093113328,59.02986746,57.5807686477,58.6552159007,1.07691039179,8.75397783983,0.0261705312878,5.05802188818,0.6181640625
118.999023438,114.64453125,87.67578125,48.7803491171,38.6996978117,29.6868151134,47.7350899276,-2.70980326104,15.557380991,0.0336647182703,4.86060508706,0.765625
89.5244140625,84.4228515625,77.150390625,54.7205559886,53.9899251423,53.7911256171,35.0503917016,0.845841642384,5.08115610533,0.0518892779946,5.01254063027,0.5400390625
149.48046875,144.517578125,138.037109375,88.7161665779,88.5483717757,87.821210588,58.1272344209,0.788881543904,4.19147517943,0.0463620647788,5.10060447296,0.5400390625
129.254882812,159.837890625,180.142578125,23.9681281615,40.4902222216,59.1728729253,64.0111186318,-4.86147746038,-13.2158355711,0.0493126958609,4.74309211061,0.671875
115.922851562,110.404296875,115.237304688,72.1275786562,74.4771529374,79.7337815048,45.419471391,3.30657953556,-1.58302225026,0.022125845775,4.89606433138,0.412109375
105.810546875,100.366210938,69.392578125,38.8303255927,31.090462623,22.0673725054,41.9660422444,-3.13195704483,18.2622717319,0.0280675645918,4.71124454169,0.63671875
105.212890625,106.650390625,111.405273438,43.8081710353,43.823986991,41.1576002474,44.5230001082,0.738351386146,-2.96101723463,0.0326254218817,4.90793481296,0.61328125
116.087890625,101.822265625,57.8203125,51.0824250622,38.1223059031,31.3714038262,43.1560021187,-0.560960038963,26.5012202996,0.0446044318378,4.94974139697,0.7919921875
98.9072265625,112.793945312,88.59375,70.9564414863,74.8640794576,52.0892132098,44.2299465339,-8.83969741503,10.6194104528,0.0425709709525,5.18030061432,0.66796875
140.434570312,131.444335938,97.0654296875,54.9090833807,46.2272835592,51.0314568295,54.6781142599,-1.88763561355,20.2265705122,0.0416251346469,4.98029738289,0.712890625
113.248046875,121.862304688,122.271484375,84.8704953017,82.8566249482,87.9209435337,48.3758145797,-3.41208229852,-1.02988156916,0.0283583179116,4.91116028034,0.421875
58.0810546875,53.9501953125,56.81640625,43.3136078554,35.5323969137,35.9454269026,22.9633702962,3.2409869157,-1.09835142162,0.0133179780096,4.69540552899,0.4814453125
186.844726562,184.380859375,175.380859375,48.2341529142,43.6962333103,45.3156837766,74.6032783924,-0.49254357636,5.04644067662,0.0296735409647,4.98636919426,0.6337890625
65.7080078125,67.6396484375,41.69921875,35.6478229297,27.3991052238,21.7509284863,27.556681038,-5.66309709998,15.3634112142,0.0152002386749,4.60242601885,0.5615234375
152.90234375,124.08984375,92.6123046875,59.3456854803,60.9250286467,54.6602886315,53.1202849959,7.27828501052,21.4789262963,0.0183391328901,4.25828919551,0.306640625
104.6953125,112.234375,90.5205078125,47.8850036209,40.5975357886,63.9215795286,45.7481457089,-6.88015237547,11.7703236743,0.0162318143994,5.03382065778,0.51171875
155.591796875,143.465820312,134.837890625,40.1598778893,35.7188840181,40.6050322303,60.1640883603,3.36677572089,6.39747816497,0.0178574528545,4.83829030271,0.552734375
184.814453125,160.73046875,132.693359375,28.385473461,41.9222635485,75.6707745948,68.0182802579,7.59953875782,18.8745127546,0.0251456797123,4.45051666065,0.5390625
110.956054688,90.017578125,80.287109375,77.1897837621,79.5624244132,75.0621070312,38.3226579485,7.19455592451,8.53031344487,0.0361206382513,4.94244422316,0.5615234375
131.7734375,122.6171875,120.115234375,57.3999081069,60.3096496857,62.235333381,51.063970958,3.33014670339,2.86357332058,0.0172361154109,4.96869397744,0.494140625
117.403320312,94.240234375,76.6337890625,52.0850456577,48.6340257363,52.8300236358,41.2207456887,7.3900814491,13.9366369045,0.0416602306068,5.07398019534,0.568359375
158.916015625,156.85546875,183.77734375,47.6684592695,44.4114354091,50.7400047344,65.4472055197,7.21332003243,-13.2168340765,0.00870320759714,5.00779881208,0.6884765625
82.2802734375,75.16796875,70.83984375,38.4955933142,39.4298366833,42.8743819923,32.0748794509,2.61769749124,3.80571716795,0.00900512747467,4.80833032264,0.3310546875
110.068359375,111.252929688,66.87109375,30.5027729087,29.6727840371,25.286000488,45.6497999508,-7.16532733933,23.8304601849,0.0154223926365,4.32828136706,0.2724609375
103.732421875,118.392578125,88.5234375,32.2349571808,30.3463114199,31.2582088828,47.7436707639,-10.544210974,13.9686347682,0.00650379480794,4.56895579194,0.4794921875
113.4375,95.6220703125,67.9560546875,74.0268769814,67.9411132118,55.0196788522,40.1153244884,3.06132543022,18.0214733637,0.0182913728058,5.01054194521,0.55859375
140.728515625,128.971679688,127.513671875,33.7398209092,37.641298623,60.6368690749,54.8556235847,5.6353156116,3.33815560992,0.0277756229043,4.71223404322,0.5478515625
89.4404296875,81.82421875,58.5478515625,47.3268262471,47.1408954394,51.7461092219,34.2094231349,-0.0341042974691,14.2562433736,0.0295613855124,4.92748561587,0.5400390625
78.1123046875,62.783203125,51.5361328125,39.7305878917,38.3786117892,34.5472200498,27.2614197082,4.88776916716,9.37802179964,0.0108391512185,4.02683072743,0.2861328125
157.385742188,150.704101562,145.965820312,27.9754117736,31.9029494922,33.8287536563,62.614953005,1.89863958999,3.56475704957,0.0169539507478,4.17029304009,0.4091796875
99.97265625,104.702148438,121.17578125,63.759475662,72.7397984369,76.1288379021,42.8049033258,2.66120238899,-9.92099564428,0.0325427092612,4.76166484947,0.5419921875
27.3095703125,25.8193359375,15.0693359375,42.493644587,35.2723994815,22.5666131368,10.3766196447,-1.12365394847,6.49070252642,0.010839655064,3.33736412648,0.275390625
126.217773438,111.75390625,93.12109375,53.7588331816,47.4988485096,43.2006015806,47.2936344816,2.93768162915,12.1539752867,0.0279291048646,4.91184541814,0.5810546875
113.522460938,119.71875,106.552734375,32.3752938482,33.3373646651,36.0092375348,49.1868646271,-4.67099933571,6.50309601044,0.0159516595304,4.77731386316,0.5009765625
139.131835938,133.798828125,103.534179688,50.7236615974,57.5186498168,46.9815123599,55.2391641789,-2.21070288295,17.5976245875,0.0923063904047,5.1534657163,0.884765625
141.936523438,136.177734375,109.399414062,80.8853528561,83.4782885575,87.7611150793,54.770201391,-1.85471292209,15.565633915,0.0594094134867,5.12949239313,0.6318359375
137.6484375,134.310546875,133.122070312,50.0832065236,50.537745467,48.3895502707,55.5701884762,1.09237610701,1.02391840294,0.0355279333889,4.98531971773,0.6845703125
99.1435546875,103.834960938,61.3544921875,54.6488783038,57.0044638157,46.83225467,41.6388230073,-7.96918213983,22.0082986587,0.0554873012006,5.03850842116,0.7568359375
123.073242188,106.166992188,91.12109375,69.322386488,57.896648593,62.2282607025,44.9023814497,3.86005280663,11.3068103729,0.0260275118053,4.974663586,0.4892578125
192.078125,184.903320312,180.91015625,75.0626675035,81.0457494542,83.9008071697,74.2003888966,2.23548580698,3.28146122054,0.0394729264081,4.04218601586,0.5498046875
129.455078125,121.685546875,108.642578125,63.0013790585,63.4762100651,62.354339511,50.1724790141,0.921190754791,8.35703917628,0.0415493771434,5.11753771316,0.4794921875
121.231445312,87.7783203125,71.8203125,84.7914154168,88.1620416318,78.3206234408,41.3125689922,10.4421847734,18.0274397673,0.0275744460523,4.9614665284,0.609375
94.388671875,94.6669921875,71.5947265625,51.9401070024,47.6687324261,36.3883514415,38.701680621,-4.21471874814,12.8091326142,0.0474324822426,5.00876528534,0.701171875
103.694335938,98.6181640625,101.081054688,60.9860009483,56.8070825778,49.3357861732,41.4857429808,3.57054630013,-0.842228075572,0.0339043922722,5.19948919033,0.759765625
109.875,82.2041015625,63.4599609375,65.4558086851,63.4903439291,57.406380634,37.0822842194,9.06099144101,16.276808282,0.0894979536533,5.11053549834,0.7802734375
157.091796875,142.520507812,144.083007812,87.7930659717,91.1276018219,84.9125351024,58.8537757042,6.06394274081,1.59989610205,0.0537935607135,5.16720800039,0.58984375
